format_version,questionnaire_id,questionnaire_version,title,language,instructions,attribution,item_id,prompt,required,subscale,option_id,option_label,score_value
questionnaire-csv-v1,maia-2-en,1,"Multidimensional Assessment of Interoceptive Awareness",en,Select one response for each item.,"Wording, response descriptions, and numeric response values were supplied by the researcher. Max Planck Institute for Human Brain and Cognitive Sciences, Stephanstrasse 1a, 04103 Leipzig, Germany, Department of Neurology. Where source response descriptions are blank, the interface renders the numeric value. The participant instruction and required-item flags are application authoring defaults and may be edited before packaging. Scoring/subscale interpretation was not supplied and is not inferred.",item-01,When I am tense I notice where the tension is located in my body,true,,o0,Never,0
questionnaire-csv-v1,maia-2-en,1,"Multidimensional Assessment of Interoceptive Awareness",en,Select one response for each item.,"Wording, response descriptions, and numeric response values were supplied by the researcher. Max Planck Institute for Human Brain and Cognitive Sciences, Stephanstrasse 1a, 04103 Leipzig, Germany, Department of Neurology. Where source response descriptions are blank, the interface renders the numeric value. The participant instruction and required-item flags are application authoring defaults and may be edited before packaging. Scoring/subscale interpretation was not supplied and is not inferred.",item-01,When I am tense I notice where the tension is located in my body,true,,o1,1,1
questionnaire-csv-v1,maia-2-en,1,"Multidimensional Assessment of Interoceptive Awareness",en,Select one response for each item.,"Wording, response descriptions, and numeric response values were supplied by the researcher. Max Planck Institute for Human Brain and Cognitive Sciences, Stephanstrasse 1a, 04103 Leipzig, Germany, Department of Neurology. Where source response descriptions are blank, the interface renders the numeric value. The participant instruction and required-item flags are application authoring defaults and may be edited before packaging. Scoring/subscale interpretation was not supplied and is not inferred.",item-01,When I am tense I notice where the tension is located in my body,true,,o2,2,2
questionnaire-csv-v1,maia-2-en,1,"Multidimensional Assessment of Interoceptive Awareness",en,Select one response for each item.,"Wording, response descriptions, and numeric response values were supplied by the researcher. Max Planck Institute for Human Brain and Cognitive Sciences, Stephanstrasse 1a, 04103 Leipzig, Germany, Department of Neurology. Where source response descriptions are blank, the interface renders the numeric value. The participant instruction and required-item flags are application authoring defaults and may be edited before packaging. Scoring/subscale interpretation was not supplied and is not inferred.",item-01,When I am tense I notice where the tension is located in my body,true,,o3,3,3
questionnaire-csv-v1,maia-2-en,1,"Multidimensional Assessment of Interoceptive Awareness",en,Select one response for each item.,"Wording, response descriptions, and numeric response values were supplied by the researcher. Max Planck Institute for Human Brain and Cognitive Sciences, Stephanstrasse 1a, 04103 Leipzig, Germany, Department of Neurology. Where source response descriptions are blank, the interface renders the numeric value. The participant instruction and required-item flags are application authoring defaults and may be edited before packaging. Scoring/subscale interpretation was not supplied and is not inferred.",item-01,When I am tense I notice where the tension is located in my body,true,,o4,4,4
questionnaire-csv-v1,maia-2-en,1,"Multidimensional Assessment of Interoceptive Awareness",en,Select one response for each item.,"Wording, response descriptions, and numeric response values were supplied by the researcher. Max Planck Institute for Human Brain and Cognitive Sciences, Stephanstrasse 1a, 04103 Leipzig, Germany, Department of Neurology. Where source response descriptions are blank, the interface renders the numeric value. The participant instruction and required-item flags are application authoring defaults and may be edited before packaging. Scoring/subscale interpretation was not supplied and is not inferred.",item-01,When I am tense I notice where the tension is located in my body,true,,o5,Always,5
questionnaire-csv-v1,maia-2-en,1,"Multidimensional Assessment of Interoceptive Awareness",en,Select one response for each item.,"Wording, response descriptions, and numeric response values were supplied by the researcher. Max Planck Institute for Human Brain and Cognitive Sciences, Stephanstrasse 1a, 04103 Leipzig, Germany, Department of Neurology. Where source response descriptions are blank, the interface renders the numeric value. The participant instruction and required-item flags are application authoring defaults and may be edited before packaging. Scoring/subscale interpretation was not supplied and is not inferred.",item-02,I notice when I am uncomfortable in my body,true,,o0,Never,0
questionnaire-csv-v1,maia-2-en,1,"Multidimensional Assessment of Interoceptive Awareness",en,Select one response for each item.,"Wording, response descriptions, and numeric response values were supplied by the researcher. Max Planck Institute for Human Brain and Cognitive Sciences, Stephanstrasse 1a, 04103 Leipzig, Germany, Department of Neurology. Where source response descriptions are blank, the interface renders the numeric value. The participant instruction and required-item flags are application authoring defaults and may be edited before packaging. Scoring/subscale interpretation was not supplied and is not inferred.",item-02,I notice when I am uncomfortable in my body,true,,o1,1,1
questionnaire-csv-v1,maia-2-en,1,"Multidimensional Assessment of Interoceptive Awareness",en,Select one response for each item.,"Wording, response descriptions, and numeric response values were supplied by the researcher. Max Planck Institute for Human Brain and Cognitive Sciences, Stephanstrasse 1a, 04103 Leipzig, Germany, Department of Neurology. Where source response descriptions are blank, the interface renders the numeric value. The participant instruction and required-item flags are application authoring defaults and may be edited before packaging. Scoring/subscale interpretation was not supplied and is not inferred.",item-02,I notice when I am uncomfortable in my body,true,,o2,2,2
questionnaire-csv-v1,maia-2-en,1,"Multidimensional Assessment of Interoceptive Awareness",en,Select one response for each item.,"Wording, response descriptions, and numeric response values were supplied by the researcher. Max Planck Institute for Human Brain and Cognitive Sciences, Stephanstrasse 1a, 04103 Leipzig, Germany, Department of Neurology. Where source response descriptions are blank, the interface renders the numeric value. The participant instruction and required-item flags are application authoring defaults and may be edited before packaging. Scoring/subscale interpretation was not supplied and is not inferred.",item-02,I notice when I am uncomfortable in my body,true,,o3,3,3
questionnaire-csv-v1,maia-2-en,1,"Multidimensional Assessment of Interoceptive Awareness",en,Select one response for each item.,"Wording, response descriptions, and numeric response values were supplied by the researcher. Max Planck Institute for Human Brain and Cognitive Sciences, Stephanstrasse 1a, 04103 Leipzig, Germany, Department of Neurology. Where source response descriptions are blank, the interface renders the numeric value. The participant instruction and required-item flags are application authoring defaults and may be edited before packaging. Scoring/subscale interpretation was not supplied and is not inferred.",item-02,I notice when I am uncomfortable in my body,true,,o4,4,4
questionnaire-csv-v1,maia-2-en,1,"Multidimensional Assessment of Interoceptive Awareness",en,Select one response for each item.,"Wording, response descriptions, and numeric response values were supplied by the researcher. Max Planck Institute for Human Brain and Cognitive Sciences, Stephanstrasse 1a, 04103 Leipzig, Germany, Department of Neurology. Where source response descriptions are blank, the interface renders the numeric value. The participant instruction and required-item flags are application authoring defaults and may be edited before packaging. Scoring/subscale interpretation was not supplied and is not inferred.",item-02,I notice when I am uncomfortable in my body,true,,o5,Always,5
questionnaire-csv-v1,maia-2-en,1,"Multidimensional Assessment of Interoceptive Awareness",en,Select one response for each item.,"Wording, response descriptions, and numeric response values were supplied by the researcher. Max Planck Institute for Human Brain and Cognitive Sciences, Stephanstrasse 1a, 04103 Leipzig, Germany, Department of Neurology. Where source response descriptions are blank, the interface renders the numeric value. The participant instruction and required-item flags are application authoring defaults and may be edited before packaging. Scoring/subscale interpretation was not supplied and is not inferred.",item-03,I notice where in my body I am comfortable,true,,o0,Never,0
questionnaire-csv-v1,maia-2-en,1,"Multidimensional Assessment of Interoceptive Awareness",en,Select one response for each item.,"Wording, response descriptions, and numeric response values were supplied by the researcher. Max Planck Institute for Human Brain and Cognitive Sciences, Stephanstrasse 1a, 04103 Leipzig, Germany, Department of Neurology. Where source response descriptions are blank, the interface renders the numeric value. The participant instruction and required-item flags are application authoring defaults and may be edited before packaging. Scoring/subscale interpretation was not supplied and is not inferred.",item-03,I notice where in my body I am comfortable,true,,o1,1,1
questionnaire-csv-v1,maia-2-en,1,"Multidimensional Assessment of Interoceptive Awareness",en,Select one response for each item.,"Wording, response descriptions, and numeric response values were supplied by the researcher. Max Planck Institute for Human Brain and Cognitive Sciences, Stephanstrasse 1a, 04103 Leipzig, Germany, Department of Neurology. Where source response descriptions are blank, the interface renders the numeric value. The participant instruction and required-item flags are application authoring defaults and may be edited before packaging. Scoring/subscale interpretation was not supplied and is not inferred.",item-03,I notice where in my body I am comfortable,true,,o2,2,2
questionnaire-csv-v1,maia-2-en,1,"Multidimensional Assessment of Interoceptive Awareness",en,Select one response for each item.,"Wording, response descriptions, and numeric response values were supplied by the researcher. Max Planck Institute for Human Brain and Cognitive Sciences, Stephanstrasse 1a, 04103 Leipzig, Germany, Department of Neurology. Where source response descriptions are blank, the interface renders the numeric value. The participant instruction and required-item flags are application authoring defaults and may be edited before packaging. Scoring/subscale interpretation was not supplied and is not inferred.",item-03,I notice where in my body I am comfortable,true,,o3,3,3
questionnaire-csv-v1,maia-2-en,1,"Multidimensional Assessment of Interoceptive Awareness",en,Select one response for each item.,"Wording, response descriptions, and numeric response values were supplied by the researcher. Max Planck Institute for Human Brain and Cognitive Sciences, Stephanstrasse 1a, 04103 Leipzig, Germany, Department of Neurology. Where source response descriptions are blank, the interface renders the numeric value. The participant instruction and required-item flags are application authoring defaults and may be edited before packaging. Scoring/subscale interpretation was not supplied and is not inferred.",item-03,I notice where in my body I am comfortable,true,,o4,4,4
questionnaire-csv-v1,maia-2-en,1,"Multidimensional Assessment of Interoceptive Awareness",en,Select one response for each item.,"Wording, response descriptions, and numeric response values were supplied by the researcher. Max Planck Institute for Human Brain and Cognitive Sciences, Stephanstrasse 1a, 04103 Leipzig, Germany, Department of Neurology. Where source response descriptions are blank, the interface renders the numeric value. The participant instruction and required-item flags are application authoring defaults and may be edited before packaging. Scoring/subscale interpretation was not supplied and is not inferred.",item-03,I notice where in my body I am comfortable,true,,o5,Always,5
questionnaire-csv-v1,maia-2-en,1,"Multidimensional Assessment of Interoceptive Awareness",en,Select one response for each item.,"Wording, response descriptions, and numeric response values were supplied by the researcher. Max Planck Institute for Human Brain and Cognitive Sciences, Stephanstrasse 1a, 04103 Leipzig, Germany, Department of Neurology. Where source response descriptions are blank, the interface renders the numeric value. The participant instruction and required-item flags are application authoring defaults and may be edited before packaging. Scoring/subscale interpretation was not supplied and is not inferred.",item-04,"I notice changes in my breathing, such as whether it slows down or speeds up",true,,o0,Never,0
questionnaire-csv-v1,maia-2-en,1,"Multidimensional Assessment of Interoceptive Awareness",en,Select one response for each item.,"Wording, response descriptions, and numeric response values were supplied by the researcher. Max Planck Institute for Human Brain and Cognitive Sciences, Stephanstrasse 1a, 04103 Leipzig, Germany, Department of Neurology. Where source response descriptions are blank, the interface renders the numeric value. The participant instruction and required-item flags are application authoring defaults and may be edited before packaging. Scoring/subscale interpretation was not supplied and is not inferred.",item-04,"I notice changes in my breathing, such as whether it slows down or speeds up",true,,o1,1,1
questionnaire-csv-v1,maia-2-en,1,"Multidimensional Assessment of Interoceptive Awareness",en,Select one response for each item.,"Wording, response descriptions, and numeric response values were supplied by the researcher. Max Planck Institute for Human Brain and Cognitive Sciences, Stephanstrasse 1a, 04103 Leipzig, Germany, Department of Neurology. Where source response descriptions are blank, the interface renders the numeric value. The participant instruction and required-item flags are application authoring defaults and may be edited before packaging. Scoring/subscale interpretation was not supplied and is not inferred.",item-04,"I notice changes in my breathing, such as whether it slows down or speeds up",true,,o2,2,2
questionnaire-csv-v1,maia-2-en,1,"Multidimensional Assessment of Interoceptive Awareness",en,Select one response for each item.,"Wording, response descriptions, and numeric response values were supplied by the researcher. Max Planck Institute for Human Brain and Cognitive Sciences, Stephanstrasse 1a, 04103 Leipzig, Germany, Department of Neurology. Where source response descriptions are blank, the interface renders the numeric value. The participant instruction and required-item flags are application authoring defaults and may be edited before packaging. Scoring/subscale interpretation was not supplied and is not inferred.",item-04,"I notice changes in my breathing, such as whether it slows down or speeds up",true,,o3,3,3
questionnaire-csv-v1,maia-2-en,1,"Multidimensional Assessment of Interoceptive Awareness",en,Select one response for each item.,"Wording, response descriptions, and numeric response values were supplied by the researcher. Max Planck Institute for Human Brain and Cognitive Sciences, Stephanstrasse 1a, 04103 Leipzig, Germany, Department of Neurology. Where source response descriptions are blank, the interface renders the numeric value. The participant instruction and required-item flags are application authoring defaults and may be edited before packaging. Scoring/subscale interpretation was not supplied and is not inferred.",item-04,"I notice changes in my breathing, such as whether it slows down or speeds up",true,,o4,4,4
questionnaire-csv-v1,maia-2-en,1,"Multidimensional Assessment of Interoceptive Awareness",en,Select one response for each item.,"Wording, response descriptions, and numeric response values were supplied by the researcher. Max Planck Institute for Human Brain and Cognitive Sciences, Stephanstrasse 1a, 04103 Leipzig, Germany, Department of Neurology. Where source response descriptions are blank, the interface renders the numeric value. The participant instruction and required-item flags are application authoring defaults and may be edited before packaging. Scoring/subscale interpretation was not supplied and is not inferred.",item-04,"I notice changes in my breathing, such as whether it slows down or speeds up",true,,o5,Always,5
questionnaire-csv-v1,maia-2-en,1,"Multidimensional Assessment of Interoceptive Awareness",en,Select one response for each item.,"Wording, response descriptions, and numeric response values were supplied by the researcher. Max Planck Institute for Human Brain and Cognitive Sciences, Stephanstrasse 1a, 04103 Leipzig, Germany, Department of Neurology. Where source response descriptions are blank, the interface renders the numeric value. The participant instruction and required-item flags are application authoring defaults and may be edited before packaging. Scoring/subscale interpretation was not supplied and is not inferred.",item-05,I ignore physical tension or discomfort until they become more severe,true,,o0,Never,0
questionnaire-csv-v1,maia-2-en,1,"Multidimensional Assessment of Interoceptive Awareness",en,Select one response for each item.,"Wording, response descriptions, and numeric response values were supplied by the researcher. Max Planck Institute for Human Brain and Cognitive Sciences, Stephanstrasse 1a, 04103 Leipzig, Germany, Department of Neurology. Where source response descriptions are blank, the interface renders the numeric value. The participant instruction and required-item flags are application authoring defaults and may be edited before packaging. Scoring/subscale interpretation was not supplied and is not inferred.",item-05,I ignore physical tension or discomfort until they become more severe,true,,o1,1,1
questionnaire-csv-v1,maia-2-en,1,"Multidimensional Assessment of Interoceptive Awareness",en,Select one response for each item.,"Wording, response descriptions, and numeric response values were supplied by the researcher. Max Planck Institute for Human Brain and Cognitive Sciences, Stephanstrasse 1a, 04103 Leipzig, Germany, Department of Neurology. Where source response descriptions are blank, the interface renders the numeric value. The participant instruction and required-item flags are application authoring defaults and may be edited before packaging. Scoring/subscale interpretation was not supplied and is not inferred.",item-05,I ignore physical tension or discomfort until they become more severe,true,,o2,2,2
questionnaire-csv-v1,maia-2-en,1,"Multidimensional Assessment of Interoceptive Awareness",en,Select one response for each item.,"Wording, response descriptions, and numeric response values were supplied by the researcher. Max Planck Institute for Human Brain and Cognitive Sciences, Stephanstrasse 1a, 04103 Leipzig, Germany, Department of Neurology. Where source response descriptions are blank, the interface renders the numeric value. The participant instruction and required-item flags are application authoring defaults and may be edited before packaging. Scoring/subscale interpretation was not supplied and is not inferred.",item-05,I ignore physical tension or discomfort until they become more severe,true,,o3,3,3
questionnaire-csv-v1,maia-2-en,1,"Multidimensional Assessment of Interoceptive Awareness",en,Select one response for each item.,"Wording, response descriptions, and numeric response values were supplied by the researcher. Max Planck Institute for Human Brain and Cognitive Sciences, Stephanstrasse 1a, 04103 Leipzig, Germany, Department of Neurology. Where source response descriptions are blank, the interface renders the numeric value. The participant instruction and required-item flags are application authoring defaults and may be edited before packaging. Scoring/subscale interpretation was not supplied and is not inferred.",item-05,I ignore physical tension or discomfort until they become more severe,true,,o4,4,4
questionnaire-csv-v1,maia-2-en,1,"Multidimensional Assessment of Interoceptive Awareness",en,Select one response for each item.,"Wording, response descriptions, and numeric response values were supplied by the researcher. Max Planck Institute for Human Brain and Cognitive Sciences, Stephanstrasse 1a, 04103 Leipzig, Germany, Department of Neurology. Where source response descriptions are blank, the interface renders the numeric value. The participant instruction and required-item flags are application authoring defaults and may be edited before packaging. Scoring/subscale interpretation was not supplied and is not inferred.",item-05,I ignore physical tension or discomfort until they become more severe,true,,o5,Always,5
questionnaire-csv-v1,maia-2-en,1,"Multidimensional Assessment of Interoceptive Awareness",en,Select one response for each item.,"Wording, response descriptions, and numeric response values were supplied by the researcher. Max Planck Institute for Human Brain and Cognitive Sciences, Stephanstrasse 1a, 04103 Leipzig, Germany, Department of Neurology. Where source response descriptions are blank, the interface renders the numeric value. The participant instruction and required-item flags are application authoring defaults and may be edited before packaging. Scoring/subscale interpretation was not supplied and is not inferred.",item-06,I distract myself from sensations of discomfort,true,,o0,Never,0
questionnaire-csv-v1,maia-2-en,1,"Multidimensional Assessment of Interoceptive Awareness",en,Select one response for each item.,"Wording, response descriptions, and numeric response values were supplied by the researcher. Max Planck Institute for Human Brain and Cognitive Sciences, Stephanstrasse 1a, 04103 Leipzig, Germany, Department of Neurology. Where source response descriptions are blank, the interface renders the numeric value. The participant instruction and required-item flags are application authoring defaults and may be edited before packaging. Scoring/subscale interpretation was not supplied and is not inferred.",item-06,I distract myself from sensations of discomfort,true,,o1,1,1
questionnaire-csv-v1,maia-2-en,1,"Multidimensional Assessment of Interoceptive Awareness",en,Select one response for each item.,"Wording, response descriptions, and numeric response values were supplied by the researcher. Max Planck Institute for Human Brain and Cognitive Sciences, Stephanstrasse 1a, 04103 Leipzig, Germany, Department of Neurology. Where source response descriptions are blank, the interface renders the numeric value. The participant instruction and required-item flags are application authoring defaults and may be edited before packaging. Scoring/subscale interpretation was not supplied and is not inferred.",item-06,I distract myself from sensations of discomfort,true,,o2,2,2
questionnaire-csv-v1,maia-2-en,1,"Multidimensional Assessment of Interoceptive Awareness",en,Select one response for each item.,"Wording, response descriptions, and numeric response values were supplied by the researcher. Max Planck Institute for Human Brain and Cognitive Sciences, Stephanstrasse 1a, 04103 Leipzig, Germany, Department of Neurology. Where source response descriptions are blank, the interface renders the numeric value. The participant instruction and required-item flags are application authoring defaults and may be edited before packaging. Scoring/subscale interpretation was not supplied and is not inferred.",item-06,I distract myself from sensations of discomfort,true,,o3,3,3
questionnaire-csv-v1,maia-2-en,1,"Multidimensional Assessment of Interoceptive Awareness",en,Select one response for each item.,"Wording, response descriptions, and numeric response values were supplied by the researcher. Max Planck Institute for Human Brain and Cognitive Sciences, Stephanstrasse 1a, 04103 Leipzig, Germany, Department of Neurology. Where source response descriptions are blank, the interface renders the numeric value. The participant instruction and required-item flags are application authoring defaults and may be edited before packaging. Scoring/subscale interpretation was not supplied and is not inferred.",item-06,I distract myself from sensations of discomfort,true,,o4,4,4
questionnaire-csv-v1,maia-2-en,1,"Multidimensional Assessment of Interoceptive Awareness",en,Select one response for each item.,"Wording, response descriptions, and numeric response values were supplied by the researcher. Max Planck Institute for Human Brain and Cognitive Sciences, Stephanstrasse 1a, 04103 Leipzig, Germany, Department of Neurology. Where source response descriptions are blank, the interface renders the numeric value. The participant instruction and required-item flags are application authoring defaults and may be edited before packaging. Scoring/subscale interpretation was not supplied and is not inferred.",item-06,I distract myself from sensations of discomfort,true,,o5,Always,5
questionnaire-csv-v1,maia-2-en,1,"Multidimensional Assessment of Interoceptive Awareness",en,Select one response for each item.,"Wording, response descriptions, and numeric response values were supplied by the researcher. Max Planck Institute for Human Brain and Cognitive Sciences, Stephanstrasse 1a, 04103 Leipzig, Germany, Department of Neurology. Where source response descriptions are blank, the interface renders the numeric value. The participant instruction and required-item flags are application authoring defaults and may be edited before packaging. Scoring/subscale interpretation was not supplied and is not inferred.",item-07,"When I feel pain or discomfort, I try to power through it",true,,o0,Never,0
questionnaire-csv-v1,maia-2-en,1,"Multidimensional Assessment of Interoceptive Awareness",en,Select one response for each item.,"Wording, response descriptions, and numeric response values were supplied by the researcher. Max Planck Institute for Human Brain and Cognitive Sciences, Stephanstrasse 1a, 04103 Leipzig, Germany, Department of Neurology. Where source response descriptions are blank, the interface renders the numeric value. The participant instruction and required-item flags are application authoring defaults and may be edited before packaging. Scoring/subscale interpretation was not supplied and is not inferred.",item-07,"When I feel pain or discomfort, I try to power through it",true,,o1,1,1
questionnaire-csv-v1,maia-2-en,1,"Multidimensional Assessment of Interoceptive Awareness",en,Select one response for each item.,"Wording, response descriptions, and numeric response values were supplied by the researcher. Max Planck Institute for Human Brain and Cognitive Sciences, Stephanstrasse 1a, 04103 Leipzig, Germany, Department of Neurology. Where source response descriptions are blank, the interface renders the numeric value. The participant instruction and required-item flags are application authoring defaults and may be edited before packaging. Scoring/subscale interpretation was not supplied and is not inferred.",item-07,"When I feel pain or discomfort, I try to power through it",true,,o2,2,2
questionnaire-csv-v1,maia-2-en,1,"Multidimensional Assessment of Interoceptive Awareness",en,Select one response for each item.,"Wording, response descriptions, and numeric response values were supplied by the researcher. Max Planck Institute for Human Brain and Cognitive Sciences, Stephanstrasse 1a, 04103 Leipzig, Germany, Department of Neurology. Where source response descriptions are blank, the interface renders the numeric value. The participant instruction and required-item flags are application authoring defaults and may be edited before packaging. Scoring/subscale interpretation was not supplied and is not inferred.",item-07,"When I feel pain or discomfort, I try to power through it",true,,o3,3,3
questionnaire-csv-v1,maia-2-en,1,"Multidimensional Assessment of Interoceptive Awareness",en,Select one response for each item.,"Wording, response descriptions, and numeric response values were supplied by the researcher. Max Planck Institute for Human Brain and Cognitive Sciences, Stephanstrasse 1a, 04103 Leipzig, Germany, Department of Neurology. Where source response descriptions are blank, the interface renders the numeric value. The participant instruction and required-item flags are application authoring defaults and may be edited before packaging. Scoring/subscale interpretation was not supplied and is not inferred.",item-07,"When I feel pain or discomfort, I try to power through it",true,,o4,4,4
questionnaire-csv-v1,maia-2-en,1,"Multidimensional Assessment of Interoceptive Awareness",en,Select one response for each item.,"Wording, response descriptions, and numeric response values were supplied by the researcher. Max Planck Institute for Human Brain and Cognitive Sciences, Stephanstrasse 1a, 04103 Leipzig, Germany, Department of Neurology. Where source response descriptions are blank, the interface renders the numeric value. The participant instruction and required-item flags are application authoring defaults and may be edited before packaging. Scoring/subscale interpretation was not supplied and is not inferred.",item-07,"When I feel pain or discomfort, I try to power through it",true,,o5,Always,5
questionnaire-csv-v1,maia-2-en,1,"Multidimensional Assessment of Interoceptive Awareness",en,Select one response for each item.,"Wording, response descriptions, and numeric response values were supplied by the researcher. Max Planck Institute for Human Brain and Cognitive Sciences, Stephanstrasse 1a, 04103 Leipzig, Germany, Department of Neurology. Where source response descriptions are blank, the interface renders the numeric value. The participant instruction and required-item flags are application authoring defaults and may be edited before packaging. Scoring/subscale interpretation was not supplied and is not inferred.",item-08,I try to ignore pain,true,,o0,Never,0
questionnaire-csv-v1,maia-2-en,1,"Multidimensional Assessment of Interoceptive Awareness",en,Select one response for each item.,"Wording, response descriptions, and numeric response values were supplied by the researcher. Max Planck Institute for Human Brain and Cognitive Sciences, Stephanstrasse 1a, 04103 Leipzig, Germany, Department of Neurology. Where source response descriptions are blank, the interface renders the numeric value. The participant instruction and required-item flags are application authoring defaults and may be edited before packaging. Scoring/subscale interpretation was not supplied and is not inferred.",item-08,I try to ignore pain,true,,o1,1,1
questionnaire-csv-v1,maia-2-en,1,"Multidimensional Assessment of Interoceptive Awareness",en,Select one response for each item.,"Wording, response descriptions, and numeric response values were supplied by the researcher. Max Planck Institute for Human Brain and Cognitive Sciences, Stephanstrasse 1a, 04103 Leipzig, Germany, Department of Neurology. Where source response descriptions are blank, the interface renders the numeric value. The participant instruction and required-item flags are application authoring defaults and may be edited before packaging. Scoring/subscale interpretation was not supplied and is not inferred.",item-08,I try to ignore pain,true,,o2,2,2
questionnaire-csv-v1,maia-2-en,1,"Multidimensional Assessment of Interoceptive Awareness",en,Select one response for each item.,"Wording, response descriptions, and numeric response values were supplied by the researcher. Max Planck Institute for Human Brain and Cognitive Sciences, Stephanstrasse 1a, 04103 Leipzig, Germany, Department of Neurology. Where source response descriptions are blank, the interface renders the numeric value. The participant instruction and required-item flags are application authoring defaults and may be edited before packaging. Scoring/subscale interpretation was not supplied and is not inferred.",item-08,I try to ignore pain,true,,o3,3,3
questionnaire-csv-v1,maia-2-en,1,"Multidimensional Assessment of Interoceptive Awareness",en,Select one response for each item.,"Wording, response descriptions, and numeric response values were supplied by the researcher. Max Planck Institute for Human Brain and Cognitive Sciences, Stephanstrasse 1a, 04103 Leipzig, Germany, Department of Neurology. Where source response descriptions are blank, the interface renders the numeric value. The participant instruction and required-item flags are application authoring defaults and may be edited before packaging. Scoring/subscale interpretation was not supplied and is not inferred.",item-08,I try to ignore pain,true,,o4,4,4
questionnaire-csv-v1,maia-2-en,1,"Multidimensional Assessment of Interoceptive Awareness",en,Select one response for each item.,"Wording, response descriptions, and numeric response values were supplied by the researcher. Max Planck Institute for Human Brain and Cognitive Sciences, Stephanstrasse 1a, 04103 Leipzig, Germany, Department of Neurology. Where source response descriptions are blank, the interface renders the numeric value. The participant instruction and required-item flags are application authoring defaults and may be edited before packaging. Scoring/subscale interpretation was not supplied and is not inferred.",item-08,I try to ignore pain,true,,o5,Always,5
questionnaire-csv-v1,maia-2-en,1,"Multidimensional Assessment of Interoceptive Awareness",en,Select one response for each item.,"Wording, response descriptions, and numeric response values were supplied by the researcher. Max Planck Institute for Human Brain and Cognitive Sciences, Stephanstrasse 1a, 04103 Leipzig, Germany, Department of Neurology. Where source response descriptions are blank, the interface renders the numeric value. The participant instruction and required-item flags are application authoring defaults and may be edited before packaging. Scoring/subscale interpretation was not supplied and is not inferred.",item-09,I push feelings of discomfort away by focusing on something,true,,o0,Never,0
questionnaire-csv-v1,maia-2-en,1,"Multidimensional Assessment of Interoceptive Awareness",en,Select one response for each item.,"Wording, response descriptions, and numeric response values were supplied by the researcher. Max Planck Institute for Human Brain and Cognitive Sciences, Stephanstrasse 1a, 04103 Leipzig, Germany, Department of Neurology. Where source response descriptions are blank, the interface renders the numeric value. The participant instruction and required-item flags are application authoring defaults and may be edited before packaging. Scoring/subscale interpretation was not supplied and is not inferred.",item-09,I push feelings of discomfort away by focusing on something,true,,o1,1,1
questionnaire-csv-v1,maia-2-en,1,"Multidimensional Assessment of Interoceptive Awareness",en,Select one response for each item.,"Wording, response descriptions, and numeric response values were supplied by the researcher. Max Planck Institute for Human Brain and Cognitive Sciences, Stephanstrasse 1a, 04103 Leipzig, Germany, Department of Neurology. Where source response descriptions are blank, the interface renders the numeric value. The participant instruction and required-item flags are application authoring defaults and may be edited before packaging. Scoring/subscale interpretation was not supplied and is not inferred.",item-09,I push feelings of discomfort away by focusing on something,true,,o2,2,2
questionnaire-csv-v1,maia-2-en,1,"Multidimensional Assessment of Interoceptive Awareness",en,Select one response for each item.,"Wording, response descriptions, and numeric response values were supplied by the researcher. Max Planck Institute for Human Brain and Cognitive Sciences, Stephanstrasse 1a, 04103 Leipzig, Germany, Department of Neurology. Where source response descriptions are blank, the interface renders the numeric value. The participant instruction and required-item flags are application authoring defaults and may be edited before packaging. Scoring/subscale interpretation was not supplied and is not inferred.",item-09,I push feelings of discomfort away by focusing on something,true,,o3,3,3
questionnaire-csv-v1,maia-2-en,1,"Multidimensional Assessment of Interoceptive Awareness",en,Select one response for each item.,"Wording, response descriptions, and numeric response values were supplied by the researcher. Max Planck Institute for Human Brain and Cognitive Sciences, Stephanstrasse 1a, 04103 Leipzig, Germany, Department of Neurology. Where source response descriptions are blank, the interface renders the numeric value. The participant instruction and required-item flags are application authoring defaults and may be edited before packaging. Scoring/subscale interpretation was not supplied and is not inferred.",item-09,I push feelings of discomfort away by focusing on something,true,,o4,4,4
questionnaire-csv-v1,maia-2-en,1,"Multidimensional Assessment of Interoceptive Awareness",en,Select one response for each item.,"Wording, response descriptions, and numeric response values were supplied by the researcher. Max Planck Institute for Human Brain and Cognitive Sciences, Stephanstrasse 1a, 04103 Leipzig, Germany, Department of Neurology. Where source response descriptions are blank, the interface renders the numeric value. The participant instruction and required-item flags are application authoring defaults and may be edited before packaging. Scoring/subscale interpretation was not supplied and is not inferred.",item-09,I push feelings of discomfort away by focusing on something,true,,o5,Always,5
questionnaire-csv-v1,maia-2-en,1,"Multidimensional Assessment of Interoceptive Awareness",en,Select one response for each item.,"Wording, response descriptions, and numeric response values were supplied by the researcher. Max Planck Institute for Human Brain and Cognitive Sciences, Stephanstrasse 1a, 04103 Leipzig, Germany, Department of Neurology. Where source response descriptions are blank, the interface renders the numeric value. The participant instruction and required-item flags are application authoring defaults and may be edited before packaging. Scoring/subscale interpretation was not supplied and is not inferred.",item-10,"When I feel unpleasant body sensations, I occupy myself with something else so I dont have to feel them",true,,o0,Never,0
questionnaire-csv-v1,maia-2-en,1,"Multidimensional Assessment of Interoceptive Awareness",en,Select one response for each item.,"Wording, response descriptions, and numeric response values were supplied by the researcher. Max Planck Institute for Human Brain and Cognitive Sciences, Stephanstrasse 1a, 04103 Leipzig, Germany, Department of Neurology. Where source response descriptions are blank, the interface renders the numeric value. The participant instruction and required-item flags are application authoring defaults and may be edited before packaging. Scoring/subscale interpretation was not supplied and is not inferred.",item-10,"When I feel unpleasant body sensations, I occupy myself with something else so I dont have to feel them",true,,o1,1,1
questionnaire-csv-v1,maia-2-en,1,"Multidimensional Assessment of Interoceptive Awareness",en,Select one response for each item.,"Wording, response descriptions, and numeric response values were supplied by the researcher. Max Planck Institute for Human Brain and Cognitive Sciences, Stephanstrasse 1a, 04103 Leipzig, Germany, Department of Neurology. Where source response descriptions are blank, the interface renders the numeric value. The participant instruction and required-item flags are application authoring defaults and may be edited before packaging. Scoring/subscale interpretation was not supplied and is not inferred.",item-10,"When I feel unpleasant body sensations, I occupy myself with something else so I dont have to feel them",true,,o2,2,2
questionnaire-csv-v1,maia-2-en,1,"Multidimensional Assessment of Interoceptive Awareness",en,Select one response for each item.,"Wording, response descriptions, and numeric response values were supplied by the researcher. Max Planck Institute for Human Brain and Cognitive Sciences, Stephanstrasse 1a, 04103 Leipzig, Germany, Department of Neurology. Where source response descriptions are blank, the interface renders the numeric value. The participant instruction and required-item flags are application authoring defaults and may be edited before packaging. Scoring/subscale interpretation was not supplied and is not inferred.",item-10,"When I feel unpleasant body sensations, I occupy myself with something else so I dont have to feel them",true,,o3,3,3
questionnaire-csv-v1,maia-2-en,1,"Multidimensional Assessment of Interoceptive Awareness",en,Select one response for each item.,"Wording, response descriptions, and numeric response values were supplied by the researcher. Max Planck Institute for Human Brain and Cognitive Sciences, Stephanstrasse 1a, 04103 Leipzig, Germany, Department of Neurology. Where source response descriptions are blank, the interface renders the numeric value. The participant instruction and required-item flags are application authoring defaults and may be edited before packaging. Scoring/subscale interpretation was not supplied and is not inferred.",item-10,"When I feel unpleasant body sensations, I occupy myself with something else so I dont have to feel them",true,,o4,4,4
questionnaire-csv-v1,maia-2-en,1,"Multidimensional Assessment of Interoceptive Awareness",en,Select one response for each item.,"Wording, response descriptions, and numeric response values were supplied by the researcher. Max Planck Institute for Human Brain and Cognitive Sciences, Stephanstrasse 1a, 04103 Leipzig, Germany, Department of Neurology. Where source response descriptions are blank, the interface renders the numeric value. The participant instruction and required-item flags are application authoring defaults and may be edited before packaging. Scoring/subscale interpretation was not supplied and is not inferred.",item-10,"When I feel unpleasant body sensations, I occupy myself with something else so I dont have to feel them",true,,o5,Always,5
questionnaire-csv-v1,maia-2-en,1,"Multidimensional Assessment of Interoceptive Awareness",en,Select one response for each item.,"Wording, response descriptions, and numeric response values were supplied by the researcher. Max Planck Institute for Human Brain and Cognitive Sciences, Stephanstrasse 1a, 04103 Leipzig, Germany, Department of Neurology. Where source response descriptions are blank, the interface renders the numeric value. The participant instruction and required-item flags are application authoring defaults and may be edited before packaging. Scoring/subscale interpretation was not supplied and is not inferred.",item-11,"When I feel physical pain, I become upset",true,,o0,Never,0
questionnaire-csv-v1,maia-2-en,1,"Multidimensional Assessment of Interoceptive Awareness",en,Select one response for each item.,"Wording, response descriptions, and numeric response values were supplied by the researcher. Max Planck Institute for Human Brain and Cognitive Sciences, Stephanstrasse 1a, 04103 Leipzig, Germany, Department of Neurology. Where source response descriptions are blank, the interface renders the numeric value. The participant instruction and required-item flags are application authoring defaults and may be edited before packaging. Scoring/subscale interpretation was not supplied and is not inferred.",item-11,"When I feel physical pain, I become upset",true,,o1,1,1
questionnaire-csv-v1,maia-2-en,1,"Multidimensional Assessment of Interoceptive Awareness",en,Select one response for each item.,"Wording, response descriptions, and numeric response values were supplied by the researcher. Max Planck Institute for Human Brain and Cognitive Sciences, Stephanstrasse 1a, 04103 Leipzig, Germany, Department of Neurology. Where source response descriptions are blank, the interface renders the numeric value. The participant instruction and required-item flags are application authoring defaults and may be edited before packaging. Scoring/subscale interpretation was not supplied and is not inferred.",item-11,"When I feel physical pain, I become upset",true,,o2,2,2
questionnaire-csv-v1,maia-2-en,1,"Multidimensional Assessment of Interoceptive Awareness",en,Select one response for each item.,"Wording, response descriptions, and numeric response values were supplied by the researcher. Max Planck Institute for Human Brain and Cognitive Sciences, Stephanstrasse 1a, 04103 Leipzig, Germany, Department of Neurology. Where source response descriptions are blank, the interface renders the numeric value. The participant instruction and required-item flags are application authoring defaults and may be edited before packaging. Scoring/subscale interpretation was not supplied and is not inferred.",item-11,"When I feel physical pain, I become upset",true,,o3,3,3
questionnaire-csv-v1,maia-2-en,1,"Multidimensional Assessment of Interoceptive Awareness",en,Select one response for each item.,"Wording, response descriptions, and numeric response values were supplied by the researcher. Max Planck Institute for Human Brain and Cognitive Sciences, Stephanstrasse 1a, 04103 Leipzig, Germany, Department of Neurology. Where source response descriptions are blank, the interface renders the numeric value. The participant instruction and required-item flags are application authoring defaults and may be edited before packaging. Scoring/subscale interpretation was not supplied and is not inferred.",item-11,"When I feel physical pain, I become upset",true,,o4,4,4
questionnaire-csv-v1,maia-2-en,1,"Multidimensional Assessment of Interoceptive Awareness",en,Select one response for each item.,"Wording, response descriptions, and numeric response values were supplied by the researcher. Max Planck Institute for Human Brain and Cognitive Sciences, Stephanstrasse 1a, 04103 Leipzig, Germany, Department of Neurology. Where source response descriptions are blank, the interface renders the numeric value. The participant instruction and required-item flags are application authoring defaults and may be edited before packaging. Scoring/subscale interpretation was not supplied and is not inferred.",item-11,"When I feel physical pain, I become upset",true,,o5,Always,5
questionnaire-csv-v1,maia-2-en,1,"Multidimensional Assessment of Interoceptive Awareness",en,Select one response for each item.,"Wording, response descriptions, and numeric response values were supplied by the researcher. Max Planck Institute for Human Brain and Cognitive Sciences, Stephanstrasse 1a, 04103 Leipzig, Germany, Department of Neurology. Where source response descriptions are blank, the interface renders the numeric value. The participant instruction and required-item flags are application authoring defaults and may be edited before packaging. Scoring/subscale interpretation was not supplied and is not inferred.",item-12,I start to worry that something is wrong if I feel any discomfort,true,,o0,Never,0
questionnaire-csv-v1,maia-2-en,1,"Multidimensional Assessment of Interoceptive Awareness",en,Select one response for each item.,"Wording, response descriptions, and numeric response values were supplied by the researcher. Max Planck Institute for Human Brain and Cognitive Sciences, Stephanstrasse 1a, 04103 Leipzig, Germany, Department of Neurology. Where source response descriptions are blank, the interface renders the numeric value. The participant instruction and required-item flags are application authoring defaults and may be edited before packaging. Scoring/subscale interpretation was not supplied and is not inferred.",item-12,I start to worry that something is wrong if I feel any discomfort,true,,o1,1,1
questionnaire-csv-v1,maia-2-en,1,"Multidimensional Assessment of Interoceptive Awareness",en,Select one response for each item.,"Wording, response descriptions, and numeric response values were supplied by the researcher. Max Planck Institute for Human Brain and Cognitive Sciences, Stephanstrasse 1a, 04103 Leipzig, Germany, Department of Neurology. Where source response descriptions are blank, the interface renders the numeric value. The participant instruction and required-item flags are application authoring defaults and may be edited before packaging. Scoring/subscale interpretation was not supplied and is not inferred.",item-12,I start to worry that something is wrong if I feel any discomfort,true,,o2,2,2
questionnaire-csv-v1,maia-2-en,1,"Multidimensional Assessment of Interoceptive Awareness",en,Select one response for each item.,"Wording, response descriptions, and numeric response values were supplied by the researcher. Max Planck Institute for Human Brain and Cognitive Sciences, Stephanstrasse 1a, 04103 Leipzig, Germany, Department of Neurology. Where source response descriptions are blank, the interface renders the numeric value. The participant instruction and required-item flags are application authoring defaults and may be edited before packaging. Scoring/subscale interpretation was not supplied and is not inferred.",item-12,I start to worry that something is wrong if I feel any discomfort,true,,o3,3,3
questionnaire-csv-v1,maia-2-en,1,"Multidimensional Assessment of Interoceptive Awareness",en,Select one response for each item.,"Wording, response descriptions, and numeric response values were supplied by the researcher. Max Planck Institute for Human Brain and Cognitive Sciences, Stephanstrasse 1a, 04103 Leipzig, Germany, Department of Neurology. Where source response descriptions are blank, the interface renders the numeric value. The participant instruction and required-item flags are application authoring defaults and may be edited before packaging. Scoring/subscale interpretation was not supplied and is not inferred.",item-12,I start to worry that something is wrong if I feel any discomfort,true,,o4,4,4
questionnaire-csv-v1,maia-2-en,1,"Multidimensional Assessment of Interoceptive Awareness",en,Select one response for each item.,"Wording, response descriptions, and numeric response values were supplied by the researcher. Max Planck Institute for Human Brain and Cognitive Sciences, Stephanstrasse 1a, 04103 Leipzig, Germany, Department of Neurology. Where source response descriptions are blank, the interface renders the numeric value. The participant instruction and required-item flags are application authoring defaults and may be edited before packaging. Scoring/subscale interpretation was not supplied and is not inferred.",item-12,I start to worry that something is wrong if I feel any discomfort,true,,o5,Always,5
questionnaire-csv-v1,maia-2-en,1,"Multidimensional Assessment of Interoceptive Awareness",en,Select one response for each item.,"Wording, response descriptions, and numeric response values were supplied by the researcher. Max Planck Institute for Human Brain and Cognitive Sciences, Stephanstrasse 1a, 04103 Leipzig, Germany, Department of Neurology. Where source response descriptions are blank, the interface renders the numeric value. The participant instruction and required-item flags are application authoring defaults and may be edited before packaging. Scoring/subscale interpretation was not supplied and is not inferred.",item-13,I can notice an unpleasant body sensation without worrying about it,true,,o0,Never,0
questionnaire-csv-v1,maia-2-en,1,"Multidimensional Assessment of Interoceptive Awareness",en,Select one response for each item.,"Wording, response descriptions, and numeric response values were supplied by the researcher. Max Planck Institute for Human Brain and Cognitive Sciences, Stephanstrasse 1a, 04103 Leipzig, Germany, Department of Neurology. Where source response descriptions are blank, the interface renders the numeric value. The participant instruction and required-item flags are application authoring defaults and may be edited before packaging. Scoring/subscale interpretation was not supplied and is not inferred.",item-13,I can notice an unpleasant body sensation without worrying about it,true,,o1,1,1
questionnaire-csv-v1,maia-2-en,1,"Multidimensional Assessment of Interoceptive Awareness",en,Select one response for each item.,"Wording, response descriptions, and numeric response values were supplied by the researcher. Max Planck Institute for Human Brain and Cognitive Sciences, Stephanstrasse 1a, 04103 Leipzig, Germany, Department of Neurology. Where source response descriptions are blank, the interface renders the numeric value. The participant instruction and required-item flags are application authoring defaults and may be edited before packaging. Scoring/subscale interpretation was not supplied and is not inferred.",item-13,I can notice an unpleasant body sensation without worrying about it,true,,o2,2,2
questionnaire-csv-v1,maia-2-en,1,"Multidimensional Assessment of Interoceptive Awareness",en,Select one response for each item.,"Wording, response descriptions, and numeric response values were supplied by the researcher. Max Planck Institute for Human Brain and Cognitive Sciences, Stephanstrasse 1a, 04103 Leipzig, Germany, Department of Neurology. Where source response descriptions are blank, the interface renders the numeric value. The participant instruction and required-item flags are application authoring defaults and may be edited before packaging. Scoring/subscale interpretation was not supplied and is not inferred.",item-13,I can notice an unpleasant body sensation without worrying about it,true,,o3,3,3
questionnaire-csv-v1,maia-2-en,1,"Multidimensional Assessment of Interoceptive Awareness",en,Select one response for each item.,"Wording, response descriptions, and numeric response values were supplied by the researcher. Max Planck Institute for Human Brain and Cognitive Sciences, Stephanstrasse 1a, 04103 Leipzig, Germany, Department of Neurology. Where source response descriptions are blank, the interface renders the numeric value. The participant instruction and required-item flags are application authoring defaults and may be edited before packaging. Scoring/subscale interpretation was not supplied and is not inferred.",item-13,I can notice an unpleasant body sensation without worrying about it,true,,o4,4,4
questionnaire-csv-v1,maia-2-en,1,"Multidimensional Assessment of Interoceptive Awareness",en,Select one response for each item.,"Wording, response descriptions, and numeric response values were supplied by the researcher. Max Planck Institute for Human Brain and Cognitive Sciences, Stephanstrasse 1a, 04103 Leipzig, Germany, Department of Neurology. Where source response descriptions are blank, the interface renders the numeric value. The participant instruction and required-item flags are application authoring defaults and may be edited before packaging. Scoring/subscale interpretation was not supplied and is not inferred.",item-13,I can notice an unpleasant body sensation without worrying about it,true,,o5,Always,5
questionnaire-csv-v1,maia-2-en,1,"Multidimensional Assessment of Interoceptive Awareness",en,Select one response for each item.,"Wording, response descriptions, and numeric response values were supplied by the researcher. Max Planck Institute for Human Brain and Cognitive Sciences, Stephanstrasse 1a, 04103 Leipzig, Germany, Department of Neurology. Where source response descriptions are blank, the interface renders the numeric value. The participant instruction and required-item flags are application authoring defaults and may be edited before packaging. Scoring/subscale interpretation was not supplied and is not inferred.",item-14,I can stay calm and not worry when I have feelings of discomfort or pain,true,,o0,Never,0
questionnaire-csv-v1,maia-2-en,1,"Multidimensional Assessment of Interoceptive Awareness",en,Select one response for each item.,"Wording, response descriptions, and numeric response values were supplied by the researcher. Max Planck Institute for Human Brain and Cognitive Sciences, Stephanstrasse 1a, 04103 Leipzig, Germany, Department of Neurology. Where source response descriptions are blank, the interface renders the numeric value. The participant instruction and required-item flags are application authoring defaults and may be edited before packaging. Scoring/subscale interpretation was not supplied and is not inferred.",item-14,I can stay calm and not worry when I have feelings of discomfort or pain,true,,o1,1,1
questionnaire-csv-v1,maia-2-en,1,"Multidimensional Assessment of Interoceptive Awareness",en,Select one response for each item.,"Wording, response descriptions, and numeric response values were supplied by the researcher. Max Planck Institute for Human Brain and Cognitive Sciences, Stephanstrasse 1a, 04103 Leipzig, Germany, Department of Neurology. Where source response descriptions are blank, the interface renders the numeric value. The participant instruction and required-item flags are application authoring defaults and may be edited before packaging. Scoring/subscale interpretation was not supplied and is not inferred.",item-14,I can stay calm and not worry when I have feelings of discomfort or pain,true,,o2,2,2
questionnaire-csv-v1,maia-2-en,1,"Multidimensional Assessment of Interoceptive Awareness",en,Select one response for each item.,"Wording, response descriptions, and numeric response values were supplied by the researcher. Max Planck Institute for Human Brain and Cognitive Sciences, Stephanstrasse 1a, 04103 Leipzig, Germany, Department of Neurology. Where source response descriptions are blank, the interface renders the numeric value. The participant instruction and required-item flags are application authoring defaults and may be edited before packaging. Scoring/subscale interpretation was not supplied and is not inferred.",item-14,I can stay calm and not worry when I have feelings of discomfort or pain,true,,o3,3,3
questionnaire-csv-v1,maia-2-en,1,"Multidimensional Assessment of Interoceptive Awareness",en,Select one response for each item.,"Wording, response descriptions, and numeric response values were supplied by the researcher. Max Planck Institute for Human Brain and Cognitive Sciences, Stephanstrasse 1a, 04103 Leipzig, Germany, Department of Neurology. Where source response descriptions are blank, the interface renders the numeric value. The participant instruction and required-item flags are application authoring defaults and may be edited before packaging. Scoring/subscale interpretation was not supplied and is not inferred.",item-14,I can stay calm and not worry when I have feelings of discomfort or pain,true,,o4,4,4
questionnaire-csv-v1,maia-2-en,1,"Multidimensional Assessment of Interoceptive Awareness",en,Select one response for each item.,"Wording, response descriptions, and numeric response values were supplied by the researcher. Max Planck Institute for Human Brain and Cognitive Sciences, Stephanstrasse 1a, 04103 Leipzig, Germany, Department of Neurology. Where source response descriptions are blank, the interface renders the numeric value. The participant instruction and required-item flags are application authoring defaults and may be edited before packaging. Scoring/subscale interpretation was not supplied and is not inferred.",item-14,I can stay calm and not worry when I have feelings of discomfort or pain,true,,o5,Always,5
questionnaire-csv-v1,maia-2-en,1,"Multidimensional Assessment of Interoceptive Awareness",en,Select one response for each item.,"Wording, response descriptions, and numeric response values were supplied by the researcher. Max Planck Institute for Human Brain and Cognitive Sciences, Stephanstrasse 1a, 04103 Leipzig, Germany, Department of Neurology. Where source response descriptions are blank, the interface renders the numeric value. The participant instruction and required-item flags are application authoring defaults and may be edited before packaging. Scoring/subscale interpretation was not supplied and is not inferred.",item-15,When I am in discomfort or pain I cant get it out of my mind,true,,o0,Never,0
questionnaire-csv-v1,maia-2-en,1,"Multidimensional Assessment of Interoceptive Awareness",en,Select one response for each item.,"Wording, response descriptions, and numeric response values were supplied by the researcher. Max Planck Institute for Human Brain and Cognitive Sciences, Stephanstrasse 1a, 04103 Leipzig, Germany, Department of Neurology. Where source response descriptions are blank, the interface renders the numeric value. The participant instruction and required-item flags are application authoring defaults and may be edited before packaging. Scoring/subscale interpretation was not supplied and is not inferred.",item-15,When I am in discomfort or pain I cant get it out of my mind,true,,o1,1,1
questionnaire-csv-v1,maia-2-en,1,"Multidimensional Assessment of Interoceptive Awareness",en,Select one response for each item.,"Wording, response descriptions, and numeric response values were supplied by the researcher. Max Planck Institute for Human Brain and Cognitive Sciences, Stephanstrasse 1a, 04103 Leipzig, Germany, Department of Neurology. Where source response descriptions are blank, the interface renders the numeric value. The participant instruction and required-item flags are application authoring defaults and may be edited before packaging. Scoring/subscale interpretation was not supplied and is not inferred.",item-15,When I am in discomfort or pain I cant get it out of my mind,true,,o2,2,2
questionnaire-csv-v1,maia-2-en,1,"Multidimensional Assessment of Interoceptive Awareness",en,Select one response for each item.,"Wording, response descriptions, and numeric response values were supplied by the researcher. Max Planck Institute for Human Brain and Cognitive Sciences, Stephanstrasse 1a, 04103 Leipzig, Germany, Department of Neurology. Where source response descriptions are blank, the interface renders the numeric value. The participant instruction and required-item flags are application authoring defaults and may be edited before packaging. Scoring/subscale interpretation was not supplied and is not inferred.",item-15,When I am in discomfort or pain I cant get it out of my mind,true,,o3,3,3
questionnaire-csv-v1,maia-2-en,1,"Multidimensional Assessment of Interoceptive Awareness",en,Select one response for each item.,"Wording, response descriptions, and numeric response values were supplied by the researcher. Max Planck Institute for Human Brain and Cognitive Sciences, Stephanstrasse 1a, 04103 Leipzig, Germany, Department of Neurology. Where source response descriptions are blank, the interface renders the numeric value. The participant instruction and required-item flags are application authoring defaults and may be edited before packaging. Scoring/subscale interpretation was not supplied and is not inferred.",item-15,When I am in discomfort or pain I cant get it out of my mind,true,,o4,4,4
questionnaire-csv-v1,maia-2-en,1,"Multidimensional Assessment of Interoceptive Awareness",en,Select one response for each item.,"Wording, response descriptions, and numeric response values were supplied by the researcher. Max Planck Institute for Human Brain and Cognitive Sciences, Stephanstrasse 1a, 04103 Leipzig, Germany, Department of Neurology. Where source response descriptions are blank, the interface renders the numeric value. The participant instruction and required-item flags are application authoring defaults and may be edited before packaging. Scoring/subscale interpretation was not supplied and is not inferred.",item-15,When I am in discomfort or pain I cant get it out of my mind,true,,o5,Always,5
questionnaire-csv-v1,maia-2-en,1,"Multidimensional Assessment of Interoceptive Awareness",en,Select one response for each item.,"Wording, response descriptions, and numeric response values were supplied by the researcher. Max Planck Institute for Human Brain and Cognitive Sciences, Stephanstrasse 1a, 04103 Leipzig, Germany, Department of Neurology. Where source response descriptions are blank, the interface renders the numeric value. The participant instruction and required-item flags are application authoring defaults and may be edited before packaging. Scoring/subscale interpretation was not supplied and is not inferred.",item-16,I can pay attention to my breath without being distracted by things happening around me,true,,o0,Never,0
questionnaire-csv-v1,maia-2-en,1,"Multidimensional Assessment of Interoceptive Awareness",en,Select one response for each item.,"Wording, response descriptions, and numeric response values were supplied by the researcher. Max Planck Institute for Human Brain and Cognitive Sciences, Stephanstrasse 1a, 04103 Leipzig, Germany, Department of Neurology. Where source response descriptions are blank, the interface renders the numeric value. The participant instruction and required-item flags are application authoring defaults and may be edited before packaging. Scoring/subscale interpretation was not supplied and is not inferred.",item-16,I can pay attention to my breath without being distracted by things happening around me,true,,o1,1,1
questionnaire-csv-v1,maia-2-en,1,"Multidimensional Assessment of Interoceptive Awareness",en,Select one response for each item.,"Wording, response descriptions, and numeric response values were supplied by the researcher. Max Planck Institute for Human Brain and Cognitive Sciences, Stephanstrasse 1a, 04103 Leipzig, Germany, Department of Neurology. Where source response descriptions are blank, the interface renders the numeric value. The participant instruction and required-item flags are application authoring defaults and may be edited before packaging. Scoring/subscale interpretation was not supplied and is not inferred.",item-16,I can pay attention to my breath without being distracted by things happening around me,true,,o2,2,2
questionnaire-csv-v1,maia-2-en,1,"Multidimensional Assessment of Interoceptive Awareness",en,Select one response for each item.,"Wording, response descriptions, and numeric response values were supplied by the researcher. Max Planck Institute for Human Brain and Cognitive Sciences, Stephanstrasse 1a, 04103 Leipzig, Germany, Department of Neurology. Where source response descriptions are blank, the interface renders the numeric value. The participant instruction and required-item flags are application authoring defaults and may be edited before packaging. Scoring/subscale interpretation was not supplied and is not inferred.",item-16,I can pay attention to my breath without being distracted by things happening around me,true,,o3,3,3
questionnaire-csv-v1,maia-2-en,1,"Multidimensional Assessment of Interoceptive Awareness",en,Select one response for each item.,"Wording, response descriptions, and numeric response values were supplied by the researcher. Max Planck Institute for Human Brain and Cognitive Sciences, Stephanstrasse 1a, 04103 Leipzig, Germany, Department of Neurology. Where source response descriptions are blank, the interface renders the numeric value. The participant instruction and required-item flags are application authoring defaults and may be edited before packaging. Scoring/subscale interpretation was not supplied and is not inferred.",item-16,I can pay attention to my breath without being distracted by things happening around me,true,,o4,4,4
questionnaire-csv-v1,maia-2-en,1,"Multidimensional Assessment of Interoceptive Awareness",en,Select one response for each item.,"Wording, response descriptions, and numeric response values were supplied by the researcher. Max Planck Institute for Human Brain and Cognitive Sciences, Stephanstrasse 1a, 04103 Leipzig, Germany, Department of Neurology. Where source response descriptions are blank, the interface renders the numeric value. The participant instruction and required-item flags are application authoring defaults and may be edited before packaging. Scoring/subscale interpretation was not supplied and is not inferred.",item-16,I can pay attention to my breath without being distracted by things happening around me,true,,o5,Always,5
questionnaire-csv-v1,maia-2-en,1,"Multidimensional Assessment of Interoceptive Awareness",en,Select one response for each item.,"Wording, response descriptions, and numeric response values were supplied by the researcher. Max Planck Institute for Human Brain and Cognitive Sciences, Stephanstrasse 1a, 04103 Leipzig, Germany, Department of Neurology. Where source response descriptions are blank, the interface renders the numeric value. The participant instruction and required-item flags are application authoring defaults and may be edited before packaging. Scoring/subscale interpretation was not supplied and is not inferred.",item-17,I can maintain awareness of my inner bodily sensations even when there is a lot going on around me,true,,o0,Never,0
questionnaire-csv-v1,maia-2-en,1,"Multidimensional Assessment of Interoceptive Awareness",en,Select one response for each item.,"Wording, response descriptions, and numeric response values were supplied by the researcher. Max Planck Institute for Human Brain and Cognitive Sciences, Stephanstrasse 1a, 04103 Leipzig, Germany, Department of Neurology. Where source response descriptions are blank, the interface renders the numeric value. The participant instruction and required-item flags are application authoring defaults and may be edited before packaging. Scoring/subscale interpretation was not supplied and is not inferred.",item-17,I can maintain awareness of my inner bodily sensations even when there is a lot going on around me,true,,o1,1,1
questionnaire-csv-v1,maia-2-en,1,"Multidimensional Assessment of Interoceptive Awareness",en,Select one response for each item.,"Wording, response descriptions, and numeric response values were supplied by the researcher. Max Planck Institute for Human Brain and Cognitive Sciences, Stephanstrasse 1a, 04103 Leipzig, Germany, Department of Neurology. Where source response descriptions are blank, the interface renders the numeric value. The participant instruction and required-item flags are application authoring defaults and may be edited before packaging. Scoring/subscale interpretation was not supplied and is not inferred.",item-17,I can maintain awareness of my inner bodily sensations even when there is a lot going on around me,true,,o2,2,2
questionnaire-csv-v1,maia-2-en,1,"Multidimensional Assessment of Interoceptive Awareness",en,Select one response for each item.,"Wording, response descriptions, and numeric response values were supplied by the researcher. Max Planck Institute for Human Brain and Cognitive Sciences, Stephanstrasse 1a, 04103 Leipzig, Germany, Department of Neurology. Where source response descriptions are blank, the interface renders the numeric value. The participant instruction and required-item flags are application authoring defaults and may be edited before packaging. Scoring/subscale interpretation was not supplied and is not inferred.",item-17,I can maintain awareness of my inner bodily sensations even when there is a lot going on around me,true,,o3,3,3
questionnaire-csv-v1,maia-2-en,1,"Multidimensional Assessment of Interoceptive Awareness",en,Select one response for each item.,"Wording, response descriptions, and numeric response values were supplied by the researcher. Max Planck Institute for Human Brain and Cognitive Sciences, Stephanstrasse 1a, 04103 Leipzig, Germany, Department of Neurology. Where source response descriptions are blank, the interface renders the numeric value. The participant instruction and required-item flags are application authoring defaults and may be edited before packaging. Scoring/subscale interpretation was not supplied and is not inferred.",item-17,I can maintain awareness of my inner bodily sensations even when there is a lot going on around me,true,,o4,4,4
questionnaire-csv-v1,maia-2-en,1,"Multidimensional Assessment of Interoceptive Awareness",en,Select one response for each item.,"Wording, response descriptions, and numeric response values were supplied by the researcher. Max Planck Institute for Human Brain and Cognitive Sciences, Stephanstrasse 1a, 04103 Leipzig, Germany, Department of Neurology. Where source response descriptions are blank, the interface renders the numeric value. The participant instruction and required-item flags are application authoring defaults and may be edited before packaging. Scoring/subscale interpretation was not supplied and is not inferred.",item-17,I can maintain awareness of my inner bodily sensations even when there is a lot going on around me,true,,o5,Always,5
questionnaire-csv-v1,maia-2-en,1,"Multidimensional Assessment of Interoceptive Awareness",en,Select one response for each item.,"Wording, response descriptions, and numeric response values were supplied by the researcher. Max Planck Institute for Human Brain and Cognitive Sciences, Stephanstrasse 1a, 04103 Leipzig, Germany, Department of Neurology. Where source response descriptions are blank, the interface renders the numeric value. The participant instruction and required-item flags are application authoring defaults and may be edited before packaging. Scoring/subscale interpretation was not supplied and is not inferred.",item-18,"When I am in conversation with someone, I can pay attention to my posture",true,,o0,Never,0
questionnaire-csv-v1,maia-2-en,1,"Multidimensional Assessment of Interoceptive Awareness",en,Select one response for each item.,"Wording, response descriptions, and numeric response values were supplied by the researcher. Max Planck Institute for Human Brain and Cognitive Sciences, Stephanstrasse 1a, 04103 Leipzig, Germany, Department of Neurology. Where source response descriptions are blank, the interface renders the numeric value. The participant instruction and required-item flags are application authoring defaults and may be edited before packaging. Scoring/subscale interpretation was not supplied and is not inferred.",item-18,"When I am in conversation with someone, I can pay attention to my posture",true,,o1,1,1
questionnaire-csv-v1,maia-2-en,1,"Multidimensional Assessment of Interoceptive Awareness",en,Select one response for each item.,"Wording, response descriptions, and numeric response values were supplied by the researcher. Max Planck Institute for Human Brain and Cognitive Sciences, Stephanstrasse 1a, 04103 Leipzig, Germany, Department of Neurology. Where source response descriptions are blank, the interface renders the numeric value. The participant instruction and required-item flags are application authoring defaults and may be edited before packaging. Scoring/subscale interpretation was not supplied and is not inferred.",item-18,"When I am in conversation with someone, I can pay attention to my posture",true,,o2,2,2
questionnaire-csv-v1,maia-2-en,1,"Multidimensional Assessment of Interoceptive Awareness",en,Select one response for each item.,"Wording, response descriptions, and numeric response values were supplied by the researcher. Max Planck Institute for Human Brain and Cognitive Sciences, Stephanstrasse 1a, 04103 Leipzig, Germany, Department of Neurology. Where source response descriptions are blank, the interface renders the numeric value. The participant instruction and required-item flags are application authoring defaults and may be edited before packaging. Scoring/subscale interpretation was not supplied and is not inferred.",item-18,"When I am in conversation with someone, I can pay attention to my posture",true,,o3,3,3
questionnaire-csv-v1,maia-2-en,1,"Multidimensional Assessment of Interoceptive Awareness",en,Select one response for each item.,"Wording, response descriptions, and numeric response values were supplied by the researcher. Max Planck Institute for Human Brain and Cognitive Sciences, Stephanstrasse 1a, 04103 Leipzig, Germany, Department of Neurology. Where source response descriptions are blank, the interface renders the numeric value. The participant instruction and required-item flags are application authoring defaults and may be edited before packaging. Scoring/subscale interpretation was not supplied and is not inferred.",item-18,"When I am in conversation with someone, I can pay attention to my posture",true,,o4,4,4
questionnaire-csv-v1,maia-2-en,1,"Multidimensional Assessment of Interoceptive Awareness",en,Select one response for each item.,"Wording, response descriptions, and numeric response values were supplied by the researcher. Max Planck Institute for Human Brain and Cognitive Sciences, Stephanstrasse 1a, 04103 Leipzig, Germany, Department of Neurology. Where source response descriptions are blank, the interface renders the numeric value. The participant instruction and required-item flags are application authoring defaults and may be edited before packaging. Scoring/subscale interpretation was not supplied and is not inferred.",item-18,"When I am in conversation with someone, I can pay attention to my posture",true,,o5,Always,5
questionnaire-csv-v1,maia-2-en,1,"Multidimensional Assessment of Interoceptive Awareness",en,Select one response for each item.,"Wording, response descriptions, and numeric response values were supplied by the researcher. Max Planck Institute for Human Brain and Cognitive Sciences, Stephanstrasse 1a, 04103 Leipzig, Germany, Department of Neurology. Where source response descriptions are blank, the interface renders the numeric value. The participant instruction and required-item flags are application authoring defaults and may be edited before packaging. Scoring/subscale interpretation was not supplied and is not inferred.",item-19,I can return awareness to my body if I am distracted,true,,o0,Never,0
questionnaire-csv-v1,maia-2-en,1,"Multidimensional Assessment of Interoceptive Awareness",en,Select one response for each item.,"Wording, response descriptions, and numeric response values were supplied by the researcher. Max Planck Institute for Human Brain and Cognitive Sciences, Stephanstrasse 1a, 04103 Leipzig, Germany, Department of Neurology. Where source response descriptions are blank, the interface renders the numeric value. The participant instruction and required-item flags are application authoring defaults and may be edited before packaging. Scoring/subscale interpretation was not supplied and is not inferred.",item-19,I can return awareness to my body if I am distracted,true,,o1,1,1
questionnaire-csv-v1,maia-2-en,1,"Multidimensional Assessment of Interoceptive Awareness",en,Select one response for each item.,"Wording, response descriptions, and numeric response values were supplied by the researcher. Max Planck Institute for Human Brain and Cognitive Sciences, Stephanstrasse 1a, 04103 Leipzig, Germany, Department of Neurology. Where source response descriptions are blank, the interface renders the numeric value. The participant instruction and required-item flags are application authoring defaults and may be edited before packaging. Scoring/subscale interpretation was not supplied and is not inferred.",item-19,I can return awareness to my body if I am distracted,true,,o2,2,2
questionnaire-csv-v1,maia-2-en,1,"Multidimensional Assessment of Interoceptive Awareness",en,Select one response for each item.,"Wording, response descriptions, and numeric response values were supplied by the researcher. Max Planck Institute for Human Brain and Cognitive Sciences, Stephanstrasse 1a, 04103 Leipzig, Germany, Department of Neurology. Where source response descriptions are blank, the interface renders the numeric value. The participant instruction and required-item flags are application authoring defaults and may be edited before packaging. Scoring/subscale interpretation was not supplied and is not inferred.",item-19,I can return awareness to my body if I am distracted,true,,o3,3,3
questionnaire-csv-v1,maia-2-en,1,"Multidimensional Assessment of Interoceptive Awareness",en,Select one response for each item.,"Wording, response descriptions, and numeric response values were supplied by the researcher. Max Planck Institute for Human Brain and Cognitive Sciences, Stephanstrasse 1a, 04103 Leipzig, Germany, Department of Neurology. Where source response descriptions are blank, the interface renders the numeric value. The participant instruction and required-item flags are application authoring defaults and may be edited before packaging. Scoring/subscale interpretation was not supplied and is not inferred.",item-19,I can return awareness to my body if I am distracted,true,,o4,4,4
questionnaire-csv-v1,maia-2-en,1,"Multidimensional Assessment of Interoceptive Awareness",en,Select one response for each item.,"Wording, response descriptions, and numeric response values were supplied by the researcher. Max Planck Institute for Human Brain and Cognitive Sciences, Stephanstrasse 1a, 04103 Leipzig, Germany, Department of Neurology. Where source response descriptions are blank, the interface renders the numeric value. The participant instruction and required-item flags are application authoring defaults and may be edited before packaging. Scoring/subscale interpretation was not supplied and is not inferred.",item-19,I can return awareness to my body if I am distracted,true,,o5,Always,5
questionnaire-csv-v1,maia-2-en,1,"Multidimensional Assessment of Interoceptive Awareness",en,Select one response for each item.,"Wording, response descriptions, and numeric response values were supplied by the researcher. Max Planck Institute for Human Brain and Cognitive Sciences, Stephanstrasse 1a, 04103 Leipzig, Germany, Department of Neurology. Where source response descriptions are blank, the interface renders the numeric value. The participant instruction and required-item flags are application authoring defaults and may be edited before packaging. Scoring/subscale interpretation was not supplied and is not inferred.",item-20,I can refocus my attention from thinking to sensing my body,true,,o0,Never,0
questionnaire-csv-v1,maia-2-en,1,"Multidimensional Assessment of Interoceptive Awareness",en,Select one response for each item.,"Wording, response descriptions, and numeric response values were supplied by the researcher. Max Planck Institute for Human Brain and Cognitive Sciences, Stephanstrasse 1a, 04103 Leipzig, Germany, Department of Neurology. Where source response descriptions are blank, the interface renders the numeric value. The participant instruction and required-item flags are application authoring defaults and may be edited before packaging. Scoring/subscale interpretation was not supplied and is not inferred.",item-20,I can refocus my attention from thinking to sensing my body,true,,o1,1,1
questionnaire-csv-v1,maia-2-en,1,"Multidimensional Assessment of Interoceptive Awareness",en,Select one response for each item.,"Wording, response descriptions, and numeric response values were supplied by the researcher. Max Planck Institute for Human Brain and Cognitive Sciences, Stephanstrasse 1a, 04103 Leipzig, Germany, Department of Neurology. Where source response descriptions are blank, the interface renders the numeric value. The participant instruction and required-item flags are application authoring defaults and may be edited before packaging. Scoring/subscale interpretation was not supplied and is not inferred.",item-20,I can refocus my attention from thinking to sensing my body,true,,o2,2,2
questionnaire-csv-v1,maia-2-en,1,"Multidimensional Assessment of Interoceptive Awareness",en,Select one response for each item.,"Wording, response descriptions, and numeric response values were supplied by the researcher. Max Planck Institute for Human Brain and Cognitive Sciences, Stephanstrasse 1a, 04103 Leipzig, Germany, Department of Neurology. Where source response descriptions are blank, the interface renders the numeric value. The participant instruction and required-item flags are application authoring defaults and may be edited before packaging. Scoring/subscale interpretation was not supplied and is not inferred.",item-20,I can refocus my attention from thinking to sensing my body,true,,o3,3,3
questionnaire-csv-v1,maia-2-en,1,"Multidimensional Assessment of Interoceptive Awareness",en,Select one response for each item.,"Wording, response descriptions, and numeric response values were supplied by the researcher. Max Planck Institute for Human Brain and Cognitive Sciences, Stephanstrasse 1a, 04103 Leipzig, Germany, Department of Neurology. Where source response descriptions are blank, the interface renders the numeric value. The participant instruction and required-item flags are application authoring defaults and may be edited before packaging. Scoring/subscale interpretation was not supplied and is not inferred.",item-20,I can refocus my attention from thinking to sensing my body,true,,o4,4,4
questionnaire-csv-v1,maia-2-en,1,"Multidimensional Assessment of Interoceptive Awareness",en,Select one response for each item.,"Wording, response descriptions, and numeric response values were supplied by the researcher. Max Planck Institute for Human Brain and Cognitive Sciences, Stephanstrasse 1a, 04103 Leipzig, Germany, Department of Neurology. Where source response descriptions are blank, the interface renders the numeric value. The participant instruction and required-item flags are application authoring defaults and may be edited before packaging. Scoring/subscale interpretation was not supplied and is not inferred.",item-20,I can refocus my attention from thinking to sensing my body,true,,o5,Always,5
questionnaire-csv-v1,maia-2-en,1,"Multidimensional Assessment of Interoceptive Awareness",en,Select one response for each item.,"Wording, response descriptions, and numeric response values were supplied by the researcher. Max Planck Institute for Human Brain and Cognitive Sciences, Stephanstrasse 1a, 04103 Leipzig, Germany, Department of Neurology. Where source response descriptions are blank, the interface renders the numeric value. The participant instruction and required-item flags are application authoring defaults and may be edited before packaging. Scoring/subscale interpretation was not supplied and is not inferred.",item-21,I can maintain awareness of my whole body even when a part of me is in pain or discomfort,true,,o0,Never,0
questionnaire-csv-v1,maia-2-en,1,"Multidimensional Assessment of Interoceptive Awareness",en,Select one response for each item.,"Wording, response descriptions, and numeric response values were supplied by the researcher. Max Planck Institute for Human Brain and Cognitive Sciences, Stephanstrasse 1a, 04103 Leipzig, Germany, Department of Neurology. Where source response descriptions are blank, the interface renders the numeric value. The participant instruction and required-item flags are application authoring defaults and may be edited before packaging. Scoring/subscale interpretation was not supplied and is not inferred.",item-21,I can maintain awareness of my whole body even when a part of me is in pain or discomfort,true,,o1,1,1
questionnaire-csv-v1,maia-2-en,1,"Multidimensional Assessment of Interoceptive Awareness",en,Select one response for each item.,"Wording, response descriptions, and numeric response values were supplied by the researcher. Max Planck Institute for Human Brain and Cognitive Sciences, Stephanstrasse 1a, 04103 Leipzig, Germany, Department of Neurology. Where source response descriptions are blank, the interface renders the numeric value. The participant instruction and required-item flags are application authoring defaults and may be edited before packaging. Scoring/subscale interpretation was not supplied and is not inferred.",item-21,I can maintain awareness of my whole body even when a part of me is in pain or discomfort,true,,o2,2,2
questionnaire-csv-v1,maia-2-en,1,"Multidimensional Assessment of Interoceptive Awareness",en,Select one response for each item.,"Wording, response descriptions, and numeric response values were supplied by the researcher. Max Planck Institute for Human Brain and Cognitive Sciences, Stephanstrasse 1a, 04103 Leipzig, Germany, Department of Neurology. Where source response descriptions are blank, the interface renders the numeric value. The participant instruction and required-item flags are application authoring defaults and may be edited before packaging. Scoring/subscale interpretation was not supplied and is not inferred.",item-21,I can maintain awareness of my whole body even when a part of me is in pain or discomfort,true,,o3,3,3
questionnaire-csv-v1,maia-2-en,1,"Multidimensional Assessment of Interoceptive Awareness",en,Select one response for each item.,"Wording, response descriptions, and numeric response values were supplied by the researcher. Max Planck Institute for Human Brain and Cognitive Sciences, Stephanstrasse 1a, 04103 Leipzig, Germany, Department of Neurology. Where source response descriptions are blank, the interface renders the numeric value. The participant instruction and required-item flags are application authoring defaults and may be edited before packaging. Scoring/subscale interpretation was not supplied and is not inferred.",item-21,I can maintain awareness of my whole body even when a part of me is in pain or discomfort,true,,o4,4,4
questionnaire-csv-v1,maia-2-en,1,"Multidimensional Assessment of Interoceptive Awareness",en,Select one response for each item.,"Wording, response descriptions, and numeric response values were supplied by the researcher. Max Planck Institute for Human Brain and Cognitive Sciences, Stephanstrasse 1a, 04103 Leipzig, Germany, Department of Neurology. Where source response descriptions are blank, the interface renders the numeric value. The participant instruction and required-item flags are application authoring defaults and may be edited before packaging. Scoring/subscale interpretation was not supplied and is not inferred.",item-21,I can maintain awareness of my whole body even when a part of me is in pain or discomfort,true,,o5,Always,5
questionnaire-csv-v1,maia-2-en,1,"Multidimensional Assessment of Interoceptive Awareness",en,Select one response for each item.,"Wording, response descriptions, and numeric response values were supplied by the researcher. Max Planck Institute for Human Brain and Cognitive Sciences, Stephanstrasse 1a, 04103 Leipzig, Germany, Department of Neurology. Where source response descriptions are blank, the interface renders the numeric value. The participant instruction and required-item flags are application authoring defaults and may be edited before packaging. Scoring/subscale interpretation was not supplied and is not inferred.",item-22,I am able to consciously focus on my body as a whole,true,,o0,Never,0
questionnaire-csv-v1,maia-2-en,1,"Multidimensional Assessment of Interoceptive Awareness",en,Select one response for each item.,"Wording, response descriptions, and numeric response values were supplied by the researcher. Max Planck Institute for Human Brain and Cognitive Sciences, Stephanstrasse 1a, 04103 Leipzig, Germany, Department of Neurology. Where source response descriptions are blank, the interface renders the numeric value. The participant instruction and required-item flags are application authoring defaults and may be edited before packaging. Scoring/subscale interpretation was not supplied and is not inferred.",item-22,I am able to consciously focus on my body as a whole,true,,o1,1,1
questionnaire-csv-v1,maia-2-en,1,"Multidimensional Assessment of Interoceptive Awareness",en,Select one response for each item.,"Wording, response descriptions, and numeric response values were supplied by the researcher. Max Planck Institute for Human Brain and Cognitive Sciences, Stephanstrasse 1a, 04103 Leipzig, Germany, Department of Neurology. Where source response descriptions are blank, the interface renders the numeric value. The participant instruction and required-item flags are application authoring defaults and may be edited before packaging. Scoring/subscale interpretation was not supplied and is not inferred.",item-22,I am able to consciously focus on my body as a whole,true,,o2,2,2
questionnaire-csv-v1,maia-2-en,1,"Multidimensional Assessment of Interoceptive Awareness",en,Select one response for each item.,"Wording, response descriptions, and numeric response values were supplied by the researcher. Max Planck Institute for Human Brain and Cognitive Sciences, Stephanstrasse 1a, 04103 Leipzig, Germany, Department of Neurology. Where source response descriptions are blank, the interface renders the numeric value. The participant instruction and required-item flags are application authoring defaults and may be edited before packaging. Scoring/subscale interpretation was not supplied and is not inferred.",item-22,I am able to consciously focus on my body as a whole,true,,o3,3,3
questionnaire-csv-v1,maia-2-en,1,"Multidimensional Assessment of Interoceptive Awareness",en,Select one response for each item.,"Wording, response descriptions, and numeric response values were supplied by the researcher. Max Planck Institute for Human Brain and Cognitive Sciences, Stephanstrasse 1a, 04103 Leipzig, Germany, Department of Neurology. Where source response descriptions are blank, the interface renders the numeric value. The participant instruction and required-item flags are application authoring defaults and may be edited before packaging. Scoring/subscale interpretation was not supplied and is not inferred.",item-22,I am able to consciously focus on my body as a whole,true,,o4,4,4
questionnaire-csv-v1,maia-2-en,1,"Multidimensional Assessment of Interoceptive Awareness",en,Select one response for each item.,"Wording, response descriptions, and numeric response values were supplied by the researcher. Max Planck Institute for Human Brain and Cognitive Sciences, Stephanstrasse 1a, 04103 Leipzig, Germany, Department of Neurology. Where source response descriptions are blank, the interface renders the numeric value. The participant instruction and required-item flags are application authoring defaults and may be edited before packaging. Scoring/subscale interpretation was not supplied and is not inferred.",item-22,I am able to consciously focus on my body as a whole,true,,o5,Always,5
questionnaire-csv-v1,maia-2-en,1,"Multidimensional Assessment of Interoceptive Awareness",en,Select one response for each item.,"Wording, response descriptions, and numeric response values were supplied by the researcher. Max Planck Institute for Human Brain and Cognitive Sciences, Stephanstrasse 1a, 04103 Leipzig, Germany, Department of Neurology. Where source response descriptions are blank, the interface renders the numeric value. The participant instruction and required-item flags are application authoring defaults and may be edited before packaging. Scoring/subscale interpretation was not supplied and is not inferred.",item-23,I notice how my body changes when I am angry,true,,o0,Never,0
questionnaire-csv-v1,maia-2-en,1,"Multidimensional Assessment of Interoceptive Awareness",en,Select one response for each item.,"Wording, response descriptions, and numeric response values were supplied by the researcher. Max Planck Institute for Human Brain and Cognitive Sciences, Stephanstrasse 1a, 04103 Leipzig, Germany, Department of Neurology. Where source response descriptions are blank, the interface renders the numeric value. The participant instruction and required-item flags are application authoring defaults and may be edited before packaging. Scoring/subscale interpretation was not supplied and is not inferred.",item-23,I notice how my body changes when I am angry,true,,o1,1,1
questionnaire-csv-v1,maia-2-en,1,"Multidimensional Assessment of Interoceptive Awareness",en,Select one response for each item.,"Wording, response descriptions, and numeric response values were supplied by the researcher. Max Planck Institute for Human Brain and Cognitive Sciences, Stephanstrasse 1a, 04103 Leipzig, Germany, Department of Neurology. Where source response descriptions are blank, the interface renders the numeric value. The participant instruction and required-item flags are application authoring defaults and may be edited before packaging. Scoring/subscale interpretation was not supplied and is not inferred.",item-23,I notice how my body changes when I am angry,true,,o2,2,2
questionnaire-csv-v1,maia-2-en,1,"Multidimensional Assessment of Interoceptive Awareness",en,Select one response for each item.,"Wording, response descriptions, and numeric response values were supplied by the researcher. Max Planck Institute for Human Brain and Cognitive Sciences, Stephanstrasse 1a, 04103 Leipzig, Germany, Department of Neurology. Where source response descriptions are blank, the interface renders the numeric value. The participant instruction and required-item flags are application authoring defaults and may be edited before packaging. Scoring/subscale interpretation was not supplied and is not inferred.",item-23,I notice how my body changes when I am angry,true,,o3,3,3
questionnaire-csv-v1,maia-2-en,1,"Multidimensional Assessment of Interoceptive Awareness",en,Select one response for each item.,"Wording, response descriptions, and numeric response values were supplied by the researcher. Max Planck Institute for Human Brain and Cognitive Sciences, Stephanstrasse 1a, 04103 Leipzig, Germany, Department of Neurology. Where source response descriptions are blank, the interface renders the numeric value. The participant instruction and required-item flags are application authoring defaults and may be edited before packaging. Scoring/subscale interpretation was not supplied and is not inferred.",item-23,I notice how my body changes when I am angry,true,,o4,4,4
questionnaire-csv-v1,maia-2-en,1,"Multidimensional Assessment of Interoceptive Awareness",en,Select one response for each item.,"Wording, response descriptions, and numeric response values were supplied by the researcher. Max Planck Institute for Human Brain and Cognitive Sciences, Stephanstrasse 1a, 04103 Leipzig, Germany, Department of Neurology. Where source response descriptions are blank, the interface renders the numeric value. The participant instruction and required-item flags are application authoring defaults and may be edited before packaging. Scoring/subscale interpretation was not supplied and is not inferred.",item-23,I notice how my body changes when I am angry,true,,o5,Always,5
questionnaire-csv-v1,maia-2-en,1,"Multidimensional Assessment of Interoceptive Awareness",en,Select one response for each item.,"Wording, response descriptions, and numeric response values were supplied by the researcher. Max Planck Institute for Human Brain and Cognitive Sciences, Stephanstrasse 1a, 04103 Leipzig, Germany, Department of Neurology. Where source response descriptions are blank, the interface renders the numeric value. The participant instruction and required-item flags are application authoring defaults and may be edited before packaging. Scoring/subscale interpretation was not supplied and is not inferred.",item-24,When something is wrong in my life I can feel it in my body,true,,o0,Never,0
questionnaire-csv-v1,maia-2-en,1,"Multidimensional Assessment of Interoceptive Awareness",en,Select one response for each item.,"Wording, response descriptions, and numeric response values were supplied by the researcher. Max Planck Institute for Human Brain and Cognitive Sciences, Stephanstrasse 1a, 04103 Leipzig, Germany, Department of Neurology. Where source response descriptions are blank, the interface renders the numeric value. The participant instruction and required-item flags are application authoring defaults and may be edited before packaging. Scoring/subscale interpretation was not supplied and is not inferred.",item-24,When something is wrong in my life I can feel it in my body,true,,o1,1,1
questionnaire-csv-v1,maia-2-en,1,"Multidimensional Assessment of Interoceptive Awareness",en,Select one response for each item.,"Wording, response descriptions, and numeric response values were supplied by the researcher. Max Planck Institute for Human Brain and Cognitive Sciences, Stephanstrasse 1a, 04103 Leipzig, Germany, Department of Neurology. Where source response descriptions are blank, the interface renders the numeric value. The participant instruction and required-item flags are application authoring defaults and may be edited before packaging. Scoring/subscale interpretation was not supplied and is not inferred.",item-24,When something is wrong in my life I can feel it in my body,true,,o2,2,2
questionnaire-csv-v1,maia-2-en,1,"Multidimensional Assessment of Interoceptive Awareness",en,Select one response for each item.,"Wording, response descriptions, and numeric response values were supplied by the researcher. Max Planck Institute for Human Brain and Cognitive Sciences, Stephanstrasse 1a, 04103 Leipzig, Germany, Department of Neurology. Where source response descriptions are blank, the interface renders the numeric value. The participant instruction and required-item flags are application authoring defaults and may be edited before packaging. Scoring/subscale interpretation was not supplied and is not inferred.",item-24,When something is wrong in my life I can feel it in my body,true,,o3,3,3
questionnaire-csv-v1,maia-2-en,1,"Multidimensional Assessment of Interoceptive Awareness",en,Select one response for each item.,"Wording, response descriptions, and numeric response values were supplied by the researcher. Max Planck Institute for Human Brain and Cognitive Sciences, Stephanstrasse 1a, 04103 Leipzig, Germany, Department of Neurology. Where source response descriptions are blank, the interface renders the numeric value. The participant instruction and required-item flags are application authoring defaults and may be edited before packaging. Scoring/subscale interpretation was not supplied and is not inferred.",item-24,When something is wrong in my life I can feel it in my body,true,,o4,4,4
questionnaire-csv-v1,maia-2-en,1,"Multidimensional Assessment of Interoceptive Awareness",en,Select one response for each item.,"Wording, response descriptions, and numeric response values were supplied by the researcher. Max Planck Institute for Human Brain and Cognitive Sciences, Stephanstrasse 1a, 04103 Leipzig, Germany, Department of Neurology. Where source response descriptions are blank, the interface renders the numeric value. The participant instruction and required-item flags are application authoring defaults and may be edited before packaging. Scoring/subscale interpretation was not supplied and is not inferred.",item-24,When something is wrong in my life I can feel it in my body,true,,o5,Always,5
questionnaire-csv-v1,maia-2-en,1,"Multidimensional Assessment of Interoceptive Awareness",en,Select one response for each item.,"Wording, response descriptions, and numeric response values were supplied by the researcher. Max Planck Institute for Human Brain and Cognitive Sciences, Stephanstrasse 1a, 04103 Leipzig, Germany, Department of Neurology. Where source response descriptions are blank, the interface renders the numeric value. The participant instruction and required-item flags are application authoring defaults and may be edited before packaging. Scoring/subscale interpretation was not supplied and is not inferred.",item-25,I notice that my body feels different after a peaceful experience,true,,o0,Never,0
questionnaire-csv-v1,maia-2-en,1,"Multidimensional Assessment of Interoceptive Awareness",en,Select one response for each item.,"Wording, response descriptions, and numeric response values were supplied by the researcher. Max Planck Institute for Human Brain and Cognitive Sciences, Stephanstrasse 1a, 04103 Leipzig, Germany, Department of Neurology. Where source response descriptions are blank, the interface renders the numeric value. The participant instruction and required-item flags are application authoring defaults and may be edited before packaging. Scoring/subscale interpretation was not supplied and is not inferred.",item-25,I notice that my body feels different after a peaceful experience,true,,o1,1,1
questionnaire-csv-v1,maia-2-en,1,"Multidimensional Assessment of Interoceptive Awareness",en,Select one response for each item.,"Wording, response descriptions, and numeric response values were supplied by the researcher. Max Planck Institute for Human Brain and Cognitive Sciences, Stephanstrasse 1a, 04103 Leipzig, Germany, Department of Neurology. Where source response descriptions are blank, the interface renders the numeric value. The participant instruction and required-item flags are application authoring defaults and may be edited before packaging. Scoring/subscale interpretation was not supplied and is not inferred.",item-25,I notice that my body feels different after a peaceful experience,true,,o2,2,2
questionnaire-csv-v1,maia-2-en,1,"Multidimensional Assessment of Interoceptive Awareness",en,Select one response for each item.,"Wording, response descriptions, and numeric response values were supplied by the researcher. Max Planck Institute for Human Brain and Cognitive Sciences, Stephanstrasse 1a, 04103 Leipzig, Germany, Department of Neurology. Where source response descriptions are blank, the interface renders the numeric value. The participant instruction and required-item flags are application authoring defaults and may be edited before packaging. Scoring/subscale interpretation was not supplied and is not inferred.",item-25,I notice that my body feels different after a peaceful experience,true,,o3,3,3
questionnaire-csv-v1,maia-2-en,1,"Multidimensional Assessment of Interoceptive Awareness",en,Select one response for each item.,"Wording, response descriptions, and numeric response values were supplied by the researcher. Max Planck Institute for Human Brain and Cognitive Sciences, Stephanstrasse 1a, 04103 Leipzig, Germany, Department of Neurology. Where source response descriptions are blank, the interface renders the numeric value. The participant instruction and required-item flags are application authoring defaults and may be edited before packaging. Scoring/subscale interpretation was not supplied and is not inferred.",item-25,I notice that my body feels different after a peaceful experience,true,,o4,4,4
questionnaire-csv-v1,maia-2-en,1,"Multidimensional Assessment of Interoceptive Awareness",en,Select one response for each item.,"Wording, response descriptions, and numeric response values were supplied by the researcher. Max Planck Institute for Human Brain and Cognitive Sciences, Stephanstrasse 1a, 04103 Leipzig, Germany, Department of Neurology. Where source response descriptions are blank, the interface renders the numeric value. The participant instruction and required-item flags are application authoring defaults and may be edited before packaging. Scoring/subscale interpretation was not supplied and is not inferred.",item-25,I notice that my body feels different after a peaceful experience,true,,o5,Always,5
questionnaire-csv-v1,maia-2-en,1,"Multidimensional Assessment of Interoceptive Awareness",en,Select one response for each item.,"Wording, response descriptions, and numeric response values were supplied by the researcher. Max Planck Institute for Human Brain and Cognitive Sciences, Stephanstrasse 1a, 04103 Leipzig, Germany, Department of Neurology. Where source response descriptions are blank, the interface renders the numeric value. The participant instruction and required-item flags are application authoring defaults and may be edited before packaging. Scoring/subscale interpretation was not supplied and is not inferred.",item-26,I notice that my breathing becomes free and easy when I feel comfortable,true,,o0,Never,0
questionnaire-csv-v1,maia-2-en,1,"Multidimensional Assessment of Interoceptive Awareness",en,Select one response for each item.,"Wording, response descriptions, and numeric response values were supplied by the researcher. Max Planck Institute for Human Brain and Cognitive Sciences, Stephanstrasse 1a, 04103 Leipzig, Germany, Department of Neurology. Where source response descriptions are blank, the interface renders the numeric value. The participant instruction and required-item flags are application authoring defaults and may be edited before packaging. Scoring/subscale interpretation was not supplied and is not inferred.",item-26,I notice that my breathing becomes free and easy when I feel comfortable,true,,o1,1,1
questionnaire-csv-v1,maia-2-en,1,"Multidimensional Assessment of Interoceptive Awareness",en,Select one response for each item.,"Wording, response descriptions, and numeric response values were supplied by the researcher. Max Planck Institute for Human Brain and Cognitive Sciences, Stephanstrasse 1a, 04103 Leipzig, Germany, Department of Neurology. Where source response descriptions are blank, the interface renders the numeric value. The participant instruction and required-item flags are application authoring defaults and may be edited before packaging. Scoring/subscale interpretation was not supplied and is not inferred.",item-26,I notice that my breathing becomes free and easy when I feel comfortable,true,,o2,2,2
questionnaire-csv-v1,maia-2-en,1,"Multidimensional Assessment of Interoceptive Awareness",en,Select one response for each item.,"Wording, response descriptions, and numeric response values were supplied by the researcher. Max Planck Institute for Human Brain and Cognitive Sciences, Stephanstrasse 1a, 04103 Leipzig, Germany, Department of Neurology. Where source response descriptions are blank, the interface renders the numeric value. The participant instruction and required-item flags are application authoring defaults and may be edited before packaging. Scoring/subscale interpretation was not supplied and is not inferred.",item-26,I notice that my breathing becomes free and easy when I feel comfortable,true,,o3,3,3
questionnaire-csv-v1,maia-2-en,1,"Multidimensional Assessment of Interoceptive Awareness",en,Select one response for each item.,"Wording, response descriptions, and numeric response values were supplied by the researcher. Max Planck Institute for Human Brain and Cognitive Sciences, Stephanstrasse 1a, 04103 Leipzig, Germany, Department of Neurology. Where source response descriptions are blank, the interface renders the numeric value. The participant instruction and required-item flags are application authoring defaults and may be edited before packaging. Scoring/subscale interpretation was not supplied and is not inferred.",item-26,I notice that my breathing becomes free and easy when I feel comfortable,true,,o4,4,4
questionnaire-csv-v1,maia-2-en,1,"Multidimensional Assessment of Interoceptive Awareness",en,Select one response for each item.,"Wording, response descriptions, and numeric response values were supplied by the researcher. Max Planck Institute for Human Brain and Cognitive Sciences, Stephanstrasse 1a, 04103 Leipzig, Germany, Department of Neurology. Where source response descriptions are blank, the interface renders the numeric value. The participant instruction and required-item flags are application authoring defaults and may be edited before packaging. Scoring/subscale interpretation was not supplied and is not inferred.",item-26,I notice that my breathing becomes free and easy when I feel comfortable,true,,o5,Always,5
questionnaire-csv-v1,maia-2-en,1,"Multidimensional Assessment of Interoceptive Awareness",en,Select one response for each item.,"Wording, response descriptions, and numeric response values were supplied by the researcher. Max Planck Institute for Human Brain and Cognitive Sciences, Stephanstrasse 1a, 04103 Leipzig, Germany, Department of Neurology. Where source response descriptions are blank, the interface renders the numeric value. The participant instruction and required-item flags are application authoring defaults and may be edited before packaging. Scoring/subscale interpretation was not supplied and is not inferred.",item-27,I notice how my body changes when I feel happy / joyful,true,,o0,Never,0
questionnaire-csv-v1,maia-2-en,1,"Multidimensional Assessment of Interoceptive Awareness",en,Select one response for each item.,"Wording, response descriptions, and numeric response values were supplied by the researcher. Max Planck Institute for Human Brain and Cognitive Sciences, Stephanstrasse 1a, 04103 Leipzig, Germany, Department of Neurology. Where source response descriptions are blank, the interface renders the numeric value. The participant instruction and required-item flags are application authoring defaults and may be edited before packaging. Scoring/subscale interpretation was not supplied and is not inferred.",item-27,I notice how my body changes when I feel happy / joyful,true,,o1,1,1
questionnaire-csv-v1,maia-2-en,1,"Multidimensional Assessment of Interoceptive Awareness",en,Select one response for each item.,"Wording, response descriptions, and numeric response values were supplied by the researcher. Max Planck Institute for Human Brain and Cognitive Sciences, Stephanstrasse 1a, 04103 Leipzig, Germany, Department of Neurology. Where source response descriptions are blank, the interface renders the numeric value. The participant instruction and required-item flags are application authoring defaults and may be edited before packaging. Scoring/subscale interpretation was not supplied and is not inferred.",item-27,I notice how my body changes when I feel happy / joyful,true,,o2,2,2
questionnaire-csv-v1,maia-2-en,1,"Multidimensional Assessment of Interoceptive Awareness",en,Select one response for each item.,"Wording, response descriptions, and numeric response values were supplied by the researcher. Max Planck Institute for Human Brain and Cognitive Sciences, Stephanstrasse 1a, 04103 Leipzig, Germany, Department of Neurology. Where source response descriptions are blank, the interface renders the numeric value. The participant instruction and required-item flags are application authoring defaults and may be edited before packaging. Scoring/subscale interpretation was not supplied and is not inferred.",item-27,I notice how my body changes when I feel happy / joyful,true,,o3,3,3
questionnaire-csv-v1,maia-2-en,1,"Multidimensional Assessment of Interoceptive Awareness",en,Select one response for each item.,"Wording, response descriptions, and numeric response values were supplied by the researcher. Max Planck Institute for Human Brain and Cognitive Sciences, Stephanstrasse 1a, 04103 Leipzig, Germany, Department of Neurology. Where source response descriptions are blank, the interface renders the numeric value. The participant instruction and required-item flags are application authoring defaults and may be edited before packaging. Scoring/subscale interpretation was not supplied and is not inferred.",item-27,I notice how my body changes when I feel happy / joyful,true,,o4,4,4
questionnaire-csv-v1,maia-2-en,1,"Multidimensional Assessment of Interoceptive Awareness",en,Select one response for each item.,"Wording, response descriptions, and numeric response values were supplied by the researcher. Max Planck Institute for Human Brain and Cognitive Sciences, Stephanstrasse 1a, 04103 Leipzig, Germany, Department of Neurology. Where source response descriptions are blank, the interface renders the numeric value. The participant instruction and required-item flags are application authoring defaults and may be edited before packaging. Scoring/subscale interpretation was not supplied and is not inferred.",item-27,I notice how my body changes when I feel happy / joyful,true,,o5,Always,5
questionnaire-csv-v1,maia-2-en,1,"Multidimensional Assessment of Interoceptive Awareness",en,Select one response for each item.,"Wording, response descriptions, and numeric response values were supplied by the researcher. Max Planck Institute for Human Brain and Cognitive Sciences, Stephanstrasse 1a, 04103 Leipzig, Germany, Department of Neurology. Where source response descriptions are blank, the interface renders the numeric value. The participant instruction and required-item flags are application authoring defaults and may be edited before packaging. Scoring/subscale interpretation was not supplied and is not inferred.",item-28,When I feel overwhelmed I can find a calm place inside,true,,o0,Never,0
questionnaire-csv-v1,maia-2-en,1,"Multidimensional Assessment of Interoceptive Awareness",en,Select one response for each item.,"Wording, response descriptions, and numeric response values were supplied by the researcher. Max Planck Institute for Human Brain and Cognitive Sciences, Stephanstrasse 1a, 04103 Leipzig, Germany, Department of Neurology. Where source response descriptions are blank, the interface renders the numeric value. The participant instruction and required-item flags are application authoring defaults and may be edited before packaging. Scoring/subscale interpretation was not supplied and is not inferred.",item-28,When I feel overwhelmed I can find a calm place inside,true,,o1,1,1
questionnaire-csv-v1,maia-2-en,1,"Multidimensional Assessment of Interoceptive Awareness",en,Select one response for each item.,"Wording, response descriptions, and numeric response values were supplied by the researcher. Max Planck Institute for Human Brain and Cognitive Sciences, Stephanstrasse 1a, 04103 Leipzig, Germany, Department of Neurology. Where source response descriptions are blank, the interface renders the numeric value. The participant instruction and required-item flags are application authoring defaults and may be edited before packaging. Scoring/subscale interpretation was not supplied and is not inferred.",item-28,When I feel overwhelmed I can find a calm place inside,true,,o2,2,2
questionnaire-csv-v1,maia-2-en,1,"Multidimensional Assessment of Interoceptive Awareness",en,Select one response for each item.,"Wording, response descriptions, and numeric response values were supplied by the researcher. Max Planck Institute for Human Brain and Cognitive Sciences, Stephanstrasse 1a, 04103 Leipzig, Germany, Department of Neurology. Where source response descriptions are blank, the interface renders the numeric value. The participant instruction and required-item flags are application authoring defaults and may be edited before packaging. Scoring/subscale interpretation was not supplied and is not inferred.",item-28,When I feel overwhelmed I can find a calm place inside,true,,o3,3,3
questionnaire-csv-v1,maia-2-en,1,"Multidimensional Assessment of Interoceptive Awareness",en,Select one response for each item.,"Wording, response descriptions, and numeric response values were supplied by the researcher. Max Planck Institute for Human Brain and Cognitive Sciences, Stephanstrasse 1a, 04103 Leipzig, Germany, Department of Neurology. Where source response descriptions are blank, the interface renders the numeric value. The participant instruction and required-item flags are application authoring defaults and may be edited before packaging. Scoring/subscale interpretation was not supplied and is not inferred.",item-28,When I feel overwhelmed I can find a calm place inside,true,,o4,4,4
questionnaire-csv-v1,maia-2-en,1,"Multidimensional Assessment of Interoceptive Awareness",en,Select one response for each item.,"Wording, response descriptions, and numeric response values were supplied by the researcher. Max Planck Institute for Human Brain and Cognitive Sciences, Stephanstrasse 1a, 04103 Leipzig, Germany, Department of Neurology. Where source response descriptions are blank, the interface renders the numeric value. The participant instruction and required-item flags are application authoring defaults and may be edited before packaging. Scoring/subscale interpretation was not supplied and is not inferred.",item-28,When I feel overwhelmed I can find a calm place inside,true,,o5,Always,5
questionnaire-csv-v1,maia-2-en,1,"Multidimensional Assessment of Interoceptive Awareness",en,Select one response for each item.,"Wording, response descriptions, and numeric response values were supplied by the researcher. Max Planck Institute for Human Brain and Cognitive Sciences, Stephanstrasse 1a, 04103 Leipzig, Germany, Department of Neurology. Where source response descriptions are blank, the interface renders the numeric value. The participant instruction and required-item flags are application authoring defaults and may be edited before packaging. Scoring/subscale interpretation was not supplied and is not inferred.",item-29,When I bring awareness to my body I feel a sense of calm,true,,o0,Never,0
questionnaire-csv-v1,maia-2-en,1,"Multidimensional Assessment of Interoceptive Awareness",en,Select one response for each item.,"Wording, response descriptions, and numeric response values were supplied by the researcher. Max Planck Institute for Human Brain and Cognitive Sciences, Stephanstrasse 1a, 04103 Leipzig, Germany, Department of Neurology. Where source response descriptions are blank, the interface renders the numeric value. The participant instruction and required-item flags are application authoring defaults and may be edited before packaging. Scoring/subscale interpretation was not supplied and is not inferred.",item-29,When I bring awareness to my body I feel a sense of calm,true,,o1,1,1
questionnaire-csv-v1,maia-2-en,1,"Multidimensional Assessment of Interoceptive Awareness",en,Select one response for each item.,"Wording, response descriptions, and numeric response values were supplied by the researcher. Max Planck Institute for Human Brain and Cognitive Sciences, Stephanstrasse 1a, 04103 Leipzig, Germany, Department of Neurology. Where source response descriptions are blank, the interface renders the numeric value. The participant instruction and required-item flags are application authoring defaults and may be edited before packaging. Scoring/subscale interpretation was not supplied and is not inferred.",item-29,When I bring awareness to my body I feel a sense of calm,true,,o2,2,2
questionnaire-csv-v1,maia-2-en,1,"Multidimensional Assessment of Interoceptive Awareness",en,Select one response for each item.,"Wording, response descriptions, and numeric response values were supplied by the researcher. Max Planck Institute for Human Brain and Cognitive Sciences, Stephanstrasse 1a, 04103 Leipzig, Germany, Department of Neurology. Where source response descriptions are blank, the interface renders the numeric value. The participant instruction and required-item flags are application authoring defaults and may be edited before packaging. Scoring/subscale interpretation was not supplied and is not inferred.",item-29,When I bring awareness to my body I feel a sense of calm,true,,o3,3,3
questionnaire-csv-v1,maia-2-en,1,"Multidimensional Assessment of Interoceptive Awareness",en,Select one response for each item.,"Wording, response descriptions, and numeric response values were supplied by the researcher. Max Planck Institute for Human Brain and Cognitive Sciences, Stephanstrasse 1a, 04103 Leipzig, Germany, Department of Neurology. Where source response descriptions are blank, the interface renders the numeric value. The participant instruction and required-item flags are application authoring defaults and may be edited before packaging. Scoring/subscale interpretation was not supplied and is not inferred.",item-29,When I bring awareness to my body I feel a sense of calm,true,,o4,4,4
questionnaire-csv-v1,maia-2-en,1,"Multidimensional Assessment of Interoceptive Awareness",en,Select one response for each item.,"Wording, response descriptions, and numeric response values were supplied by the researcher. Max Planck Institute for Human Brain and Cognitive Sciences, Stephanstrasse 1a, 04103 Leipzig, Germany, Department of Neurology. Where source response descriptions are blank, the interface renders the numeric value. The participant instruction and required-item flags are application authoring defaults and may be edited before packaging. Scoring/subscale interpretation was not supplied and is not inferred.",item-29,When I bring awareness to my body I feel a sense of calm,true,,o5,Always,5
questionnaire-csv-v1,maia-2-en,1,"Multidimensional Assessment of Interoceptive Awareness",en,Select one response for each item.,"Wording, response descriptions, and numeric response values were supplied by the researcher. Max Planck Institute for Human Brain and Cognitive Sciences, Stephanstrasse 1a, 04103 Leipzig, Germany, Department of Neurology. Where source response descriptions are blank, the interface renders the numeric value. The participant instruction and required-item flags are application authoring defaults and may be edited before packaging. Scoring/subscale interpretation was not supplied and is not inferred.",item-30,I can use my breath to reduce tension,true,,o0,Never,0
questionnaire-csv-v1,maia-2-en,1,"Multidimensional Assessment of Interoceptive Awareness",en,Select one response for each item.,"Wording, response descriptions, and numeric response values were supplied by the researcher. Max Planck Institute for Human Brain and Cognitive Sciences, Stephanstrasse 1a, 04103 Leipzig, Germany, Department of Neurology. Where source response descriptions are blank, the interface renders the numeric value. The participant instruction and required-item flags are application authoring defaults and may be edited before packaging. Scoring/subscale interpretation was not supplied and is not inferred.",item-30,I can use my breath to reduce tension,true,,o1,1,1
questionnaire-csv-v1,maia-2-en,1,"Multidimensional Assessment of Interoceptive Awareness",en,Select one response for each item.,"Wording, response descriptions, and numeric response values were supplied by the researcher. Max Planck Institute for Human Brain and Cognitive Sciences, Stephanstrasse 1a, 04103 Leipzig, Germany, Department of Neurology. Where source response descriptions are blank, the interface renders the numeric value. The participant instruction and required-item flags are application authoring defaults and may be edited before packaging. Scoring/subscale interpretation was not supplied and is not inferred.",item-30,I can use my breath to reduce tension,true,,o2,2,2
questionnaire-csv-v1,maia-2-en,1,"Multidimensional Assessment of Interoceptive Awareness",en,Select one response for each item.,"Wording, response descriptions, and numeric response values were supplied by the researcher. Max Planck Institute for Human Brain and Cognitive Sciences, Stephanstrasse 1a, 04103 Leipzig, Germany, Department of Neurology. Where source response descriptions are blank, the interface renders the numeric value. The participant instruction and required-item flags are application authoring defaults and may be edited before packaging. Scoring/subscale interpretation was not supplied and is not inferred.",item-30,I can use my breath to reduce tension,true,,o3,3,3
questionnaire-csv-v1,maia-2-en,1,"Multidimensional Assessment of Interoceptive Awareness",en,Select one response for each item.,"Wording, response descriptions, and numeric response values were supplied by the researcher. Max Planck Institute for Human Brain and Cognitive Sciences, Stephanstrasse 1a, 04103 Leipzig, Germany, Department of Neurology. Where source response descriptions are blank, the interface renders the numeric value. The participant instruction and required-item flags are application authoring defaults and may be edited before packaging. Scoring/subscale interpretation was not supplied and is not inferred.",item-30,I can use my breath to reduce tension,true,,o4,4,4
questionnaire-csv-v1,maia-2-en,1,"Multidimensional Assessment of Interoceptive Awareness",en,Select one response for each item.,"Wording, response descriptions, and numeric response values were supplied by the researcher. Max Planck Institute for Human Brain and Cognitive Sciences, Stephanstrasse 1a, 04103 Leipzig, Germany, Department of Neurology. Where source response descriptions are blank, the interface renders the numeric value. The participant instruction and required-item flags are application authoring defaults and may be edited before packaging. Scoring/subscale interpretation was not supplied and is not inferred.",item-30,I can use my breath to reduce tension,true,,o5,Always,5
questionnaire-csv-v1,maia-2-en,1,"Multidimensional Assessment of Interoceptive Awareness",en,Select one response for each item.,"Wording, response descriptions, and numeric response values were supplied by the researcher. Max Planck Institute for Human Brain and Cognitive Sciences, Stephanstrasse 1a, 04103 Leipzig, Germany, Department of Neurology. Where source response descriptions are blank, the interface renders the numeric value. The participant instruction and required-item flags are application authoring defaults and may be edited before packaging. Scoring/subscale interpretation was not supplied and is not inferred.",item-31,"When I am caught up in thoughts, I can calm my mind by focusing on my body/breathing",true,,o0,Never,0
questionnaire-csv-v1,maia-2-en,1,"Multidimensional Assessment of Interoceptive Awareness",en,Select one response for each item.,"Wording, response descriptions, and numeric response values were supplied by the researcher. Max Planck Institute for Human Brain and Cognitive Sciences, Stephanstrasse 1a, 04103 Leipzig, Germany, Department of Neurology. Where source response descriptions are blank, the interface renders the numeric value. The participant instruction and required-item flags are application authoring defaults and may be edited before packaging. Scoring/subscale interpretation was not supplied and is not inferred.",item-31,"When I am caught up in thoughts, I can calm my mind by focusing on my body/breathing",true,,o1,1,1
questionnaire-csv-v1,maia-2-en,1,"Multidimensional Assessment of Interoceptive Awareness",en,Select one response for each item.,"Wording, response descriptions, and numeric response values were supplied by the researcher. Max Planck Institute for Human Brain and Cognitive Sciences, Stephanstrasse 1a, 04103 Leipzig, Germany, Department of Neurology. Where source response descriptions are blank, the interface renders the numeric value. The participant instruction and required-item flags are application authoring defaults and may be edited before packaging. Scoring/subscale interpretation was not supplied and is not inferred.",item-31,"When I am caught up in thoughts, I can calm my mind by focusing on my body/breathing",true,,o2,2,2
questionnaire-csv-v1,maia-2-en,1,"Multidimensional Assessment of Interoceptive Awareness",en,Select one response for each item.,"Wording, response descriptions, and numeric response values were supplied by the researcher. Max Planck Institute for Human Brain and Cognitive Sciences, Stephanstrasse 1a, 04103 Leipzig, Germany, Department of Neurology. Where source response descriptions are blank, the interface renders the numeric value. The participant instruction and required-item flags are application authoring defaults and may be edited before packaging. Scoring/subscale interpretation was not supplied and is not inferred.",item-31,"When I am caught up in thoughts, I can calm my mind by focusing on my body/breathing",true,,o3,3,3
questionnaire-csv-v1,maia-2-en,1,"Multidimensional Assessment of Interoceptive Awareness",en,Select one response for each item.,"Wording, response descriptions, and numeric response values were supplied by the researcher. Max Planck Institute for Human Brain and Cognitive Sciences, Stephanstrasse 1a, 04103 Leipzig, Germany, Department of Neurology. Where source response descriptions are blank, the interface renders the numeric value. The participant instruction and required-item flags are application authoring defaults and may be edited before packaging. Scoring/subscale interpretation was not supplied and is not inferred.",item-31,"When I am caught up in thoughts, I can calm my mind by focusing on my body/breathing",true,,o4,4,4
questionnaire-csv-v1,maia-2-en,1,"Multidimensional Assessment of Interoceptive Awareness",en,Select one response for each item.,"Wording, response descriptions, and numeric response values were supplied by the researcher. Max Planck Institute for Human Brain and Cognitive Sciences, Stephanstrasse 1a, 04103 Leipzig, Germany, Department of Neurology. Where source response descriptions are blank, the interface renders the numeric value. The participant instruction and required-item flags are application authoring defaults and may be edited before packaging. Scoring/subscale interpretation was not supplied and is not inferred.",item-31,"When I am caught up in thoughts, I can calm my mind by focusing on my body/breathing",true,,o5,Always,5
questionnaire-csv-v1,maia-2-en,1,"Multidimensional Assessment of Interoceptive Awareness",en,Select one response for each item.,"Wording, response descriptions, and numeric response values were supplied by the researcher. Max Planck Institute for Human Brain and Cognitive Sciences, Stephanstrasse 1a, 04103 Leipzig, Germany, Department of Neurology. Where source response descriptions are blank, the interface renders the numeric value. The participant instruction and required-item flags are application authoring defaults and may be edited before packaging. Scoring/subscale interpretation was not supplied and is not inferred.",item-32,I listen for information from my body about my emotional state,true,,o0,Never,0
questionnaire-csv-v1,maia-2-en,1,"Multidimensional Assessment of Interoceptive Awareness",en,Select one response for each item.,"Wording, response descriptions, and numeric response values were supplied by the researcher. Max Planck Institute for Human Brain and Cognitive Sciences, Stephanstrasse 1a, 04103 Leipzig, Germany, Department of Neurology. Where source response descriptions are blank, the interface renders the numeric value. The participant instruction and required-item flags are application authoring defaults and may be edited before packaging. Scoring/subscale interpretation was not supplied and is not inferred.",item-32,I listen for information from my body about my emotional state,true,,o1,1,1
questionnaire-csv-v1,maia-2-en,1,"Multidimensional Assessment of Interoceptive Awareness",en,Select one response for each item.,"Wording, response descriptions, and numeric response values were supplied by the researcher. Max Planck Institute for Human Brain and Cognitive Sciences, Stephanstrasse 1a, 04103 Leipzig, Germany, Department of Neurology. Where source response descriptions are blank, the interface renders the numeric value. The participant instruction and required-item flags are application authoring defaults and may be edited before packaging. Scoring/subscale interpretation was not supplied and is not inferred.",item-32,I listen for information from my body about my emotional state,true,,o2,2,2
questionnaire-csv-v1,maia-2-en,1,"Multidimensional Assessment of Interoceptive Awareness",en,Select one response for each item.,"Wording, response descriptions, and numeric response values were supplied by the researcher. Max Planck Institute for Human Brain and Cognitive Sciences, Stephanstrasse 1a, 04103 Leipzig, Germany, Department of Neurology. Where source response descriptions are blank, the interface renders the numeric value. The participant instruction and required-item flags are application authoring defaults and may be edited before packaging. Scoring/subscale interpretation was not supplied and is not inferred.",item-32,I listen for information from my body about my emotional state,true,,o3,3,3
questionnaire-csv-v1,maia-2-en,1,"Multidimensional Assessment of Interoceptive Awareness",en,Select one response for each item.,"Wording, response descriptions, and numeric response values were supplied by the researcher. Max Planck Institute for Human Brain and Cognitive Sciences, Stephanstrasse 1a, 04103 Leipzig, Germany, Department of Neurology. Where source response descriptions are blank, the interface renders the numeric value. The participant instruction and required-item flags are application authoring defaults and may be edited before packaging. Scoring/subscale interpretation was not supplied and is not inferred.",item-32,I listen for information from my body about my emotional state,true,,o4,4,4
questionnaire-csv-v1,maia-2-en,1,"Multidimensional Assessment of Interoceptive Awareness",en,Select one response for each item.,"Wording, response descriptions, and numeric response values were supplied by the researcher. Max Planck Institute for Human Brain and Cognitive Sciences, Stephanstrasse 1a, 04103 Leipzig, Germany, Department of Neurology. Where source response descriptions are blank, the interface renders the numeric value. The participant instruction and required-item flags are application authoring defaults and may be edited before packaging. Scoring/subscale interpretation was not supplied and is not inferred.",item-32,I listen for information from my body about my emotional state,true,,o5,Always,5
questionnaire-csv-v1,maia-2-en,1,"Multidimensional Assessment of Interoceptive Awareness",en,Select one response for each item.,"Wording, response descriptions, and numeric response values were supplied by the researcher. Max Planck Institute for Human Brain and Cognitive Sciences, Stephanstrasse 1a, 04103 Leipzig, Germany, Department of Neurology. Where source response descriptions are blank, the interface renders the numeric value. The participant instruction and required-item flags are application authoring defaults and may be edited before packaging. Scoring/subscale interpretation was not supplied and is not inferred.",item-33,"When I am upset, I take time to explore how my body feels",true,,o0,Never,0
questionnaire-csv-v1,maia-2-en,1,"Multidimensional Assessment of Interoceptive Awareness",en,Select one response for each item.,"Wording, response descriptions, and numeric response values were supplied by the researcher. Max Planck Institute for Human Brain and Cognitive Sciences, Stephanstrasse 1a, 04103 Leipzig, Germany, Department of Neurology. Where source response descriptions are blank, the interface renders the numeric value. The participant instruction and required-item flags are application authoring defaults and may be edited before packaging. Scoring/subscale interpretation was not supplied and is not inferred.",item-33,"When I am upset, I take time to explore how my body feels",true,,o1,1,1
questionnaire-csv-v1,maia-2-en,1,"Multidimensional Assessment of Interoceptive Awareness",en,Select one response for each item.,"Wording, response descriptions, and numeric response values were supplied by the researcher. Max Planck Institute for Human Brain and Cognitive Sciences, Stephanstrasse 1a, 04103 Leipzig, Germany, Department of Neurology. Where source response descriptions are blank, the interface renders the numeric value. The participant instruction and required-item flags are application authoring defaults and may be edited before packaging. Scoring/subscale interpretation was not supplied and is not inferred.",item-33,"When I am upset, I take time to explore how my body feels",true,,o2,2,2
questionnaire-csv-v1,maia-2-en,1,"Multidimensional Assessment of Interoceptive Awareness",en,Select one response for each item.,"Wording, response descriptions, and numeric response values were supplied by the researcher. Max Planck Institute for Human Brain and Cognitive Sciences, Stephanstrasse 1a, 04103 Leipzig, Germany, Department of Neurology. Where source response descriptions are blank, the interface renders the numeric value. The participant instruction and required-item flags are application authoring defaults and may be edited before packaging. Scoring/subscale interpretation was not supplied and is not inferred.",item-33,"When I am upset, I take time to explore how my body feels",true,,o3,3,3
questionnaire-csv-v1,maia-2-en,1,"Multidimensional Assessment of Interoceptive Awareness",en,Select one response for each item.,"Wording, response descriptions, and numeric response values were supplied by the researcher. Max Planck Institute for Human Brain and Cognitive Sciences, Stephanstrasse 1a, 04103 Leipzig, Germany, Department of Neurology. Where source response descriptions are blank, the interface renders the numeric value. The participant instruction and required-item flags are application authoring defaults and may be edited before packaging. Scoring/subscale interpretation was not supplied and is not inferred.",item-33,"When I am upset, I take time to explore how my body feels",true,,o4,4,4
questionnaire-csv-v1,maia-2-en,1,"Multidimensional Assessment of Interoceptive Awareness",en,Select one response for each item.,"Wording, response descriptions, and numeric response values were supplied by the researcher. Max Planck Institute for Human Brain and Cognitive Sciences, Stephanstrasse 1a, 04103 Leipzig, Germany, Department of Neurology. Where source response descriptions are blank, the interface renders the numeric value. The participant instruction and required-item flags are application authoring defaults and may be edited before packaging. Scoring/subscale interpretation was not supplied and is not inferred.",item-33,"When I am upset, I take time to explore how my body feels",true,,o5,Always,5
questionnaire-csv-v1,maia-2-en,1,"Multidimensional Assessment of Interoceptive Awareness",en,Select one response for each item.,"Wording, response descriptions, and numeric response values were supplied by the researcher. Max Planck Institute for Human Brain and Cognitive Sciences, Stephanstrasse 1a, 04103 Leipzig, Germany, Department of Neurology. Where source response descriptions are blank, the interface renders the numeric value. The participant instruction and required-item flags are application authoring defaults and may be edited before packaging. Scoring/subscale interpretation was not supplied and is not inferred.",item-34,I listen to my body to inform me about what to do,true,,o0,Never,0
questionnaire-csv-v1,maia-2-en,1,"Multidimensional Assessment of Interoceptive Awareness",en,Select one response for each item.,"Wording, response descriptions, and numeric response values were supplied by the researcher. Max Planck Institute for Human Brain and Cognitive Sciences, Stephanstrasse 1a, 04103 Leipzig, Germany, Department of Neurology. Where source response descriptions are blank, the interface renders the numeric value. The participant instruction and required-item flags are application authoring defaults and may be edited before packaging. Scoring/subscale interpretation was not supplied and is not inferred.",item-34,I listen to my body to inform me about what to do,true,,o1,1,1
questionnaire-csv-v1,maia-2-en,1,"Multidimensional Assessment of Interoceptive Awareness",en,Select one response for each item.,"Wording, response descriptions, and numeric response values were supplied by the researcher. Max Planck Institute for Human Brain and Cognitive Sciences, Stephanstrasse 1a, 04103 Leipzig, Germany, Department of Neurology. Where source response descriptions are blank, the interface renders the numeric value. The participant instruction and required-item flags are application authoring defaults and may be edited before packaging. Scoring/subscale interpretation was not supplied and is not inferred.",item-34,I listen to my body to inform me about what to do,true,,o2,2,2
questionnaire-csv-v1,maia-2-en,1,"Multidimensional Assessment of Interoceptive Awareness",en,Select one response for each item.,"Wording, response descriptions, and numeric response values were supplied by the researcher. Max Planck Institute for Human Brain and Cognitive Sciences, Stephanstrasse 1a, 04103 Leipzig, Germany, Department of Neurology. Where source response descriptions are blank, the interface renders the numeric value. The participant instruction and required-item flags are application authoring defaults and may be edited before packaging. Scoring/subscale interpretation was not supplied and is not inferred.",item-34,I listen to my body to inform me about what to do,true,,o3,3,3
questionnaire-csv-v1,maia-2-en,1,"Multidimensional Assessment of Interoceptive Awareness",en,Select one response for each item.,"Wording, response descriptions, and numeric response values were supplied by the researcher. Max Planck Institute for Human Brain and Cognitive Sciences, Stephanstrasse 1a, 04103 Leipzig, Germany, Department of Neurology. Where source response descriptions are blank, the interface renders the numeric value. The participant instruction and required-item flags are application authoring defaults and may be edited before packaging. Scoring/subscale interpretation was not supplied and is not inferred.",item-34,I listen to my body to inform me about what to do,true,,o4,4,4
questionnaire-csv-v1,maia-2-en,1,"Multidimensional Assessment of Interoceptive Awareness",en,Select one response for each item.,"Wording, response descriptions, and numeric response values were supplied by the researcher. Max Planck Institute for Human Brain and Cognitive Sciences, Stephanstrasse 1a, 04103 Leipzig, Germany, Department of Neurology. Where source response descriptions are blank, the interface renders the numeric value. The participant instruction and required-item flags are application authoring defaults and may be edited before packaging. Scoring/subscale interpretation was not supplied and is not inferred.",item-34,I listen to my body to inform me about what to do,true,,o5,Always,5
questionnaire-csv-v1,maia-2-en,1,"Multidimensional Assessment of Interoceptive Awareness",en,Select one response for each item.,"Wording, response descriptions, and numeric response values were supplied by the researcher. Max Planck Institute for Human Brain and Cognitive Sciences, Stephanstrasse 1a, 04103 Leipzig, Germany, Department of Neurology. Where source response descriptions are blank, the interface renders the numeric value. The participant instruction and required-item flags are application authoring defaults and may be edited before packaging. Scoring/subscale interpretation was not supplied and is not inferred.",item-35,I am at home in my body,true,,o0,Never,0
questionnaire-csv-v1,maia-2-en,1,"Multidimensional Assessment of Interoceptive Awareness",en,Select one response for each item.,"Wording, response descriptions, and numeric response values were supplied by the researcher. Max Planck Institute for Human Brain and Cognitive Sciences, Stephanstrasse 1a, 04103 Leipzig, Germany, Department of Neurology. Where source response descriptions are blank, the interface renders the numeric value. The participant instruction and required-item flags are application authoring defaults and may be edited before packaging. Scoring/subscale interpretation was not supplied and is not inferred.",item-35,I am at home in my body,true,,o1,1,1
questionnaire-csv-v1,maia-2-en,1,"Multidimensional Assessment of Interoceptive Awareness",en,Select one response for each item.,"Wording, response descriptions, and numeric response values were supplied by the researcher. Max Planck Institute for Human Brain and Cognitive Sciences, Stephanstrasse 1a, 04103 Leipzig, Germany, Department of Neurology. Where source response descriptions are blank, the interface renders the numeric value. The participant instruction and required-item flags are application authoring defaults and may be edited before packaging. Scoring/subscale interpretation was not supplied and is not inferred.",item-35,I am at home in my body,true,,o2,2,2
questionnaire-csv-v1,maia-2-en,1,"Multidimensional Assessment of Interoceptive Awareness",en,Select one response for each item.,"Wording, response descriptions, and numeric response values were supplied by the researcher. Max Planck Institute for Human Brain and Cognitive Sciences, Stephanstrasse 1a, 04103 Leipzig, Germany, Department of Neurology. Where source response descriptions are blank, the interface renders the numeric value. The participant instruction and required-item flags are application authoring defaults and may be edited before packaging. Scoring/subscale interpretation was not supplied and is not inferred.",item-35,I am at home in my body,true,,o3,3,3
questionnaire-csv-v1,maia-2-en,1,"Multidimensional Assessment of Interoceptive Awareness",en,Select one response for each item.,"Wording, response descriptions, and numeric response values were supplied by the researcher. Max Planck Institute for Human Brain and Cognitive Sciences, Stephanstrasse 1a, 04103 Leipzig, Germany, Department of Neurology. Where source response descriptions are blank, the interface renders the numeric value. The participant instruction and required-item flags are application authoring defaults and may be edited before packaging. Scoring/subscale interpretation was not supplied and is not inferred.",item-35,I am at home in my body,true,,o4,4,4
questionnaire-csv-v1,maia-2-en,1,"Multidimensional Assessment of Interoceptive Awareness",en,Select one response for each item.,"Wording, response descriptions, and numeric response values were supplied by the researcher. Max Planck Institute for Human Brain and Cognitive Sciences, Stephanstrasse 1a, 04103 Leipzig, Germany, Department of Neurology. Where source response descriptions are blank, the interface renders the numeric value. The participant instruction and required-item flags are application authoring defaults and may be edited before packaging. Scoring/subscale interpretation was not supplied and is not inferred.",item-35,I am at home in my body,true,,o5,Always,5
questionnaire-csv-v1,maia-2-en,1,"Multidimensional Assessment of Interoceptive Awareness",en,Select one response for each item.,"Wording, response descriptions, and numeric response values were supplied by the researcher. Max Planck Institute for Human Brain and Cognitive Sciences, Stephanstrasse 1a, 04103 Leipzig, Germany, Department of Neurology. Where source response descriptions are blank, the interface renders the numeric value. The participant instruction and required-item flags are application authoring defaults and may be edited before packaging. Scoring/subscale interpretation was not supplied and is not inferred.",item-36,I feel my body is a safe place,true,,o0,Never,0
questionnaire-csv-v1,maia-2-en,1,"Multidimensional Assessment of Interoceptive Awareness",en,Select one response for each item.,"Wording, response descriptions, and numeric response values were supplied by the researcher. Max Planck Institute for Human Brain and Cognitive Sciences, Stephanstrasse 1a, 04103 Leipzig, Germany, Department of Neurology. Where source response descriptions are blank, the interface renders the numeric value. The participant instruction and required-item flags are application authoring defaults and may be edited before packaging. Scoring/subscale interpretation was not supplied and is not inferred.",item-36,I feel my body is a safe place,true,,o1,1,1
questionnaire-csv-v1,maia-2-en,1,"Multidimensional Assessment of Interoceptive Awareness",en,Select one response for each item.,"Wording, response descriptions, and numeric response values were supplied by the researcher. Max Planck Institute for Human Brain and Cognitive Sciences, Stephanstrasse 1a, 04103 Leipzig, Germany, Department of Neurology. Where source response descriptions are blank, the interface renders the numeric value. The participant instruction and required-item flags are application authoring defaults and may be edited before packaging. Scoring/subscale interpretation was not supplied and is not inferred.",item-36,I feel my body is a safe place,true,,o2,2,2
questionnaire-csv-v1,maia-2-en,1,"Multidimensional Assessment of Interoceptive Awareness",en,Select one response for each item.,"Wording, response descriptions, and numeric response values were supplied by the researcher. Max Planck Institute for Human Brain and Cognitive Sciences, Stephanstrasse 1a, 04103 Leipzig, Germany, Department of Neurology. Where source response descriptions are blank, the interface renders the numeric value. The participant instruction and required-item flags are application authoring defaults and may be edited before packaging. Scoring/subscale interpretation was not supplied and is not inferred.",item-36,I feel my body is a safe place,true,,o3,3,3
questionnaire-csv-v1,maia-2-en,1,"Multidimensional Assessment of Interoceptive Awareness",en,Select one response for each item.,"Wording, response descriptions, and numeric response values were supplied by the researcher. Max Planck Institute for Human Brain and Cognitive Sciences, Stephanstrasse 1a, 04103 Leipzig, Germany, Department of Neurology. Where source response descriptions are blank, the interface renders the numeric value. The participant instruction and required-item flags are application authoring defaults and may be edited before packaging. Scoring/subscale interpretation was not supplied and is not inferred.",item-36,I feel my body is a safe place,true,,o4,4,4
questionnaire-csv-v1,maia-2-en,1,"Multidimensional Assessment of Interoceptive Awareness",en,Select one response for each item.,"Wording, response descriptions, and numeric response values were supplied by the researcher. Max Planck Institute for Human Brain and Cognitive Sciences, Stephanstrasse 1a, 04103 Leipzig, Germany, Department of Neurology. Where source response descriptions are blank, the interface renders the numeric value. The participant instruction and required-item flags are application authoring defaults and may be edited before packaging. Scoring/subscale interpretation was not supplied and is not inferred.",item-36,I feel my body is a safe place,true,,o5,Always,5
questionnaire-csv-v1,maia-2-en,1,"Multidimensional Assessment of Interoceptive Awareness",en,Select one response for each item.,"Wording, response descriptions, and numeric response values were supplied by the researcher. Max Planck Institute for Human Brain and Cognitive Sciences, Stephanstrasse 1a, 04103 Leipzig, Germany, Department of Neurology. Where source response descriptions are blank, the interface renders the numeric value. The participant instruction and required-item flags are application authoring defaults and may be edited before packaging. Scoring/subscale interpretation was not supplied and is not inferred.",item-37,I trust my body sensations,true,,o0,Never,0
questionnaire-csv-v1,maia-2-en,1,"Multidimensional Assessment of Interoceptive Awareness",en,Select one response for each item.,"Wording, response descriptions, and numeric response values were supplied by the researcher. Max Planck Institute for Human Brain and Cognitive Sciences, Stephanstrasse 1a, 04103 Leipzig, Germany, Department of Neurology. Where source response descriptions are blank, the interface renders the numeric value. The participant instruction and required-item flags are application authoring defaults and may be edited before packaging. Scoring/subscale interpretation was not supplied and is not inferred.",item-37,I trust my body sensations,true,,o1,1,1
questionnaire-csv-v1,maia-2-en,1,"Multidimensional Assessment of Interoceptive Awareness",en,Select one response for each item.,"Wording, response descriptions, and numeric response values were supplied by the researcher. Max Planck Institute for Human Brain and Cognitive Sciences, Stephanstrasse 1a, 04103 Leipzig, Germany, Department of Neurology. Where source response descriptions are blank, the interface renders the numeric value. The participant instruction and required-item flags are application authoring defaults and may be edited before packaging. Scoring/subscale interpretation was not supplied and is not inferred.",item-37,I trust my body sensations,true,,o2,2,2
questionnaire-csv-v1,maia-2-en,1,"Multidimensional Assessment of Interoceptive Awareness",en,Select one response for each item.,"Wording, response descriptions, and numeric response values were supplied by the researcher. Max Planck Institute for Human Brain and Cognitive Sciences, Stephanstrasse 1a, 04103 Leipzig, Germany, Department of Neurology. Where source response descriptions are blank, the interface renders the numeric value. The participant instruction and required-item flags are application authoring defaults and may be edited before packaging. Scoring/subscale interpretation was not supplied and is not inferred.",item-37,I trust my body sensations,true,,o3,3,3
questionnaire-csv-v1,maia-2-en,1,"Multidimensional Assessment of Interoceptive Awareness",en,Select one response for each item.,"Wording, response descriptions, and numeric response values were supplied by the researcher. Max Planck Institute for Human Brain and Cognitive Sciences, Stephanstrasse 1a, 04103 Leipzig, Germany, Department of Neurology. Where source response descriptions are blank, the interface renders the numeric value. The participant instruction and required-item flags are application authoring defaults and may be edited before packaging. Scoring/subscale interpretation was not supplied and is not inferred.",item-37,I trust my body sensations,true,,o4,4,4
questionnaire-csv-v1,maia-2-en,1,"Multidimensional Assessment of Interoceptive Awareness",en,Select one response for each item.,"Wording, response descriptions, and numeric response values were supplied by the researcher. Max Planck Institute for Human Brain and Cognitive Sciences, Stephanstrasse 1a, 04103 Leipzig, Germany, Department of Neurology. Where source response descriptions are blank, the interface renders the numeric value. The participant instruction and required-item flags are application authoring defaults and may be edited before packaging. Scoring/subscale interpretation was not supplied and is not inferred.",item-37,I trust my body sensations,true,,o5,Always,5
