format_version,questionnaire_id,questionnaire_version,title,language,instructions,attribution,item_id,prompt,required,subscale,option_id,option_label,score_value
questionnaire-csv-v1,maia-2-de,2 (2018),"Multidimensional Assessment of Interoceptive Awareness, Version 2 (MAIA-2)",de,"Unten finden Sie eine Liste von Aussagen. Geben Sie bitte für jede der folgenden Aussagen an, wie oft sie generell im täglichen Leben auf Sie zutrifft. Kreisen Sie in jeder Reihe eine Zahl ein.","MAIA-2 © 2018 University of California, San Francisco. Nutzung gemäß den Bedingungen auf Seite 2 des offiziellen deutschen Fragebogens: https://osher.ucsf.edu/sites/osher.ucsf.edu/files/inline-files/MAIA-2_German.pdf. Zitation: Mehling WE et al. (2018), PLoS ONE 13(12): e0208034, https://doi.org/10.1371/journal.pone.0208034. Übersetzung von MAIA-2 in Kooperation mit Wolf E. Mehling (basierend auf der dt. Erstversion von Boris Bornemann, Max-Planck-Institut, Leipzig, Dezember 2012): Michael Eggart. Referenzierte Spezifikation AffectTracker2D - Specifications.docx, SHA-256 7402c80c6da71d4a11543676acdf0a7640cdb842d55afc10dde6ad3d4978fdbe.",f01,"Wenn ich angespannt bin, merke ich, wo in meinem Körper die Anspannung auftritt.",true,Bemerken,o0,Nie,0
questionnaire-csv-v1,maia-2-de,2 (2018),"Multidimensional Assessment of Interoceptive Awareness, Version 2 (MAIA-2)",de,"Unten finden Sie eine Liste von Aussagen. Geben Sie bitte für jede der folgenden Aussagen an, wie oft sie generell im täglichen Leben auf Sie zutrifft. Kreisen Sie in jeder Reihe eine Zahl ein.","MAIA-2 © 2018 University of California, San Francisco. Nutzung gemäß den Bedingungen auf Seite 2 des offiziellen deutschen Fragebogens: https://osher.ucsf.edu/sites/osher.ucsf.edu/files/inline-files/MAIA-2_German.pdf. Zitation: Mehling WE et al. (2018), PLoS ONE 13(12): e0208034, https://doi.org/10.1371/journal.pone.0208034. Übersetzung von MAIA-2 in Kooperation mit Wolf E. Mehling (basierend auf der dt. Erstversion von Boris Bornemann, Max-Planck-Institut, Leipzig, Dezember 2012): Michael Eggart. Referenzierte Spezifikation AffectTracker2D - Specifications.docx, SHA-256 7402c80c6da71d4a11543676acdf0a7640cdb842d55afc10dde6ad3d4978fdbe.",f01,"Wenn ich angespannt bin, merke ich, wo in meinem Körper die Anspannung auftritt.",true,Bemerken,o1,1,1
questionnaire-csv-v1,maia-2-de,2 (2018),"Multidimensional Assessment of Interoceptive Awareness, Version 2 (MAIA-2)",de,"Unten finden Sie eine Liste von Aussagen. Geben Sie bitte für jede der folgenden Aussagen an, wie oft sie generell im täglichen Leben auf Sie zutrifft. Kreisen Sie in jeder Reihe eine Zahl ein.","MAIA-2 © 2018 University of California, San Francisco. Nutzung gemäß den Bedingungen auf Seite 2 des offiziellen deutschen Fragebogens: https://osher.ucsf.edu/sites/osher.ucsf.edu/files/inline-files/MAIA-2_German.pdf. Zitation: Mehling WE et al. (2018), PLoS ONE 13(12): e0208034, https://doi.org/10.1371/journal.pone.0208034. Übersetzung von MAIA-2 in Kooperation mit Wolf E. Mehling (basierend auf der dt. Erstversion von Boris Bornemann, Max-Planck-Institut, Leipzig, Dezember 2012): Michael Eggart. Referenzierte Spezifikation AffectTracker2D - Specifications.docx, SHA-256 7402c80c6da71d4a11543676acdf0a7640cdb842d55afc10dde6ad3d4978fdbe.",f01,"Wenn ich angespannt bin, merke ich, wo in meinem Körper die Anspannung auftritt.",true,Bemerken,o2,2,2
questionnaire-csv-v1,maia-2-de,2 (2018),"Multidimensional Assessment of Interoceptive Awareness, Version 2 (MAIA-2)",de,"Unten finden Sie eine Liste von Aussagen. Geben Sie bitte für jede der folgenden Aussagen an, wie oft sie generell im täglichen Leben auf Sie zutrifft. Kreisen Sie in jeder Reihe eine Zahl ein.","MAIA-2 © 2018 University of California, San Francisco. Nutzung gemäß den Bedingungen auf Seite 2 des offiziellen deutschen Fragebogens: https://osher.ucsf.edu/sites/osher.ucsf.edu/files/inline-files/MAIA-2_German.pdf. Zitation: Mehling WE et al. (2018), PLoS ONE 13(12): e0208034, https://doi.org/10.1371/journal.pone.0208034. Übersetzung von MAIA-2 in Kooperation mit Wolf E. Mehling (basierend auf der dt. Erstversion von Boris Bornemann, Max-Planck-Institut, Leipzig, Dezember 2012): Michael Eggart. Referenzierte Spezifikation AffectTracker2D - Specifications.docx, SHA-256 7402c80c6da71d4a11543676acdf0a7640cdb842d55afc10dde6ad3d4978fdbe.",f01,"Wenn ich angespannt bin, merke ich, wo in meinem Körper die Anspannung auftritt.",true,Bemerken,o3,3,3
questionnaire-csv-v1,maia-2-de,2 (2018),"Multidimensional Assessment of Interoceptive Awareness, Version 2 (MAIA-2)",de,"Unten finden Sie eine Liste von Aussagen. Geben Sie bitte für jede der folgenden Aussagen an, wie oft sie generell im täglichen Leben auf Sie zutrifft. Kreisen Sie in jeder Reihe eine Zahl ein.","MAIA-2 © 2018 University of California, San Francisco. Nutzung gemäß den Bedingungen auf Seite 2 des offiziellen deutschen Fragebogens: https://osher.ucsf.edu/sites/osher.ucsf.edu/files/inline-files/MAIA-2_German.pdf. Zitation: Mehling WE et al. (2018), PLoS ONE 13(12): e0208034, https://doi.org/10.1371/journal.pone.0208034. Übersetzung von MAIA-2 in Kooperation mit Wolf E. Mehling (basierend auf der dt. Erstversion von Boris Bornemann, Max-Planck-Institut, Leipzig, Dezember 2012): Michael Eggart. Referenzierte Spezifikation AffectTracker2D - Specifications.docx, SHA-256 7402c80c6da71d4a11543676acdf0a7640cdb842d55afc10dde6ad3d4978fdbe.",f01,"Wenn ich angespannt bin, merke ich, wo in meinem Körper die Anspannung auftritt.",true,Bemerken,o4,4,4
questionnaire-csv-v1,maia-2-de,2 (2018),"Multidimensional Assessment of Interoceptive Awareness, Version 2 (MAIA-2)",de,"Unten finden Sie eine Liste von Aussagen. Geben Sie bitte für jede der folgenden Aussagen an, wie oft sie generell im täglichen Leben auf Sie zutrifft. Kreisen Sie in jeder Reihe eine Zahl ein.","MAIA-2 © 2018 University of California, San Francisco. Nutzung gemäß den Bedingungen auf Seite 2 des offiziellen deutschen Fragebogens: https://osher.ucsf.edu/sites/osher.ucsf.edu/files/inline-files/MAIA-2_German.pdf. Zitation: Mehling WE et al. (2018), PLoS ONE 13(12): e0208034, https://doi.org/10.1371/journal.pone.0208034. Übersetzung von MAIA-2 in Kooperation mit Wolf E. Mehling (basierend auf der dt. Erstversion von Boris Bornemann, Max-Planck-Institut, Leipzig, Dezember 2012): Michael Eggart. Referenzierte Spezifikation AffectTracker2D - Specifications.docx, SHA-256 7402c80c6da71d4a11543676acdf0a7640cdb842d55afc10dde6ad3d4978fdbe.",f01,"Wenn ich angespannt bin, merke ich, wo in meinem Körper die Anspannung auftritt.",true,Bemerken,o5,Immer,5
questionnaire-csv-v1,maia-2-de,2 (2018),"Multidimensional Assessment of Interoceptive Awareness, Version 2 (MAIA-2)",de,"Unten finden Sie eine Liste von Aussagen. Geben Sie bitte für jede der folgenden Aussagen an, wie oft sie generell im täglichen Leben auf Sie zutrifft. Kreisen Sie in jeder Reihe eine Zahl ein.","MAIA-2 © 2018 University of California, San Francisco. Nutzung gemäß den Bedingungen auf Seite 2 des offiziellen deutschen Fragebogens: https://osher.ucsf.edu/sites/osher.ucsf.edu/files/inline-files/MAIA-2_German.pdf. Zitation: Mehling WE et al. (2018), PLoS ONE 13(12): e0208034, https://doi.org/10.1371/journal.pone.0208034. Übersetzung von MAIA-2 in Kooperation mit Wolf E. Mehling (basierend auf der dt. Erstversion von Boris Bornemann, Max-Planck-Institut, Leipzig, Dezember 2012): Michael Eggart. Referenzierte Spezifikation AffectTracker2D - Specifications.docx, SHA-256 7402c80c6da71d4a11543676acdf0a7640cdb842d55afc10dde6ad3d4978fdbe.",f02,"Ich merke es, wenn ich mich in meinem Körper nicht wohlfühle.",true,Bemerken,o0,Nie,0
questionnaire-csv-v1,maia-2-de,2 (2018),"Multidimensional Assessment of Interoceptive Awareness, Version 2 (MAIA-2)",de,"Unten finden Sie eine Liste von Aussagen. Geben Sie bitte für jede der folgenden Aussagen an, wie oft sie generell im täglichen Leben auf Sie zutrifft. Kreisen Sie in jeder Reihe eine Zahl ein.","MAIA-2 © 2018 University of California, San Francisco. Nutzung gemäß den Bedingungen auf Seite 2 des offiziellen deutschen Fragebogens: https://osher.ucsf.edu/sites/osher.ucsf.edu/files/inline-files/MAIA-2_German.pdf. Zitation: Mehling WE et al. (2018), PLoS ONE 13(12): e0208034, https://doi.org/10.1371/journal.pone.0208034. Übersetzung von MAIA-2 in Kooperation mit Wolf E. Mehling (basierend auf der dt. Erstversion von Boris Bornemann, Max-Planck-Institut, Leipzig, Dezember 2012): Michael Eggart. Referenzierte Spezifikation AffectTracker2D - Specifications.docx, SHA-256 7402c80c6da71d4a11543676acdf0a7640cdb842d55afc10dde6ad3d4978fdbe.",f02,"Ich merke es, wenn ich mich in meinem Körper nicht wohlfühle.",true,Bemerken,o1,1,1
questionnaire-csv-v1,maia-2-de,2 (2018),"Multidimensional Assessment of Interoceptive Awareness, Version 2 (MAIA-2)",de,"Unten finden Sie eine Liste von Aussagen. Geben Sie bitte für jede der folgenden Aussagen an, wie oft sie generell im täglichen Leben auf Sie zutrifft. Kreisen Sie in jeder Reihe eine Zahl ein.","MAIA-2 © 2018 University of California, San Francisco. Nutzung gemäß den Bedingungen auf Seite 2 des offiziellen deutschen Fragebogens: https://osher.ucsf.edu/sites/osher.ucsf.edu/files/inline-files/MAIA-2_German.pdf. Zitation: Mehling WE et al. (2018), PLoS ONE 13(12): e0208034, https://doi.org/10.1371/journal.pone.0208034. Übersetzung von MAIA-2 in Kooperation mit Wolf E. Mehling (basierend auf der dt. Erstversion von Boris Bornemann, Max-Planck-Institut, Leipzig, Dezember 2012): Michael Eggart. Referenzierte Spezifikation AffectTracker2D - Specifications.docx, SHA-256 7402c80c6da71d4a11543676acdf0a7640cdb842d55afc10dde6ad3d4978fdbe.",f02,"Ich merke es, wenn ich mich in meinem Körper nicht wohlfühle.",true,Bemerken,o2,2,2
questionnaire-csv-v1,maia-2-de,2 (2018),"Multidimensional Assessment of Interoceptive Awareness, Version 2 (MAIA-2)",de,"Unten finden Sie eine Liste von Aussagen. Geben Sie bitte für jede der folgenden Aussagen an, wie oft sie generell im täglichen Leben auf Sie zutrifft. Kreisen Sie in jeder Reihe eine Zahl ein.","MAIA-2 © 2018 University of California, San Francisco. Nutzung gemäß den Bedingungen auf Seite 2 des offiziellen deutschen Fragebogens: https://osher.ucsf.edu/sites/osher.ucsf.edu/files/inline-files/MAIA-2_German.pdf. Zitation: Mehling WE et al. (2018), PLoS ONE 13(12): e0208034, https://doi.org/10.1371/journal.pone.0208034. Übersetzung von MAIA-2 in Kooperation mit Wolf E. Mehling (basierend auf der dt. Erstversion von Boris Bornemann, Max-Planck-Institut, Leipzig, Dezember 2012): Michael Eggart. Referenzierte Spezifikation AffectTracker2D - Specifications.docx, SHA-256 7402c80c6da71d4a11543676acdf0a7640cdb842d55afc10dde6ad3d4978fdbe.",f02,"Ich merke es, wenn ich mich in meinem Körper nicht wohlfühle.",true,Bemerken,o3,3,3
questionnaire-csv-v1,maia-2-de,2 (2018),"Multidimensional Assessment of Interoceptive Awareness, Version 2 (MAIA-2)",de,"Unten finden Sie eine Liste von Aussagen. Geben Sie bitte für jede der folgenden Aussagen an, wie oft sie generell im täglichen Leben auf Sie zutrifft. Kreisen Sie in jeder Reihe eine Zahl ein.","MAIA-2 © 2018 University of California, San Francisco. Nutzung gemäß den Bedingungen auf Seite 2 des offiziellen deutschen Fragebogens: https://osher.ucsf.edu/sites/osher.ucsf.edu/files/inline-files/MAIA-2_German.pdf. Zitation: Mehling WE et al. (2018), PLoS ONE 13(12): e0208034, https://doi.org/10.1371/journal.pone.0208034. Übersetzung von MAIA-2 in Kooperation mit Wolf E. Mehling (basierend auf der dt. Erstversion von Boris Bornemann, Max-Planck-Institut, Leipzig, Dezember 2012): Michael Eggart. Referenzierte Spezifikation AffectTracker2D - Specifications.docx, SHA-256 7402c80c6da71d4a11543676acdf0a7640cdb842d55afc10dde6ad3d4978fdbe.",f02,"Ich merke es, wenn ich mich in meinem Körper nicht wohlfühle.",true,Bemerken,o4,4,4
questionnaire-csv-v1,maia-2-de,2 (2018),"Multidimensional Assessment of Interoceptive Awareness, Version 2 (MAIA-2)",de,"Unten finden Sie eine Liste von Aussagen. Geben Sie bitte für jede der folgenden Aussagen an, wie oft sie generell im täglichen Leben auf Sie zutrifft. Kreisen Sie in jeder Reihe eine Zahl ein.","MAIA-2 © 2018 University of California, San Francisco. Nutzung gemäß den Bedingungen auf Seite 2 des offiziellen deutschen Fragebogens: https://osher.ucsf.edu/sites/osher.ucsf.edu/files/inline-files/MAIA-2_German.pdf. Zitation: Mehling WE et al. (2018), PLoS ONE 13(12): e0208034, https://doi.org/10.1371/journal.pone.0208034. Übersetzung von MAIA-2 in Kooperation mit Wolf E. Mehling (basierend auf der dt. Erstversion von Boris Bornemann, Max-Planck-Institut, Leipzig, Dezember 2012): Michael Eggart. Referenzierte Spezifikation AffectTracker2D - Specifications.docx, SHA-256 7402c80c6da71d4a11543676acdf0a7640cdb842d55afc10dde6ad3d4978fdbe.",f02,"Ich merke es, wenn ich mich in meinem Körper nicht wohlfühle.",true,Bemerken,o5,Immer,5
questionnaire-csv-v1,maia-2-de,2 (2018),"Multidimensional Assessment of Interoceptive Awareness, Version 2 (MAIA-2)",de,"Unten finden Sie eine Liste von Aussagen. Geben Sie bitte für jede der folgenden Aussagen an, wie oft sie generell im täglichen Leben auf Sie zutrifft. Kreisen Sie in jeder Reihe eine Zahl ein.","MAIA-2 © 2018 University of California, San Francisco. Nutzung gemäß den Bedingungen auf Seite 2 des offiziellen deutschen Fragebogens: https://osher.ucsf.edu/sites/osher.ucsf.edu/files/inline-files/MAIA-2_German.pdf. Zitation: Mehling WE et al. (2018), PLoS ONE 13(12): e0208034, https://doi.org/10.1371/journal.pone.0208034. Übersetzung von MAIA-2 in Kooperation mit Wolf E. Mehling (basierend auf der dt. Erstversion von Boris Bornemann, Max-Planck-Institut, Leipzig, Dezember 2012): Michael Eggart. Referenzierte Spezifikation AffectTracker2D - Specifications.docx, SHA-256 7402c80c6da71d4a11543676acdf0a7640cdb842d55afc10dde6ad3d4978fdbe.",f03,"Ich merke, wo in meinem Körper ich mich wohlfühle.",true,Bemerken,o0,Nie,0
questionnaire-csv-v1,maia-2-de,2 (2018),"Multidimensional Assessment of Interoceptive Awareness, Version 2 (MAIA-2)",de,"Unten finden Sie eine Liste von Aussagen. Geben Sie bitte für jede der folgenden Aussagen an, wie oft sie generell im täglichen Leben auf Sie zutrifft. Kreisen Sie in jeder Reihe eine Zahl ein.","MAIA-2 © 2018 University of California, San Francisco. Nutzung gemäß den Bedingungen auf Seite 2 des offiziellen deutschen Fragebogens: https://osher.ucsf.edu/sites/osher.ucsf.edu/files/inline-files/MAIA-2_German.pdf. Zitation: Mehling WE et al. (2018), PLoS ONE 13(12): e0208034, https://doi.org/10.1371/journal.pone.0208034. Übersetzung von MAIA-2 in Kooperation mit Wolf E. Mehling (basierend auf der dt. Erstversion von Boris Bornemann, Max-Planck-Institut, Leipzig, Dezember 2012): Michael Eggart. Referenzierte Spezifikation AffectTracker2D - Specifications.docx, SHA-256 7402c80c6da71d4a11543676acdf0a7640cdb842d55afc10dde6ad3d4978fdbe.",f03,"Ich merke, wo in meinem Körper ich mich wohlfühle.",true,Bemerken,o1,1,1
questionnaire-csv-v1,maia-2-de,2 (2018),"Multidimensional Assessment of Interoceptive Awareness, Version 2 (MAIA-2)",de,"Unten finden Sie eine Liste von Aussagen. Geben Sie bitte für jede der folgenden Aussagen an, wie oft sie generell im täglichen Leben auf Sie zutrifft. Kreisen Sie in jeder Reihe eine Zahl ein.","MAIA-2 © 2018 University of California, San Francisco. Nutzung gemäß den Bedingungen auf Seite 2 des offiziellen deutschen Fragebogens: https://osher.ucsf.edu/sites/osher.ucsf.edu/files/inline-files/MAIA-2_German.pdf. Zitation: Mehling WE et al. (2018), PLoS ONE 13(12): e0208034, https://doi.org/10.1371/journal.pone.0208034. Übersetzung von MAIA-2 in Kooperation mit Wolf E. Mehling (basierend auf der dt. Erstversion von Boris Bornemann, Max-Planck-Institut, Leipzig, Dezember 2012): Michael Eggart. Referenzierte Spezifikation AffectTracker2D - Specifications.docx, SHA-256 7402c80c6da71d4a11543676acdf0a7640cdb842d55afc10dde6ad3d4978fdbe.",f03,"Ich merke, wo in meinem Körper ich mich wohlfühle.",true,Bemerken,o2,2,2
questionnaire-csv-v1,maia-2-de,2 (2018),"Multidimensional Assessment of Interoceptive Awareness, Version 2 (MAIA-2)",de,"Unten finden Sie eine Liste von Aussagen. Geben Sie bitte für jede der folgenden Aussagen an, wie oft sie generell im täglichen Leben auf Sie zutrifft. Kreisen Sie in jeder Reihe eine Zahl ein.","MAIA-2 © 2018 University of California, San Francisco. Nutzung gemäß den Bedingungen auf Seite 2 des offiziellen deutschen Fragebogens: https://osher.ucsf.edu/sites/osher.ucsf.edu/files/inline-files/MAIA-2_German.pdf. Zitation: Mehling WE et al. (2018), PLoS ONE 13(12): e0208034, https://doi.org/10.1371/journal.pone.0208034. Übersetzung von MAIA-2 in Kooperation mit Wolf E. Mehling (basierend auf der dt. Erstversion von Boris Bornemann, Max-Planck-Institut, Leipzig, Dezember 2012): Michael Eggart. Referenzierte Spezifikation AffectTracker2D - Specifications.docx, SHA-256 7402c80c6da71d4a11543676acdf0a7640cdb842d55afc10dde6ad3d4978fdbe.",f03,"Ich merke, wo in meinem Körper ich mich wohlfühle.",true,Bemerken,o3,3,3
questionnaire-csv-v1,maia-2-de,2 (2018),"Multidimensional Assessment of Interoceptive Awareness, Version 2 (MAIA-2)",de,"Unten finden Sie eine Liste von Aussagen. Geben Sie bitte für jede der folgenden Aussagen an, wie oft sie generell im täglichen Leben auf Sie zutrifft. Kreisen Sie in jeder Reihe eine Zahl ein.","MAIA-2 © 2018 University of California, San Francisco. Nutzung gemäß den Bedingungen auf Seite 2 des offiziellen deutschen Fragebogens: https://osher.ucsf.edu/sites/osher.ucsf.edu/files/inline-files/MAIA-2_German.pdf. Zitation: Mehling WE et al. (2018), PLoS ONE 13(12): e0208034, https://doi.org/10.1371/journal.pone.0208034. Übersetzung von MAIA-2 in Kooperation mit Wolf E. Mehling (basierend auf der dt. Erstversion von Boris Bornemann, Max-Planck-Institut, Leipzig, Dezember 2012): Michael Eggart. Referenzierte Spezifikation AffectTracker2D - Specifications.docx, SHA-256 7402c80c6da71d4a11543676acdf0a7640cdb842d55afc10dde6ad3d4978fdbe.",f03,"Ich merke, wo in meinem Körper ich mich wohlfühle.",true,Bemerken,o4,4,4
questionnaire-csv-v1,maia-2-de,2 (2018),"Multidimensional Assessment of Interoceptive Awareness, Version 2 (MAIA-2)",de,"Unten finden Sie eine Liste von Aussagen. Geben Sie bitte für jede der folgenden Aussagen an, wie oft sie generell im täglichen Leben auf Sie zutrifft. Kreisen Sie in jeder Reihe eine Zahl ein.","MAIA-2 © 2018 University of California, San Francisco. Nutzung gemäß den Bedingungen auf Seite 2 des offiziellen deutschen Fragebogens: https://osher.ucsf.edu/sites/osher.ucsf.edu/files/inline-files/MAIA-2_German.pdf. Zitation: Mehling WE et al. (2018), PLoS ONE 13(12): e0208034, https://doi.org/10.1371/journal.pone.0208034. Übersetzung von MAIA-2 in Kooperation mit Wolf E. Mehling (basierend auf der dt. Erstversion von Boris Bornemann, Max-Planck-Institut, Leipzig, Dezember 2012): Michael Eggart. Referenzierte Spezifikation AffectTracker2D - Specifications.docx, SHA-256 7402c80c6da71d4a11543676acdf0a7640cdb842d55afc10dde6ad3d4978fdbe.",f03,"Ich merke, wo in meinem Körper ich mich wohlfühle.",true,Bemerken,o5,Immer,5
questionnaire-csv-v1,maia-2-de,2 (2018),"Multidimensional Assessment of Interoceptive Awareness, Version 2 (MAIA-2)",de,"Unten finden Sie eine Liste von Aussagen. Geben Sie bitte für jede der folgenden Aussagen an, wie oft sie generell im täglichen Leben auf Sie zutrifft. Kreisen Sie in jeder Reihe eine Zahl ein.","MAIA-2 © 2018 University of California, San Francisco. Nutzung gemäß den Bedingungen auf Seite 2 des offiziellen deutschen Fragebogens: https://osher.ucsf.edu/sites/osher.ucsf.edu/files/inline-files/MAIA-2_German.pdf. Zitation: Mehling WE et al. (2018), PLoS ONE 13(12): e0208034, https://doi.org/10.1371/journal.pone.0208034. Übersetzung von MAIA-2 in Kooperation mit Wolf E. Mehling (basierend auf der dt. Erstversion von Boris Bornemann, Max-Planck-Institut, Leipzig, Dezember 2012): Michael Eggart. Referenzierte Spezifikation AffectTracker2D - Specifications.docx, SHA-256 7402c80c6da71d4a11543676acdf0a7640cdb842d55afc10dde6ad3d4978fdbe.",f04,"Ich bemerke Veränderungen in meiner Atmung, zum Beispiel, ob ich langsamer oder schneller atme.",true,Bemerken,o0,Nie,0
questionnaire-csv-v1,maia-2-de,2 (2018),"Multidimensional Assessment of Interoceptive Awareness, Version 2 (MAIA-2)",de,"Unten finden Sie eine Liste von Aussagen. Geben Sie bitte für jede der folgenden Aussagen an, wie oft sie generell im täglichen Leben auf Sie zutrifft. Kreisen Sie in jeder Reihe eine Zahl ein.","MAIA-2 © 2018 University of California, San Francisco. Nutzung gemäß den Bedingungen auf Seite 2 des offiziellen deutschen Fragebogens: https://osher.ucsf.edu/sites/osher.ucsf.edu/files/inline-files/MAIA-2_German.pdf. Zitation: Mehling WE et al. (2018), PLoS ONE 13(12): e0208034, https://doi.org/10.1371/journal.pone.0208034. Übersetzung von MAIA-2 in Kooperation mit Wolf E. Mehling (basierend auf der dt. Erstversion von Boris Bornemann, Max-Planck-Institut, Leipzig, Dezember 2012): Michael Eggart. Referenzierte Spezifikation AffectTracker2D - Specifications.docx, SHA-256 7402c80c6da71d4a11543676acdf0a7640cdb842d55afc10dde6ad3d4978fdbe.",f04,"Ich bemerke Veränderungen in meiner Atmung, zum Beispiel, ob ich langsamer oder schneller atme.",true,Bemerken,o1,1,1
questionnaire-csv-v1,maia-2-de,2 (2018),"Multidimensional Assessment of Interoceptive Awareness, Version 2 (MAIA-2)",de,"Unten finden Sie eine Liste von Aussagen. Geben Sie bitte für jede der folgenden Aussagen an, wie oft sie generell im täglichen Leben auf Sie zutrifft. Kreisen Sie in jeder Reihe eine Zahl ein.","MAIA-2 © 2018 University of California, San Francisco. Nutzung gemäß den Bedingungen auf Seite 2 des offiziellen deutschen Fragebogens: https://osher.ucsf.edu/sites/osher.ucsf.edu/files/inline-files/MAIA-2_German.pdf. Zitation: Mehling WE et al. (2018), PLoS ONE 13(12): e0208034, https://doi.org/10.1371/journal.pone.0208034. Übersetzung von MAIA-2 in Kooperation mit Wolf E. Mehling (basierend auf der dt. Erstversion von Boris Bornemann, Max-Planck-Institut, Leipzig, Dezember 2012): Michael Eggart. Referenzierte Spezifikation AffectTracker2D - Specifications.docx, SHA-256 7402c80c6da71d4a11543676acdf0a7640cdb842d55afc10dde6ad3d4978fdbe.",f04,"Ich bemerke Veränderungen in meiner Atmung, zum Beispiel, ob ich langsamer oder schneller atme.",true,Bemerken,o2,2,2
questionnaire-csv-v1,maia-2-de,2 (2018),"Multidimensional Assessment of Interoceptive Awareness, Version 2 (MAIA-2)",de,"Unten finden Sie eine Liste von Aussagen. Geben Sie bitte für jede der folgenden Aussagen an, wie oft sie generell im täglichen Leben auf Sie zutrifft. Kreisen Sie in jeder Reihe eine Zahl ein.","MAIA-2 © 2018 University of California, San Francisco. Nutzung gemäß den Bedingungen auf Seite 2 des offiziellen deutschen Fragebogens: https://osher.ucsf.edu/sites/osher.ucsf.edu/files/inline-files/MAIA-2_German.pdf. Zitation: Mehling WE et al. (2018), PLoS ONE 13(12): e0208034, https://doi.org/10.1371/journal.pone.0208034. Übersetzung von MAIA-2 in Kooperation mit Wolf E. Mehling (basierend auf der dt. Erstversion von Boris Bornemann, Max-Planck-Institut, Leipzig, Dezember 2012): Michael Eggart. Referenzierte Spezifikation AffectTracker2D - Specifications.docx, SHA-256 7402c80c6da71d4a11543676acdf0a7640cdb842d55afc10dde6ad3d4978fdbe.",f04,"Ich bemerke Veränderungen in meiner Atmung, zum Beispiel, ob ich langsamer oder schneller atme.",true,Bemerken,o3,3,3
questionnaire-csv-v1,maia-2-de,2 (2018),"Multidimensional Assessment of Interoceptive Awareness, Version 2 (MAIA-2)",de,"Unten finden Sie eine Liste von Aussagen. Geben Sie bitte für jede der folgenden Aussagen an, wie oft sie generell im täglichen Leben auf Sie zutrifft. Kreisen Sie in jeder Reihe eine Zahl ein.","MAIA-2 © 2018 University of California, San Francisco. Nutzung gemäß den Bedingungen auf Seite 2 des offiziellen deutschen Fragebogens: https://osher.ucsf.edu/sites/osher.ucsf.edu/files/inline-files/MAIA-2_German.pdf. Zitation: Mehling WE et al. (2018), PLoS ONE 13(12): e0208034, https://doi.org/10.1371/journal.pone.0208034. Übersetzung von MAIA-2 in Kooperation mit Wolf E. Mehling (basierend auf der dt. Erstversion von Boris Bornemann, Max-Planck-Institut, Leipzig, Dezember 2012): Michael Eggart. Referenzierte Spezifikation AffectTracker2D - Specifications.docx, SHA-256 7402c80c6da71d4a11543676acdf0a7640cdb842d55afc10dde6ad3d4978fdbe.",f04,"Ich bemerke Veränderungen in meiner Atmung, zum Beispiel, ob ich langsamer oder schneller atme.",true,Bemerken,o4,4,4
questionnaire-csv-v1,maia-2-de,2 (2018),"Multidimensional Assessment of Interoceptive Awareness, Version 2 (MAIA-2)",de,"Unten finden Sie eine Liste von Aussagen. Geben Sie bitte für jede der folgenden Aussagen an, wie oft sie generell im täglichen Leben auf Sie zutrifft. Kreisen Sie in jeder Reihe eine Zahl ein.","MAIA-2 © 2018 University of California, San Francisco. Nutzung gemäß den Bedingungen auf Seite 2 des offiziellen deutschen Fragebogens: https://osher.ucsf.edu/sites/osher.ucsf.edu/files/inline-files/MAIA-2_German.pdf. Zitation: Mehling WE et al. (2018), PLoS ONE 13(12): e0208034, https://doi.org/10.1371/journal.pone.0208034. Übersetzung von MAIA-2 in Kooperation mit Wolf E. Mehling (basierend auf der dt. Erstversion von Boris Bornemann, Max-Planck-Institut, Leipzig, Dezember 2012): Michael Eggart. Referenzierte Spezifikation AffectTracker2D - Specifications.docx, SHA-256 7402c80c6da71d4a11543676acdf0a7640cdb842d55afc10dde6ad3d4978fdbe.",f04,"Ich bemerke Veränderungen in meiner Atmung, zum Beispiel, ob ich langsamer oder schneller atme.",true,Bemerken,o5,Immer,5
questionnaire-csv-v1,maia-2-de,2 (2018),"Multidimensional Assessment of Interoceptive Awareness, Version 2 (MAIA-2)",de,"Unten finden Sie eine Liste von Aussagen. Geben Sie bitte für jede der folgenden Aussagen an, wie oft sie generell im täglichen Leben auf Sie zutrifft. Kreisen Sie in jeder Reihe eine Zahl ein.","MAIA-2 © 2018 University of California, San Francisco. Nutzung gemäß den Bedingungen auf Seite 2 des offiziellen deutschen Fragebogens: https://osher.ucsf.edu/sites/osher.ucsf.edu/files/inline-files/MAIA-2_German.pdf. Zitation: Mehling WE et al. (2018), PLoS ONE 13(12): e0208034, https://doi.org/10.1371/journal.pone.0208034. Übersetzung von MAIA-2 in Kooperation mit Wolf E. Mehling (basierend auf der dt. Erstversion von Boris Bornemann, Max-Planck-Institut, Leipzig, Dezember 2012): Michael Eggart. Referenzierte Spezifikation AffectTracker2D - Specifications.docx, SHA-256 7402c80c6da71d4a11543676acdf0a7640cdb842d55afc10dde6ad3d4978fdbe.",f05,"Ich ignoriere körperliche Anspannung oder Unwohlsein, bis diese stärker werden.",true,Nicht-Ablenken,o0,Nie,5
questionnaire-csv-v1,maia-2-de,2 (2018),"Multidimensional Assessment of Interoceptive Awareness, Version 2 (MAIA-2)",de,"Unten finden Sie eine Liste von Aussagen. Geben Sie bitte für jede der folgenden Aussagen an, wie oft sie generell im täglichen Leben auf Sie zutrifft. Kreisen Sie in jeder Reihe eine Zahl ein.","MAIA-2 © 2018 University of California, San Francisco. Nutzung gemäß den Bedingungen auf Seite 2 des offiziellen deutschen Fragebogens: https://osher.ucsf.edu/sites/osher.ucsf.edu/files/inline-files/MAIA-2_German.pdf. Zitation: Mehling WE et al. (2018), PLoS ONE 13(12): e0208034, https://doi.org/10.1371/journal.pone.0208034. Übersetzung von MAIA-2 in Kooperation mit Wolf E. Mehling (basierend auf der dt. Erstversion von Boris Bornemann, Max-Planck-Institut, Leipzig, Dezember 2012): Michael Eggart. Referenzierte Spezifikation AffectTracker2D - Specifications.docx, SHA-256 7402c80c6da71d4a11543676acdf0a7640cdb842d55afc10dde6ad3d4978fdbe.",f05,"Ich ignoriere körperliche Anspannung oder Unwohlsein, bis diese stärker werden.",true,Nicht-Ablenken,o1,1,4
questionnaire-csv-v1,maia-2-de,2 (2018),"Multidimensional Assessment of Interoceptive Awareness, Version 2 (MAIA-2)",de,"Unten finden Sie eine Liste von Aussagen. Geben Sie bitte für jede der folgenden Aussagen an, wie oft sie generell im täglichen Leben auf Sie zutrifft. Kreisen Sie in jeder Reihe eine Zahl ein.","MAIA-2 © 2018 University of California, San Francisco. Nutzung gemäß den Bedingungen auf Seite 2 des offiziellen deutschen Fragebogens: https://osher.ucsf.edu/sites/osher.ucsf.edu/files/inline-files/MAIA-2_German.pdf. Zitation: Mehling WE et al. (2018), PLoS ONE 13(12): e0208034, https://doi.org/10.1371/journal.pone.0208034. Übersetzung von MAIA-2 in Kooperation mit Wolf E. Mehling (basierend auf der dt. Erstversion von Boris Bornemann, Max-Planck-Institut, Leipzig, Dezember 2012): Michael Eggart. Referenzierte Spezifikation AffectTracker2D - Specifications.docx, SHA-256 7402c80c6da71d4a11543676acdf0a7640cdb842d55afc10dde6ad3d4978fdbe.",f05,"Ich ignoriere körperliche Anspannung oder Unwohlsein, bis diese stärker werden.",true,Nicht-Ablenken,o2,2,3
questionnaire-csv-v1,maia-2-de,2 (2018),"Multidimensional Assessment of Interoceptive Awareness, Version 2 (MAIA-2)",de,"Unten finden Sie eine Liste von Aussagen. Geben Sie bitte für jede der folgenden Aussagen an, wie oft sie generell im täglichen Leben auf Sie zutrifft. Kreisen Sie in jeder Reihe eine Zahl ein.","MAIA-2 © 2018 University of California, San Francisco. Nutzung gemäß den Bedingungen auf Seite 2 des offiziellen deutschen Fragebogens: https://osher.ucsf.edu/sites/osher.ucsf.edu/files/inline-files/MAIA-2_German.pdf. Zitation: Mehling WE et al. (2018), PLoS ONE 13(12): e0208034, https://doi.org/10.1371/journal.pone.0208034. Übersetzung von MAIA-2 in Kooperation mit Wolf E. Mehling (basierend auf der dt. Erstversion von Boris Bornemann, Max-Planck-Institut, Leipzig, Dezember 2012): Michael Eggart. Referenzierte Spezifikation AffectTracker2D - Specifications.docx, SHA-256 7402c80c6da71d4a11543676acdf0a7640cdb842d55afc10dde6ad3d4978fdbe.",f05,"Ich ignoriere körperliche Anspannung oder Unwohlsein, bis diese stärker werden.",true,Nicht-Ablenken,o3,3,2
questionnaire-csv-v1,maia-2-de,2 (2018),"Multidimensional Assessment of Interoceptive Awareness, Version 2 (MAIA-2)",de,"Unten finden Sie eine Liste von Aussagen. Geben Sie bitte für jede der folgenden Aussagen an, wie oft sie generell im täglichen Leben auf Sie zutrifft. Kreisen Sie in jeder Reihe eine Zahl ein.","MAIA-2 © 2018 University of California, San Francisco. Nutzung gemäß den Bedingungen auf Seite 2 des offiziellen deutschen Fragebogens: https://osher.ucsf.edu/sites/osher.ucsf.edu/files/inline-files/MAIA-2_German.pdf. Zitation: Mehling WE et al. (2018), PLoS ONE 13(12): e0208034, https://doi.org/10.1371/journal.pone.0208034. Übersetzung von MAIA-2 in Kooperation mit Wolf E. Mehling (basierend auf der dt. Erstversion von Boris Bornemann, Max-Planck-Institut, Leipzig, Dezember 2012): Michael Eggart. Referenzierte Spezifikation AffectTracker2D - Specifications.docx, SHA-256 7402c80c6da71d4a11543676acdf0a7640cdb842d55afc10dde6ad3d4978fdbe.",f05,"Ich ignoriere körperliche Anspannung oder Unwohlsein, bis diese stärker werden.",true,Nicht-Ablenken,o4,4,1
questionnaire-csv-v1,maia-2-de,2 (2018),"Multidimensional Assessment of Interoceptive Awareness, Version 2 (MAIA-2)",de,"Unten finden Sie eine Liste von Aussagen. Geben Sie bitte für jede der folgenden Aussagen an, wie oft sie generell im täglichen Leben auf Sie zutrifft. Kreisen Sie in jeder Reihe eine Zahl ein.","MAIA-2 © 2018 University of California, San Francisco. Nutzung gemäß den Bedingungen auf Seite 2 des offiziellen deutschen Fragebogens: https://osher.ucsf.edu/sites/osher.ucsf.edu/files/inline-files/MAIA-2_German.pdf. Zitation: Mehling WE et al. (2018), PLoS ONE 13(12): e0208034, https://doi.org/10.1371/journal.pone.0208034. Übersetzung von MAIA-2 in Kooperation mit Wolf E. Mehling (basierend auf der dt. Erstversion von Boris Bornemann, Max-Planck-Institut, Leipzig, Dezember 2012): Michael Eggart. Referenzierte Spezifikation AffectTracker2D - Specifications.docx, SHA-256 7402c80c6da71d4a11543676acdf0a7640cdb842d55afc10dde6ad3d4978fdbe.",f05,"Ich ignoriere körperliche Anspannung oder Unwohlsein, bis diese stärker werden.",true,Nicht-Ablenken,o5,Immer,0
questionnaire-csv-v1,maia-2-de,2 (2018),"Multidimensional Assessment of Interoceptive Awareness, Version 2 (MAIA-2)",de,"Unten finden Sie eine Liste von Aussagen. Geben Sie bitte für jede der folgenden Aussagen an, wie oft sie generell im täglichen Leben auf Sie zutrifft. Kreisen Sie in jeder Reihe eine Zahl ein.","MAIA-2 © 2018 University of California, San Francisco. Nutzung gemäß den Bedingungen auf Seite 2 des offiziellen deutschen Fragebogens: https://osher.ucsf.edu/sites/osher.ucsf.edu/files/inline-files/MAIA-2_German.pdf. Zitation: Mehling WE et al. (2018), PLoS ONE 13(12): e0208034, https://doi.org/10.1371/journal.pone.0208034. Übersetzung von MAIA-2 in Kooperation mit Wolf E. Mehling (basierend auf der dt. Erstversion von Boris Bornemann, Max-Planck-Institut, Leipzig, Dezember 2012): Michael Eggart. Referenzierte Spezifikation AffectTracker2D - Specifications.docx, SHA-256 7402c80c6da71d4a11543676acdf0a7640cdb842d55afc10dde6ad3d4978fdbe.",f06,Ich lenke mich von unangenehmen Empfindungen ab.,true,Nicht-Ablenken,o0,Nie,5
questionnaire-csv-v1,maia-2-de,2 (2018),"Multidimensional Assessment of Interoceptive Awareness, Version 2 (MAIA-2)",de,"Unten finden Sie eine Liste von Aussagen. Geben Sie bitte für jede der folgenden Aussagen an, wie oft sie generell im täglichen Leben auf Sie zutrifft. Kreisen Sie in jeder Reihe eine Zahl ein.","MAIA-2 © 2018 University of California, San Francisco. Nutzung gemäß den Bedingungen auf Seite 2 des offiziellen deutschen Fragebogens: https://osher.ucsf.edu/sites/osher.ucsf.edu/files/inline-files/MAIA-2_German.pdf. Zitation: Mehling WE et al. (2018), PLoS ONE 13(12): e0208034, https://doi.org/10.1371/journal.pone.0208034. Übersetzung von MAIA-2 in Kooperation mit Wolf E. Mehling (basierend auf der dt. Erstversion von Boris Bornemann, Max-Planck-Institut, Leipzig, Dezember 2012): Michael Eggart. Referenzierte Spezifikation AffectTracker2D - Specifications.docx, SHA-256 7402c80c6da71d4a11543676acdf0a7640cdb842d55afc10dde6ad3d4978fdbe.",f06,Ich lenke mich von unangenehmen Empfindungen ab.,true,Nicht-Ablenken,o1,1,4
questionnaire-csv-v1,maia-2-de,2 (2018),"Multidimensional Assessment of Interoceptive Awareness, Version 2 (MAIA-2)",de,"Unten finden Sie eine Liste von Aussagen. Geben Sie bitte für jede der folgenden Aussagen an, wie oft sie generell im täglichen Leben auf Sie zutrifft. Kreisen Sie in jeder Reihe eine Zahl ein.","MAIA-2 © 2018 University of California, San Francisco. Nutzung gemäß den Bedingungen auf Seite 2 des offiziellen deutschen Fragebogens: https://osher.ucsf.edu/sites/osher.ucsf.edu/files/inline-files/MAIA-2_German.pdf. Zitation: Mehling WE et al. (2018), PLoS ONE 13(12): e0208034, https://doi.org/10.1371/journal.pone.0208034. Übersetzung von MAIA-2 in Kooperation mit Wolf E. Mehling (basierend auf der dt. Erstversion von Boris Bornemann, Max-Planck-Institut, Leipzig, Dezember 2012): Michael Eggart. Referenzierte Spezifikation AffectTracker2D - Specifications.docx, SHA-256 7402c80c6da71d4a11543676acdf0a7640cdb842d55afc10dde6ad3d4978fdbe.",f06,Ich lenke mich von unangenehmen Empfindungen ab.,true,Nicht-Ablenken,o2,2,3
questionnaire-csv-v1,maia-2-de,2 (2018),"Multidimensional Assessment of Interoceptive Awareness, Version 2 (MAIA-2)",de,"Unten finden Sie eine Liste von Aussagen. Geben Sie bitte für jede der folgenden Aussagen an, wie oft sie generell im täglichen Leben auf Sie zutrifft. Kreisen Sie in jeder Reihe eine Zahl ein.","MAIA-2 © 2018 University of California, San Francisco. Nutzung gemäß den Bedingungen auf Seite 2 des offiziellen deutschen Fragebogens: https://osher.ucsf.edu/sites/osher.ucsf.edu/files/inline-files/MAIA-2_German.pdf. Zitation: Mehling WE et al. (2018), PLoS ONE 13(12): e0208034, https://doi.org/10.1371/journal.pone.0208034. Übersetzung von MAIA-2 in Kooperation mit Wolf E. Mehling (basierend auf der dt. Erstversion von Boris Bornemann, Max-Planck-Institut, Leipzig, Dezember 2012): Michael Eggart. Referenzierte Spezifikation AffectTracker2D - Specifications.docx, SHA-256 7402c80c6da71d4a11543676acdf0a7640cdb842d55afc10dde6ad3d4978fdbe.",f06,Ich lenke mich von unangenehmen Empfindungen ab.,true,Nicht-Ablenken,o3,3,2
questionnaire-csv-v1,maia-2-de,2 (2018),"Multidimensional Assessment of Interoceptive Awareness, Version 2 (MAIA-2)",de,"Unten finden Sie eine Liste von Aussagen. Geben Sie bitte für jede der folgenden Aussagen an, wie oft sie generell im täglichen Leben auf Sie zutrifft. Kreisen Sie in jeder Reihe eine Zahl ein.","MAIA-2 © 2018 University of California, San Francisco. Nutzung gemäß den Bedingungen auf Seite 2 des offiziellen deutschen Fragebogens: https://osher.ucsf.edu/sites/osher.ucsf.edu/files/inline-files/MAIA-2_German.pdf. Zitation: Mehling WE et al. (2018), PLoS ONE 13(12): e0208034, https://doi.org/10.1371/journal.pone.0208034. Übersetzung von MAIA-2 in Kooperation mit Wolf E. Mehling (basierend auf der dt. Erstversion von Boris Bornemann, Max-Planck-Institut, Leipzig, Dezember 2012): Michael Eggart. Referenzierte Spezifikation AffectTracker2D - Specifications.docx, SHA-256 7402c80c6da71d4a11543676acdf0a7640cdb842d55afc10dde6ad3d4978fdbe.",f06,Ich lenke mich von unangenehmen Empfindungen ab.,true,Nicht-Ablenken,o4,4,1
questionnaire-csv-v1,maia-2-de,2 (2018),"Multidimensional Assessment of Interoceptive Awareness, Version 2 (MAIA-2)",de,"Unten finden Sie eine Liste von Aussagen. Geben Sie bitte für jede der folgenden Aussagen an, wie oft sie generell im täglichen Leben auf Sie zutrifft. Kreisen Sie in jeder Reihe eine Zahl ein.","MAIA-2 © 2018 University of California, San Francisco. Nutzung gemäß den Bedingungen auf Seite 2 des offiziellen deutschen Fragebogens: https://osher.ucsf.edu/sites/osher.ucsf.edu/files/inline-files/MAIA-2_German.pdf. Zitation: Mehling WE et al. (2018), PLoS ONE 13(12): e0208034, https://doi.org/10.1371/journal.pone.0208034. Übersetzung von MAIA-2 in Kooperation mit Wolf E. Mehling (basierend auf der dt. Erstversion von Boris Bornemann, Max-Planck-Institut, Leipzig, Dezember 2012): Michael Eggart. Referenzierte Spezifikation AffectTracker2D - Specifications.docx, SHA-256 7402c80c6da71d4a11543676acdf0a7640cdb842d55afc10dde6ad3d4978fdbe.",f06,Ich lenke mich von unangenehmen Empfindungen ab.,true,Nicht-Ablenken,o5,Immer,0
questionnaire-csv-v1,maia-2-de,2 (2018),"Multidimensional Assessment of Interoceptive Awareness, Version 2 (MAIA-2)",de,"Unten finden Sie eine Liste von Aussagen. Geben Sie bitte für jede der folgenden Aussagen an, wie oft sie generell im täglichen Leben auf Sie zutrifft. Kreisen Sie in jeder Reihe eine Zahl ein.","MAIA-2 © 2018 University of California, San Francisco. Nutzung gemäß den Bedingungen auf Seite 2 des offiziellen deutschen Fragebogens: https://osher.ucsf.edu/sites/osher.ucsf.edu/files/inline-files/MAIA-2_German.pdf. Zitation: Mehling WE et al. (2018), PLoS ONE 13(12): e0208034, https://doi.org/10.1371/journal.pone.0208034. Übersetzung von MAIA-2 in Kooperation mit Wolf E. Mehling (basierend auf der dt. Erstversion von Boris Bornemann, Max-Planck-Institut, Leipzig, Dezember 2012): Michael Eggart. Referenzierte Spezifikation AffectTracker2D - Specifications.docx, SHA-256 7402c80c6da71d4a11543676acdf0a7640cdb842d55afc10dde6ad3d4978fdbe.",f07,"Wenn ich Schmerz oder Unbehagen empfinde, versuche ich mich durchzubeißen.",true,Nicht-Ablenken,o0,Nie,5
questionnaire-csv-v1,maia-2-de,2 (2018),"Multidimensional Assessment of Interoceptive Awareness, Version 2 (MAIA-2)",de,"Unten finden Sie eine Liste von Aussagen. Geben Sie bitte für jede der folgenden Aussagen an, wie oft sie generell im täglichen Leben auf Sie zutrifft. Kreisen Sie in jeder Reihe eine Zahl ein.","MAIA-2 © 2018 University of California, San Francisco. Nutzung gemäß den Bedingungen auf Seite 2 des offiziellen deutschen Fragebogens: https://osher.ucsf.edu/sites/osher.ucsf.edu/files/inline-files/MAIA-2_German.pdf. Zitation: Mehling WE et al. (2018), PLoS ONE 13(12): e0208034, https://doi.org/10.1371/journal.pone.0208034. Übersetzung von MAIA-2 in Kooperation mit Wolf E. Mehling (basierend auf der dt. Erstversion von Boris Bornemann, Max-Planck-Institut, Leipzig, Dezember 2012): Michael Eggart. Referenzierte Spezifikation AffectTracker2D - Specifications.docx, SHA-256 7402c80c6da71d4a11543676acdf0a7640cdb842d55afc10dde6ad3d4978fdbe.",f07,"Wenn ich Schmerz oder Unbehagen empfinde, versuche ich mich durchzubeißen.",true,Nicht-Ablenken,o1,1,4
questionnaire-csv-v1,maia-2-de,2 (2018),"Multidimensional Assessment of Interoceptive Awareness, Version 2 (MAIA-2)",de,"Unten finden Sie eine Liste von Aussagen. Geben Sie bitte für jede der folgenden Aussagen an, wie oft sie generell im täglichen Leben auf Sie zutrifft. Kreisen Sie in jeder Reihe eine Zahl ein.","MAIA-2 © 2018 University of California, San Francisco. Nutzung gemäß den Bedingungen auf Seite 2 des offiziellen deutschen Fragebogens: https://osher.ucsf.edu/sites/osher.ucsf.edu/files/inline-files/MAIA-2_German.pdf. Zitation: Mehling WE et al. (2018), PLoS ONE 13(12): e0208034, https://doi.org/10.1371/journal.pone.0208034. Übersetzung von MAIA-2 in Kooperation mit Wolf E. Mehling (basierend auf der dt. Erstversion von Boris Bornemann, Max-Planck-Institut, Leipzig, Dezember 2012): Michael Eggart. Referenzierte Spezifikation AffectTracker2D - Specifications.docx, SHA-256 7402c80c6da71d4a11543676acdf0a7640cdb842d55afc10dde6ad3d4978fdbe.",f07,"Wenn ich Schmerz oder Unbehagen empfinde, versuche ich mich durchzubeißen.",true,Nicht-Ablenken,o2,2,3
questionnaire-csv-v1,maia-2-de,2 (2018),"Multidimensional Assessment of Interoceptive Awareness, Version 2 (MAIA-2)",de,"Unten finden Sie eine Liste von Aussagen. Geben Sie bitte für jede der folgenden Aussagen an, wie oft sie generell im täglichen Leben auf Sie zutrifft. Kreisen Sie in jeder Reihe eine Zahl ein.","MAIA-2 © 2018 University of California, San Francisco. Nutzung gemäß den Bedingungen auf Seite 2 des offiziellen deutschen Fragebogens: https://osher.ucsf.edu/sites/osher.ucsf.edu/files/inline-files/MAIA-2_German.pdf. Zitation: Mehling WE et al. (2018), PLoS ONE 13(12): e0208034, https://doi.org/10.1371/journal.pone.0208034. Übersetzung von MAIA-2 in Kooperation mit Wolf E. Mehling (basierend auf der dt. Erstversion von Boris Bornemann, Max-Planck-Institut, Leipzig, Dezember 2012): Michael Eggart. Referenzierte Spezifikation AffectTracker2D - Specifications.docx, SHA-256 7402c80c6da71d4a11543676acdf0a7640cdb842d55afc10dde6ad3d4978fdbe.",f07,"Wenn ich Schmerz oder Unbehagen empfinde, versuche ich mich durchzubeißen.",true,Nicht-Ablenken,o3,3,2
questionnaire-csv-v1,maia-2-de,2 (2018),"Multidimensional Assessment of Interoceptive Awareness, Version 2 (MAIA-2)",de,"Unten finden Sie eine Liste von Aussagen. Geben Sie bitte für jede der folgenden Aussagen an, wie oft sie generell im täglichen Leben auf Sie zutrifft. Kreisen Sie in jeder Reihe eine Zahl ein.","MAIA-2 © 2018 University of California, San Francisco. Nutzung gemäß den Bedingungen auf Seite 2 des offiziellen deutschen Fragebogens: https://osher.ucsf.edu/sites/osher.ucsf.edu/files/inline-files/MAIA-2_German.pdf. Zitation: Mehling WE et al. (2018), PLoS ONE 13(12): e0208034, https://doi.org/10.1371/journal.pone.0208034. Übersetzung von MAIA-2 in Kooperation mit Wolf E. Mehling (basierend auf der dt. Erstversion von Boris Bornemann, Max-Planck-Institut, Leipzig, Dezember 2012): Michael Eggart. Referenzierte Spezifikation AffectTracker2D - Specifications.docx, SHA-256 7402c80c6da71d4a11543676acdf0a7640cdb842d55afc10dde6ad3d4978fdbe.",f07,"Wenn ich Schmerz oder Unbehagen empfinde, versuche ich mich durchzubeißen.",true,Nicht-Ablenken,o4,4,1
questionnaire-csv-v1,maia-2-de,2 (2018),"Multidimensional Assessment of Interoceptive Awareness, Version 2 (MAIA-2)",de,"Unten finden Sie eine Liste von Aussagen. Geben Sie bitte für jede der folgenden Aussagen an, wie oft sie generell im täglichen Leben auf Sie zutrifft. Kreisen Sie in jeder Reihe eine Zahl ein.","MAIA-2 © 2018 University of California, San Francisco. Nutzung gemäß den Bedingungen auf Seite 2 des offiziellen deutschen Fragebogens: https://osher.ucsf.edu/sites/osher.ucsf.edu/files/inline-files/MAIA-2_German.pdf. Zitation: Mehling WE et al. (2018), PLoS ONE 13(12): e0208034, https://doi.org/10.1371/journal.pone.0208034. Übersetzung von MAIA-2 in Kooperation mit Wolf E. Mehling (basierend auf der dt. Erstversion von Boris Bornemann, Max-Planck-Institut, Leipzig, Dezember 2012): Michael Eggart. Referenzierte Spezifikation AffectTracker2D - Specifications.docx, SHA-256 7402c80c6da71d4a11543676acdf0a7640cdb842d55afc10dde6ad3d4978fdbe.",f07,"Wenn ich Schmerz oder Unbehagen empfinde, versuche ich mich durchzubeißen.",true,Nicht-Ablenken,o5,Immer,0
questionnaire-csv-v1,maia-2-de,2 (2018),"Multidimensional Assessment of Interoceptive Awareness, Version 2 (MAIA-2)",de,"Unten finden Sie eine Liste von Aussagen. Geben Sie bitte für jede der folgenden Aussagen an, wie oft sie generell im täglichen Leben auf Sie zutrifft. Kreisen Sie in jeder Reihe eine Zahl ein.","MAIA-2 © 2018 University of California, San Francisco. Nutzung gemäß den Bedingungen auf Seite 2 des offiziellen deutschen Fragebogens: https://osher.ucsf.edu/sites/osher.ucsf.edu/files/inline-files/MAIA-2_German.pdf. Zitation: Mehling WE et al. (2018), PLoS ONE 13(12): e0208034, https://doi.org/10.1371/journal.pone.0208034. Übersetzung von MAIA-2 in Kooperation mit Wolf E. Mehling (basierend auf der dt. Erstversion von Boris Bornemann, Max-Planck-Institut, Leipzig, Dezember 2012): Michael Eggart. Referenzierte Spezifikation AffectTracker2D - Specifications.docx, SHA-256 7402c80c6da71d4a11543676acdf0a7640cdb842d55afc10dde6ad3d4978fdbe.",f08,"Ich versuche, Schmerzen zu ignorieren.",true,Nicht-Ablenken,o0,Nie,5
questionnaire-csv-v1,maia-2-de,2 (2018),"Multidimensional Assessment of Interoceptive Awareness, Version 2 (MAIA-2)",de,"Unten finden Sie eine Liste von Aussagen. Geben Sie bitte für jede der folgenden Aussagen an, wie oft sie generell im täglichen Leben auf Sie zutrifft. Kreisen Sie in jeder Reihe eine Zahl ein.","MAIA-2 © 2018 University of California, San Francisco. Nutzung gemäß den Bedingungen auf Seite 2 des offiziellen deutschen Fragebogens: https://osher.ucsf.edu/sites/osher.ucsf.edu/files/inline-files/MAIA-2_German.pdf. Zitation: Mehling WE et al. (2018), PLoS ONE 13(12): e0208034, https://doi.org/10.1371/journal.pone.0208034. Übersetzung von MAIA-2 in Kooperation mit Wolf E. Mehling (basierend auf der dt. Erstversion von Boris Bornemann, Max-Planck-Institut, Leipzig, Dezember 2012): Michael Eggart. Referenzierte Spezifikation AffectTracker2D - Specifications.docx, SHA-256 7402c80c6da71d4a11543676acdf0a7640cdb842d55afc10dde6ad3d4978fdbe.",f08,"Ich versuche, Schmerzen zu ignorieren.",true,Nicht-Ablenken,o1,1,4
questionnaire-csv-v1,maia-2-de,2 (2018),"Multidimensional Assessment of Interoceptive Awareness, Version 2 (MAIA-2)",de,"Unten finden Sie eine Liste von Aussagen. Geben Sie bitte für jede der folgenden Aussagen an, wie oft sie generell im täglichen Leben auf Sie zutrifft. Kreisen Sie in jeder Reihe eine Zahl ein.","MAIA-2 © 2018 University of California, San Francisco. Nutzung gemäß den Bedingungen auf Seite 2 des offiziellen deutschen Fragebogens: https://osher.ucsf.edu/sites/osher.ucsf.edu/files/inline-files/MAIA-2_German.pdf. Zitation: Mehling WE et al. (2018), PLoS ONE 13(12): e0208034, https://doi.org/10.1371/journal.pone.0208034. Übersetzung von MAIA-2 in Kooperation mit Wolf E. Mehling (basierend auf der dt. Erstversion von Boris Bornemann, Max-Planck-Institut, Leipzig, Dezember 2012): Michael Eggart. Referenzierte Spezifikation AffectTracker2D - Specifications.docx, SHA-256 7402c80c6da71d4a11543676acdf0a7640cdb842d55afc10dde6ad3d4978fdbe.",f08,"Ich versuche, Schmerzen zu ignorieren.",true,Nicht-Ablenken,o2,2,3
questionnaire-csv-v1,maia-2-de,2 (2018),"Multidimensional Assessment of Interoceptive Awareness, Version 2 (MAIA-2)",de,"Unten finden Sie eine Liste von Aussagen. Geben Sie bitte für jede der folgenden Aussagen an, wie oft sie generell im täglichen Leben auf Sie zutrifft. Kreisen Sie in jeder Reihe eine Zahl ein.","MAIA-2 © 2018 University of California, San Francisco. Nutzung gemäß den Bedingungen auf Seite 2 des offiziellen deutschen Fragebogens: https://osher.ucsf.edu/sites/osher.ucsf.edu/files/inline-files/MAIA-2_German.pdf. Zitation: Mehling WE et al. (2018), PLoS ONE 13(12): e0208034, https://doi.org/10.1371/journal.pone.0208034. Übersetzung von MAIA-2 in Kooperation mit Wolf E. Mehling (basierend auf der dt. Erstversion von Boris Bornemann, Max-Planck-Institut, Leipzig, Dezember 2012): Michael Eggart. Referenzierte Spezifikation AffectTracker2D - Specifications.docx, SHA-256 7402c80c6da71d4a11543676acdf0a7640cdb842d55afc10dde6ad3d4978fdbe.",f08,"Ich versuche, Schmerzen zu ignorieren.",true,Nicht-Ablenken,o3,3,2
questionnaire-csv-v1,maia-2-de,2 (2018),"Multidimensional Assessment of Interoceptive Awareness, Version 2 (MAIA-2)",de,"Unten finden Sie eine Liste von Aussagen. Geben Sie bitte für jede der folgenden Aussagen an, wie oft sie generell im täglichen Leben auf Sie zutrifft. Kreisen Sie in jeder Reihe eine Zahl ein.","MAIA-2 © 2018 University of California, San Francisco. Nutzung gemäß den Bedingungen auf Seite 2 des offiziellen deutschen Fragebogens: https://osher.ucsf.edu/sites/osher.ucsf.edu/files/inline-files/MAIA-2_German.pdf. Zitation: Mehling WE et al. (2018), PLoS ONE 13(12): e0208034, https://doi.org/10.1371/journal.pone.0208034. Übersetzung von MAIA-2 in Kooperation mit Wolf E. Mehling (basierend auf der dt. Erstversion von Boris Bornemann, Max-Planck-Institut, Leipzig, Dezember 2012): Michael Eggart. Referenzierte Spezifikation AffectTracker2D - Specifications.docx, SHA-256 7402c80c6da71d4a11543676acdf0a7640cdb842d55afc10dde6ad3d4978fdbe.",f08,"Ich versuche, Schmerzen zu ignorieren.",true,Nicht-Ablenken,o4,4,1
questionnaire-csv-v1,maia-2-de,2 (2018),"Multidimensional Assessment of Interoceptive Awareness, Version 2 (MAIA-2)",de,"Unten finden Sie eine Liste von Aussagen. Geben Sie bitte für jede der folgenden Aussagen an, wie oft sie generell im täglichen Leben auf Sie zutrifft. Kreisen Sie in jeder Reihe eine Zahl ein.","MAIA-2 © 2018 University of California, San Francisco. Nutzung gemäß den Bedingungen auf Seite 2 des offiziellen deutschen Fragebogens: https://osher.ucsf.edu/sites/osher.ucsf.edu/files/inline-files/MAIA-2_German.pdf. Zitation: Mehling WE et al. (2018), PLoS ONE 13(12): e0208034, https://doi.org/10.1371/journal.pone.0208034. Übersetzung von MAIA-2 in Kooperation mit Wolf E. Mehling (basierend auf der dt. Erstversion von Boris Bornemann, Max-Planck-Institut, Leipzig, Dezember 2012): Michael Eggart. Referenzierte Spezifikation AffectTracker2D - Specifications.docx, SHA-256 7402c80c6da71d4a11543676acdf0a7640cdb842d55afc10dde6ad3d4978fdbe.",f08,"Ich versuche, Schmerzen zu ignorieren.",true,Nicht-Ablenken,o5,Immer,0
questionnaire-csv-v1,maia-2-de,2 (2018),"Multidimensional Assessment of Interoceptive Awareness, Version 2 (MAIA-2)",de,"Unten finden Sie eine Liste von Aussagen. Geben Sie bitte für jede der folgenden Aussagen an, wie oft sie generell im täglichen Leben auf Sie zutrifft. Kreisen Sie in jeder Reihe eine Zahl ein.","MAIA-2 © 2018 University of California, San Francisco. Nutzung gemäß den Bedingungen auf Seite 2 des offiziellen deutschen Fragebogens: https://osher.ucsf.edu/sites/osher.ucsf.edu/files/inline-files/MAIA-2_German.pdf. Zitation: Mehling WE et al. (2018), PLoS ONE 13(12): e0208034, https://doi.org/10.1371/journal.pone.0208034. Übersetzung von MAIA-2 in Kooperation mit Wolf E. Mehling (basierend auf der dt. Erstversion von Boris Bornemann, Max-Planck-Institut, Leipzig, Dezember 2012): Michael Eggart. Referenzierte Spezifikation AffectTracker2D - Specifications.docx, SHA-256 7402c80c6da71d4a11543676acdf0a7640cdb842d55afc10dde6ad3d4978fdbe.",f09,"Ich verdränge unangenehme Gefühle, indem ich mich auf etwas anderes konzentriere.",true,Nicht-Ablenken,o0,Nie,5
questionnaire-csv-v1,maia-2-de,2 (2018),"Multidimensional Assessment of Interoceptive Awareness, Version 2 (MAIA-2)",de,"Unten finden Sie eine Liste von Aussagen. Geben Sie bitte für jede der folgenden Aussagen an, wie oft sie generell im täglichen Leben auf Sie zutrifft. Kreisen Sie in jeder Reihe eine Zahl ein.","MAIA-2 © 2018 University of California, San Francisco. Nutzung gemäß den Bedingungen auf Seite 2 des offiziellen deutschen Fragebogens: https://osher.ucsf.edu/sites/osher.ucsf.edu/files/inline-files/MAIA-2_German.pdf. Zitation: Mehling WE et al. (2018), PLoS ONE 13(12): e0208034, https://doi.org/10.1371/journal.pone.0208034. Übersetzung von MAIA-2 in Kooperation mit Wolf E. Mehling (basierend auf der dt. Erstversion von Boris Bornemann, Max-Planck-Institut, Leipzig, Dezember 2012): Michael Eggart. Referenzierte Spezifikation AffectTracker2D - Specifications.docx, SHA-256 7402c80c6da71d4a11543676acdf0a7640cdb842d55afc10dde6ad3d4978fdbe.",f09,"Ich verdränge unangenehme Gefühle, indem ich mich auf etwas anderes konzentriere.",true,Nicht-Ablenken,o1,1,4
questionnaire-csv-v1,maia-2-de,2 (2018),"Multidimensional Assessment of Interoceptive Awareness, Version 2 (MAIA-2)",de,"Unten finden Sie eine Liste von Aussagen. Geben Sie bitte für jede der folgenden Aussagen an, wie oft sie generell im täglichen Leben auf Sie zutrifft. Kreisen Sie in jeder Reihe eine Zahl ein.","MAIA-2 © 2018 University of California, San Francisco. Nutzung gemäß den Bedingungen auf Seite 2 des offiziellen deutschen Fragebogens: https://osher.ucsf.edu/sites/osher.ucsf.edu/files/inline-files/MAIA-2_German.pdf. Zitation: Mehling WE et al. (2018), PLoS ONE 13(12): e0208034, https://doi.org/10.1371/journal.pone.0208034. Übersetzung von MAIA-2 in Kooperation mit Wolf E. Mehling (basierend auf der dt. Erstversion von Boris Bornemann, Max-Planck-Institut, Leipzig, Dezember 2012): Michael Eggart. Referenzierte Spezifikation AffectTracker2D - Specifications.docx, SHA-256 7402c80c6da71d4a11543676acdf0a7640cdb842d55afc10dde6ad3d4978fdbe.",f09,"Ich verdränge unangenehme Gefühle, indem ich mich auf etwas anderes konzentriere.",true,Nicht-Ablenken,o2,2,3
questionnaire-csv-v1,maia-2-de,2 (2018),"Multidimensional Assessment of Interoceptive Awareness, Version 2 (MAIA-2)",de,"Unten finden Sie eine Liste von Aussagen. Geben Sie bitte für jede der folgenden Aussagen an, wie oft sie generell im täglichen Leben auf Sie zutrifft. Kreisen Sie in jeder Reihe eine Zahl ein.","MAIA-2 © 2018 University of California, San Francisco. Nutzung gemäß den Bedingungen auf Seite 2 des offiziellen deutschen Fragebogens: https://osher.ucsf.edu/sites/osher.ucsf.edu/files/inline-files/MAIA-2_German.pdf. Zitation: Mehling WE et al. (2018), PLoS ONE 13(12): e0208034, https://doi.org/10.1371/journal.pone.0208034. Übersetzung von MAIA-2 in Kooperation mit Wolf E. Mehling (basierend auf der dt. Erstversion von Boris Bornemann, Max-Planck-Institut, Leipzig, Dezember 2012): Michael Eggart. Referenzierte Spezifikation AffectTracker2D - Specifications.docx, SHA-256 7402c80c6da71d4a11543676acdf0a7640cdb842d55afc10dde6ad3d4978fdbe.",f09,"Ich verdränge unangenehme Gefühle, indem ich mich auf etwas anderes konzentriere.",true,Nicht-Ablenken,o3,3,2
questionnaire-csv-v1,maia-2-de,2 (2018),"Multidimensional Assessment of Interoceptive Awareness, Version 2 (MAIA-2)",de,"Unten finden Sie eine Liste von Aussagen. Geben Sie bitte für jede der folgenden Aussagen an, wie oft sie generell im täglichen Leben auf Sie zutrifft. Kreisen Sie in jeder Reihe eine Zahl ein.","MAIA-2 © 2018 University of California, San Francisco. Nutzung gemäß den Bedingungen auf Seite 2 des offiziellen deutschen Fragebogens: https://osher.ucsf.edu/sites/osher.ucsf.edu/files/inline-files/MAIA-2_German.pdf. Zitation: Mehling WE et al. (2018), PLoS ONE 13(12): e0208034, https://doi.org/10.1371/journal.pone.0208034. Übersetzung von MAIA-2 in Kooperation mit Wolf E. Mehling (basierend auf der dt. Erstversion von Boris Bornemann, Max-Planck-Institut, Leipzig, Dezember 2012): Michael Eggart. Referenzierte Spezifikation AffectTracker2D - Specifications.docx, SHA-256 7402c80c6da71d4a11543676acdf0a7640cdb842d55afc10dde6ad3d4978fdbe.",f09,"Ich verdränge unangenehme Gefühle, indem ich mich auf etwas anderes konzentriere.",true,Nicht-Ablenken,o4,4,1
questionnaire-csv-v1,maia-2-de,2 (2018),"Multidimensional Assessment of Interoceptive Awareness, Version 2 (MAIA-2)",de,"Unten finden Sie eine Liste von Aussagen. Geben Sie bitte für jede der folgenden Aussagen an, wie oft sie generell im täglichen Leben auf Sie zutrifft. Kreisen Sie in jeder Reihe eine Zahl ein.","MAIA-2 © 2018 University of California, San Francisco. Nutzung gemäß den Bedingungen auf Seite 2 des offiziellen deutschen Fragebogens: https://osher.ucsf.edu/sites/osher.ucsf.edu/files/inline-files/MAIA-2_German.pdf. Zitation: Mehling WE et al. (2018), PLoS ONE 13(12): e0208034, https://doi.org/10.1371/journal.pone.0208034. Übersetzung von MAIA-2 in Kooperation mit Wolf E. Mehling (basierend auf der dt. Erstversion von Boris Bornemann, Max-Planck-Institut, Leipzig, Dezember 2012): Michael Eggart. Referenzierte Spezifikation AffectTracker2D - Specifications.docx, SHA-256 7402c80c6da71d4a11543676acdf0a7640cdb842d55afc10dde6ad3d4978fdbe.",f09,"Ich verdränge unangenehme Gefühle, indem ich mich auf etwas anderes konzentriere.",true,Nicht-Ablenken,o5,Immer,0
questionnaire-csv-v1,maia-2-de,2 (2018),"Multidimensional Assessment of Interoceptive Awareness, Version 2 (MAIA-2)",de,"Unten finden Sie eine Liste von Aussagen. Geben Sie bitte für jede der folgenden Aussagen an, wie oft sie generell im täglichen Leben auf Sie zutrifft. Kreisen Sie in jeder Reihe eine Zahl ein.","MAIA-2 © 2018 University of California, San Francisco. Nutzung gemäß den Bedingungen auf Seite 2 des offiziellen deutschen Fragebogens: https://osher.ucsf.edu/sites/osher.ucsf.edu/files/inline-files/MAIA-2_German.pdf. Zitation: Mehling WE et al. (2018), PLoS ONE 13(12): e0208034, https://doi.org/10.1371/journal.pone.0208034. Übersetzung von MAIA-2 in Kooperation mit Wolf E. Mehling (basierend auf der dt. Erstversion von Boris Bornemann, Max-Planck-Institut, Leipzig, Dezember 2012): Michael Eggart. Referenzierte Spezifikation AffectTracker2D - Specifications.docx, SHA-256 7402c80c6da71d4a11543676acdf0a7640cdb842d55afc10dde6ad3d4978fdbe.",f10,"Wenn ich unangenehme Körperempfindungen spüre, dann beschäftige ich mich mit etwas anderem, um sie nicht spüren zu müssen.",true,Nicht-Ablenken,o0,Nie,5
questionnaire-csv-v1,maia-2-de,2 (2018),"Multidimensional Assessment of Interoceptive Awareness, Version 2 (MAIA-2)",de,"Unten finden Sie eine Liste von Aussagen. Geben Sie bitte für jede der folgenden Aussagen an, wie oft sie generell im täglichen Leben auf Sie zutrifft. Kreisen Sie in jeder Reihe eine Zahl ein.","MAIA-2 © 2018 University of California, San Francisco. Nutzung gemäß den Bedingungen auf Seite 2 des offiziellen deutschen Fragebogens: https://osher.ucsf.edu/sites/osher.ucsf.edu/files/inline-files/MAIA-2_German.pdf. Zitation: Mehling WE et al. (2018), PLoS ONE 13(12): e0208034, https://doi.org/10.1371/journal.pone.0208034. Übersetzung von MAIA-2 in Kooperation mit Wolf E. Mehling (basierend auf der dt. Erstversion von Boris Bornemann, Max-Planck-Institut, Leipzig, Dezember 2012): Michael Eggart. Referenzierte Spezifikation AffectTracker2D - Specifications.docx, SHA-256 7402c80c6da71d4a11543676acdf0a7640cdb842d55afc10dde6ad3d4978fdbe.",f10,"Wenn ich unangenehme Körperempfindungen spüre, dann beschäftige ich mich mit etwas anderem, um sie nicht spüren zu müssen.",true,Nicht-Ablenken,o1,1,4
questionnaire-csv-v1,maia-2-de,2 (2018),"Multidimensional Assessment of Interoceptive Awareness, Version 2 (MAIA-2)",de,"Unten finden Sie eine Liste von Aussagen. Geben Sie bitte für jede der folgenden Aussagen an, wie oft sie generell im täglichen Leben auf Sie zutrifft. Kreisen Sie in jeder Reihe eine Zahl ein.","MAIA-2 © 2018 University of California, San Francisco. Nutzung gemäß den Bedingungen auf Seite 2 des offiziellen deutschen Fragebogens: https://osher.ucsf.edu/sites/osher.ucsf.edu/files/inline-files/MAIA-2_German.pdf. Zitation: Mehling WE et al. (2018), PLoS ONE 13(12): e0208034, https://doi.org/10.1371/journal.pone.0208034. Übersetzung von MAIA-2 in Kooperation mit Wolf E. Mehling (basierend auf der dt. Erstversion von Boris Bornemann, Max-Planck-Institut, Leipzig, Dezember 2012): Michael Eggart. Referenzierte Spezifikation AffectTracker2D - Specifications.docx, SHA-256 7402c80c6da71d4a11543676acdf0a7640cdb842d55afc10dde6ad3d4978fdbe.",f10,"Wenn ich unangenehme Körperempfindungen spüre, dann beschäftige ich mich mit etwas anderem, um sie nicht spüren zu müssen.",true,Nicht-Ablenken,o2,2,3
questionnaire-csv-v1,maia-2-de,2 (2018),"Multidimensional Assessment of Interoceptive Awareness, Version 2 (MAIA-2)",de,"Unten finden Sie eine Liste von Aussagen. Geben Sie bitte für jede der folgenden Aussagen an, wie oft sie generell im täglichen Leben auf Sie zutrifft. Kreisen Sie in jeder Reihe eine Zahl ein.","MAIA-2 © 2018 University of California, San Francisco. Nutzung gemäß den Bedingungen auf Seite 2 des offiziellen deutschen Fragebogens: https://osher.ucsf.edu/sites/osher.ucsf.edu/files/inline-files/MAIA-2_German.pdf. Zitation: Mehling WE et al. (2018), PLoS ONE 13(12): e0208034, https://doi.org/10.1371/journal.pone.0208034. Übersetzung von MAIA-2 in Kooperation mit Wolf E. Mehling (basierend auf der dt. Erstversion von Boris Bornemann, Max-Planck-Institut, Leipzig, Dezember 2012): Michael Eggart. Referenzierte Spezifikation AffectTracker2D - Specifications.docx, SHA-256 7402c80c6da71d4a11543676acdf0a7640cdb842d55afc10dde6ad3d4978fdbe.",f10,"Wenn ich unangenehme Körperempfindungen spüre, dann beschäftige ich mich mit etwas anderem, um sie nicht spüren zu müssen.",true,Nicht-Ablenken,o3,3,2
questionnaire-csv-v1,maia-2-de,2 (2018),"Multidimensional Assessment of Interoceptive Awareness, Version 2 (MAIA-2)",de,"Unten finden Sie eine Liste von Aussagen. Geben Sie bitte für jede der folgenden Aussagen an, wie oft sie generell im täglichen Leben auf Sie zutrifft. Kreisen Sie in jeder Reihe eine Zahl ein.","MAIA-2 © 2018 University of California, San Francisco. Nutzung gemäß den Bedingungen auf Seite 2 des offiziellen deutschen Fragebogens: https://osher.ucsf.edu/sites/osher.ucsf.edu/files/inline-files/MAIA-2_German.pdf. Zitation: Mehling WE et al. (2018), PLoS ONE 13(12): e0208034, https://doi.org/10.1371/journal.pone.0208034. Übersetzung von MAIA-2 in Kooperation mit Wolf E. Mehling (basierend auf der dt. Erstversion von Boris Bornemann, Max-Planck-Institut, Leipzig, Dezember 2012): Michael Eggart. Referenzierte Spezifikation AffectTracker2D - Specifications.docx, SHA-256 7402c80c6da71d4a11543676acdf0a7640cdb842d55afc10dde6ad3d4978fdbe.",f10,"Wenn ich unangenehme Körperempfindungen spüre, dann beschäftige ich mich mit etwas anderem, um sie nicht spüren zu müssen.",true,Nicht-Ablenken,o4,4,1
questionnaire-csv-v1,maia-2-de,2 (2018),"Multidimensional Assessment of Interoceptive Awareness, Version 2 (MAIA-2)",de,"Unten finden Sie eine Liste von Aussagen. Geben Sie bitte für jede der folgenden Aussagen an, wie oft sie generell im täglichen Leben auf Sie zutrifft. Kreisen Sie in jeder Reihe eine Zahl ein.","MAIA-2 © 2018 University of California, San Francisco. Nutzung gemäß den Bedingungen auf Seite 2 des offiziellen deutschen Fragebogens: https://osher.ucsf.edu/sites/osher.ucsf.edu/files/inline-files/MAIA-2_German.pdf. Zitation: Mehling WE et al. (2018), PLoS ONE 13(12): e0208034, https://doi.org/10.1371/journal.pone.0208034. Übersetzung von MAIA-2 in Kooperation mit Wolf E. Mehling (basierend auf der dt. Erstversion von Boris Bornemann, Max-Planck-Institut, Leipzig, Dezember 2012): Michael Eggart. Referenzierte Spezifikation AffectTracker2D - Specifications.docx, SHA-256 7402c80c6da71d4a11543676acdf0a7640cdb842d55afc10dde6ad3d4978fdbe.",f10,"Wenn ich unangenehme Körperempfindungen spüre, dann beschäftige ich mich mit etwas anderem, um sie nicht spüren zu müssen.",true,Nicht-Ablenken,o5,Immer,0
questionnaire-csv-v1,maia-2-de,2 (2018),"Multidimensional Assessment of Interoceptive Awareness, Version 2 (MAIA-2)",de,"Unten finden Sie eine Liste von Aussagen. Geben Sie bitte für jede der folgenden Aussagen an, wie oft sie generell im täglichen Leben auf Sie zutrifft. Kreisen Sie in jeder Reihe eine Zahl ein.","MAIA-2 © 2018 University of California, San Francisco. Nutzung gemäß den Bedingungen auf Seite 2 des offiziellen deutschen Fragebogens: https://osher.ucsf.edu/sites/osher.ucsf.edu/files/inline-files/MAIA-2_German.pdf. Zitation: Mehling WE et al. (2018), PLoS ONE 13(12): e0208034, https://doi.org/10.1371/journal.pone.0208034. Übersetzung von MAIA-2 in Kooperation mit Wolf E. Mehling (basierend auf der dt. Erstversion von Boris Bornemann, Max-Planck-Institut, Leipzig, Dezember 2012): Michael Eggart. Referenzierte Spezifikation AffectTracker2D - Specifications.docx, SHA-256 7402c80c6da71d4a11543676acdf0a7640cdb842d55afc10dde6ad3d4978fdbe.",f11,"Wenn ich körperliche Schmerzen habe, ärgere ich mich.",true,Sich-Keine-Sorgen-Machen,o0,Nie,5
questionnaire-csv-v1,maia-2-de,2 (2018),"Multidimensional Assessment of Interoceptive Awareness, Version 2 (MAIA-2)",de,"Unten finden Sie eine Liste von Aussagen. Geben Sie bitte für jede der folgenden Aussagen an, wie oft sie generell im täglichen Leben auf Sie zutrifft. Kreisen Sie in jeder Reihe eine Zahl ein.","MAIA-2 © 2018 University of California, San Francisco. Nutzung gemäß den Bedingungen auf Seite 2 des offiziellen deutschen Fragebogens: https://osher.ucsf.edu/sites/osher.ucsf.edu/files/inline-files/MAIA-2_German.pdf. Zitation: Mehling WE et al. (2018), PLoS ONE 13(12): e0208034, https://doi.org/10.1371/journal.pone.0208034. Übersetzung von MAIA-2 in Kooperation mit Wolf E. Mehling (basierend auf der dt. Erstversion von Boris Bornemann, Max-Planck-Institut, Leipzig, Dezember 2012): Michael Eggart. Referenzierte Spezifikation AffectTracker2D - Specifications.docx, SHA-256 7402c80c6da71d4a11543676acdf0a7640cdb842d55afc10dde6ad3d4978fdbe.",f11,"Wenn ich körperliche Schmerzen habe, ärgere ich mich.",true,Sich-Keine-Sorgen-Machen,o1,1,4
questionnaire-csv-v1,maia-2-de,2 (2018),"Multidimensional Assessment of Interoceptive Awareness, Version 2 (MAIA-2)",de,"Unten finden Sie eine Liste von Aussagen. Geben Sie bitte für jede der folgenden Aussagen an, wie oft sie generell im täglichen Leben auf Sie zutrifft. Kreisen Sie in jeder Reihe eine Zahl ein.","MAIA-2 © 2018 University of California, San Francisco. Nutzung gemäß den Bedingungen auf Seite 2 des offiziellen deutschen Fragebogens: https://osher.ucsf.edu/sites/osher.ucsf.edu/files/inline-files/MAIA-2_German.pdf. Zitation: Mehling WE et al. (2018), PLoS ONE 13(12): e0208034, https://doi.org/10.1371/journal.pone.0208034. Übersetzung von MAIA-2 in Kooperation mit Wolf E. Mehling (basierend auf der dt. Erstversion von Boris Bornemann, Max-Planck-Institut, Leipzig, Dezember 2012): Michael Eggart. Referenzierte Spezifikation AffectTracker2D - Specifications.docx, SHA-256 7402c80c6da71d4a11543676acdf0a7640cdb842d55afc10dde6ad3d4978fdbe.",f11,"Wenn ich körperliche Schmerzen habe, ärgere ich mich.",true,Sich-Keine-Sorgen-Machen,o2,2,3
questionnaire-csv-v1,maia-2-de,2 (2018),"Multidimensional Assessment of Interoceptive Awareness, Version 2 (MAIA-2)",de,"Unten finden Sie eine Liste von Aussagen. Geben Sie bitte für jede der folgenden Aussagen an, wie oft sie generell im täglichen Leben auf Sie zutrifft. Kreisen Sie in jeder Reihe eine Zahl ein.","MAIA-2 © 2018 University of California, San Francisco. Nutzung gemäß den Bedingungen auf Seite 2 des offiziellen deutschen Fragebogens: https://osher.ucsf.edu/sites/osher.ucsf.edu/files/inline-files/MAIA-2_German.pdf. Zitation: Mehling WE et al. (2018), PLoS ONE 13(12): e0208034, https://doi.org/10.1371/journal.pone.0208034. Übersetzung von MAIA-2 in Kooperation mit Wolf E. Mehling (basierend auf der dt. Erstversion von Boris Bornemann, Max-Planck-Institut, Leipzig, Dezember 2012): Michael Eggart. Referenzierte Spezifikation AffectTracker2D - Specifications.docx, SHA-256 7402c80c6da71d4a11543676acdf0a7640cdb842d55afc10dde6ad3d4978fdbe.",f11,"Wenn ich körperliche Schmerzen habe, ärgere ich mich.",true,Sich-Keine-Sorgen-Machen,o3,3,2
questionnaire-csv-v1,maia-2-de,2 (2018),"Multidimensional Assessment of Interoceptive Awareness, Version 2 (MAIA-2)",de,"Unten finden Sie eine Liste von Aussagen. Geben Sie bitte für jede der folgenden Aussagen an, wie oft sie generell im täglichen Leben auf Sie zutrifft. Kreisen Sie in jeder Reihe eine Zahl ein.","MAIA-2 © 2018 University of California, San Francisco. Nutzung gemäß den Bedingungen auf Seite 2 des offiziellen deutschen Fragebogens: https://osher.ucsf.edu/sites/osher.ucsf.edu/files/inline-files/MAIA-2_German.pdf. Zitation: Mehling WE et al. (2018), PLoS ONE 13(12): e0208034, https://doi.org/10.1371/journal.pone.0208034. Übersetzung von MAIA-2 in Kooperation mit Wolf E. Mehling (basierend auf der dt. Erstversion von Boris Bornemann, Max-Planck-Institut, Leipzig, Dezember 2012): Michael Eggart. Referenzierte Spezifikation AffectTracker2D - Specifications.docx, SHA-256 7402c80c6da71d4a11543676acdf0a7640cdb842d55afc10dde6ad3d4978fdbe.",f11,"Wenn ich körperliche Schmerzen habe, ärgere ich mich.",true,Sich-Keine-Sorgen-Machen,o4,4,1
questionnaire-csv-v1,maia-2-de,2 (2018),"Multidimensional Assessment of Interoceptive Awareness, Version 2 (MAIA-2)",de,"Unten finden Sie eine Liste von Aussagen. Geben Sie bitte für jede der folgenden Aussagen an, wie oft sie generell im täglichen Leben auf Sie zutrifft. Kreisen Sie in jeder Reihe eine Zahl ein.","MAIA-2 © 2018 University of California, San Francisco. Nutzung gemäß den Bedingungen auf Seite 2 des offiziellen deutschen Fragebogens: https://osher.ucsf.edu/sites/osher.ucsf.edu/files/inline-files/MAIA-2_German.pdf. Zitation: Mehling WE et al. (2018), PLoS ONE 13(12): e0208034, https://doi.org/10.1371/journal.pone.0208034. Übersetzung von MAIA-2 in Kooperation mit Wolf E. Mehling (basierend auf der dt. Erstversion von Boris Bornemann, Max-Planck-Institut, Leipzig, Dezember 2012): Michael Eggart. Referenzierte Spezifikation AffectTracker2D - Specifications.docx, SHA-256 7402c80c6da71d4a11543676acdf0a7640cdb842d55afc10dde6ad3d4978fdbe.",f11,"Wenn ich körperliche Schmerzen habe, ärgere ich mich.",true,Sich-Keine-Sorgen-Machen,o5,Immer,0
questionnaire-csv-v1,maia-2-de,2 (2018),"Multidimensional Assessment of Interoceptive Awareness, Version 2 (MAIA-2)",de,"Unten finden Sie eine Liste von Aussagen. Geben Sie bitte für jede der folgenden Aussagen an, wie oft sie generell im täglichen Leben auf Sie zutrifft. Kreisen Sie in jeder Reihe eine Zahl ein.","MAIA-2 © 2018 University of California, San Francisco. Nutzung gemäß den Bedingungen auf Seite 2 des offiziellen deutschen Fragebogens: https://osher.ucsf.edu/sites/osher.ucsf.edu/files/inline-files/MAIA-2_German.pdf. Zitation: Mehling WE et al. (2018), PLoS ONE 13(12): e0208034, https://doi.org/10.1371/journal.pone.0208034. Übersetzung von MAIA-2 in Kooperation mit Wolf E. Mehling (basierend auf der dt. Erstversion von Boris Bornemann, Max-Planck-Institut, Leipzig, Dezember 2012): Michael Eggart. Referenzierte Spezifikation AffectTracker2D - Specifications.docx, SHA-256 7402c80c6da71d4a11543676acdf0a7640cdb842d55afc10dde6ad3d4978fdbe.",f12,"Wenn ich mich unwohl fühle, fange ich an mir Sorgen zu machen, dass irgendetwas nicht stimmt.",true,Sich-Keine-Sorgen-Machen,o0,Nie,5
questionnaire-csv-v1,maia-2-de,2 (2018),"Multidimensional Assessment of Interoceptive Awareness, Version 2 (MAIA-2)",de,"Unten finden Sie eine Liste von Aussagen. Geben Sie bitte für jede der folgenden Aussagen an, wie oft sie generell im täglichen Leben auf Sie zutrifft. Kreisen Sie in jeder Reihe eine Zahl ein.","MAIA-2 © 2018 University of California, San Francisco. Nutzung gemäß den Bedingungen auf Seite 2 des offiziellen deutschen Fragebogens: https://osher.ucsf.edu/sites/osher.ucsf.edu/files/inline-files/MAIA-2_German.pdf. Zitation: Mehling WE et al. (2018), PLoS ONE 13(12): e0208034, https://doi.org/10.1371/journal.pone.0208034. Übersetzung von MAIA-2 in Kooperation mit Wolf E. Mehling (basierend auf der dt. Erstversion von Boris Bornemann, Max-Planck-Institut, Leipzig, Dezember 2012): Michael Eggart. Referenzierte Spezifikation AffectTracker2D - Specifications.docx, SHA-256 7402c80c6da71d4a11543676acdf0a7640cdb842d55afc10dde6ad3d4978fdbe.",f12,"Wenn ich mich unwohl fühle, fange ich an mir Sorgen zu machen, dass irgendetwas nicht stimmt.",true,Sich-Keine-Sorgen-Machen,o1,1,4
questionnaire-csv-v1,maia-2-de,2 (2018),"Multidimensional Assessment of Interoceptive Awareness, Version 2 (MAIA-2)",de,"Unten finden Sie eine Liste von Aussagen. Geben Sie bitte für jede der folgenden Aussagen an, wie oft sie generell im täglichen Leben auf Sie zutrifft. Kreisen Sie in jeder Reihe eine Zahl ein.","MAIA-2 © 2018 University of California, San Francisco. Nutzung gemäß den Bedingungen auf Seite 2 des offiziellen deutschen Fragebogens: https://osher.ucsf.edu/sites/osher.ucsf.edu/files/inline-files/MAIA-2_German.pdf. Zitation: Mehling WE et al. (2018), PLoS ONE 13(12): e0208034, https://doi.org/10.1371/journal.pone.0208034. Übersetzung von MAIA-2 in Kooperation mit Wolf E. Mehling (basierend auf der dt. Erstversion von Boris Bornemann, Max-Planck-Institut, Leipzig, Dezember 2012): Michael Eggart. Referenzierte Spezifikation AffectTracker2D - Specifications.docx, SHA-256 7402c80c6da71d4a11543676acdf0a7640cdb842d55afc10dde6ad3d4978fdbe.",f12,"Wenn ich mich unwohl fühle, fange ich an mir Sorgen zu machen, dass irgendetwas nicht stimmt.",true,Sich-Keine-Sorgen-Machen,o2,2,3
questionnaire-csv-v1,maia-2-de,2 (2018),"Multidimensional Assessment of Interoceptive Awareness, Version 2 (MAIA-2)",de,"Unten finden Sie eine Liste von Aussagen. Geben Sie bitte für jede der folgenden Aussagen an, wie oft sie generell im täglichen Leben auf Sie zutrifft. Kreisen Sie in jeder Reihe eine Zahl ein.","MAIA-2 © 2018 University of California, San Francisco. Nutzung gemäß den Bedingungen auf Seite 2 des offiziellen deutschen Fragebogens: https://osher.ucsf.edu/sites/osher.ucsf.edu/files/inline-files/MAIA-2_German.pdf. Zitation: Mehling WE et al. (2018), PLoS ONE 13(12): e0208034, https://doi.org/10.1371/journal.pone.0208034. Übersetzung von MAIA-2 in Kooperation mit Wolf E. Mehling (basierend auf der dt. Erstversion von Boris Bornemann, Max-Planck-Institut, Leipzig, Dezember 2012): Michael Eggart. Referenzierte Spezifikation AffectTracker2D - Specifications.docx, SHA-256 7402c80c6da71d4a11543676acdf0a7640cdb842d55afc10dde6ad3d4978fdbe.",f12,"Wenn ich mich unwohl fühle, fange ich an mir Sorgen zu machen, dass irgendetwas nicht stimmt.",true,Sich-Keine-Sorgen-Machen,o3,3,2
questionnaire-csv-v1,maia-2-de,2 (2018),"Multidimensional Assessment of Interoceptive Awareness, Version 2 (MAIA-2)",de,"Unten finden Sie eine Liste von Aussagen. Geben Sie bitte für jede der folgenden Aussagen an, wie oft sie generell im täglichen Leben auf Sie zutrifft. Kreisen Sie in jeder Reihe eine Zahl ein.","MAIA-2 © 2018 University of California, San Francisco. Nutzung gemäß den Bedingungen auf Seite 2 des offiziellen deutschen Fragebogens: https://osher.ucsf.edu/sites/osher.ucsf.edu/files/inline-files/MAIA-2_German.pdf. Zitation: Mehling WE et al. (2018), PLoS ONE 13(12): e0208034, https://doi.org/10.1371/journal.pone.0208034. Übersetzung von MAIA-2 in Kooperation mit Wolf E. Mehling (basierend auf der dt. Erstversion von Boris Bornemann, Max-Planck-Institut, Leipzig, Dezember 2012): Michael Eggart. Referenzierte Spezifikation AffectTracker2D - Specifications.docx, SHA-256 7402c80c6da71d4a11543676acdf0a7640cdb842d55afc10dde6ad3d4978fdbe.",f12,"Wenn ich mich unwohl fühle, fange ich an mir Sorgen zu machen, dass irgendetwas nicht stimmt.",true,Sich-Keine-Sorgen-Machen,o4,4,1
questionnaire-csv-v1,maia-2-de,2 (2018),"Multidimensional Assessment of Interoceptive Awareness, Version 2 (MAIA-2)",de,"Unten finden Sie eine Liste von Aussagen. Geben Sie bitte für jede der folgenden Aussagen an, wie oft sie generell im täglichen Leben auf Sie zutrifft. Kreisen Sie in jeder Reihe eine Zahl ein.","MAIA-2 © 2018 University of California, San Francisco. Nutzung gemäß den Bedingungen auf Seite 2 des offiziellen deutschen Fragebogens: https://osher.ucsf.edu/sites/osher.ucsf.edu/files/inline-files/MAIA-2_German.pdf. Zitation: Mehling WE et al. (2018), PLoS ONE 13(12): e0208034, https://doi.org/10.1371/journal.pone.0208034. Übersetzung von MAIA-2 in Kooperation mit Wolf E. Mehling (basierend auf der dt. Erstversion von Boris Bornemann, Max-Planck-Institut, Leipzig, Dezember 2012): Michael Eggart. Referenzierte Spezifikation AffectTracker2D - Specifications.docx, SHA-256 7402c80c6da71d4a11543676acdf0a7640cdb842d55afc10dde6ad3d4978fdbe.",f12,"Wenn ich mich unwohl fühle, fange ich an mir Sorgen zu machen, dass irgendetwas nicht stimmt.",true,Sich-Keine-Sorgen-Machen,o5,Immer,0
questionnaire-csv-v1,maia-2-de,2 (2018),"Multidimensional Assessment of Interoceptive Awareness, Version 2 (MAIA-2)",de,"Unten finden Sie eine Liste von Aussagen. Geben Sie bitte für jede der folgenden Aussagen an, wie oft sie generell im täglichen Leben auf Sie zutrifft. Kreisen Sie in jeder Reihe eine Zahl ein.","MAIA-2 © 2018 University of California, San Francisco. Nutzung gemäß den Bedingungen auf Seite 2 des offiziellen deutschen Fragebogens: https://osher.ucsf.edu/sites/osher.ucsf.edu/files/inline-files/MAIA-2_German.pdf. Zitation: Mehling WE et al. (2018), PLoS ONE 13(12): e0208034, https://doi.org/10.1371/journal.pone.0208034. Übersetzung von MAIA-2 in Kooperation mit Wolf E. Mehling (basierend auf der dt. Erstversion von Boris Bornemann, Max-Planck-Institut, Leipzig, Dezember 2012): Michael Eggart. Referenzierte Spezifikation AffectTracker2D - Specifications.docx, SHA-256 7402c80c6da71d4a11543676acdf0a7640cdb842d55afc10dde6ad3d4978fdbe.",f13,"Ich kann unangenehme Körperempfindungen spüren, ohne dass sie mich beunruhigen.",true,Sich-Keine-Sorgen-Machen,o0,Nie,0
questionnaire-csv-v1,maia-2-de,2 (2018),"Multidimensional Assessment of Interoceptive Awareness, Version 2 (MAIA-2)",de,"Unten finden Sie eine Liste von Aussagen. Geben Sie bitte für jede der folgenden Aussagen an, wie oft sie generell im täglichen Leben auf Sie zutrifft. Kreisen Sie in jeder Reihe eine Zahl ein.","MAIA-2 © 2018 University of California, San Francisco. Nutzung gemäß den Bedingungen auf Seite 2 des offiziellen deutschen Fragebogens: https://osher.ucsf.edu/sites/osher.ucsf.edu/files/inline-files/MAIA-2_German.pdf. Zitation: Mehling WE et al. (2018), PLoS ONE 13(12): e0208034, https://doi.org/10.1371/journal.pone.0208034. Übersetzung von MAIA-2 in Kooperation mit Wolf E. Mehling (basierend auf der dt. Erstversion von Boris Bornemann, Max-Planck-Institut, Leipzig, Dezember 2012): Michael Eggart. Referenzierte Spezifikation AffectTracker2D - Specifications.docx, SHA-256 7402c80c6da71d4a11543676acdf0a7640cdb842d55afc10dde6ad3d4978fdbe.",f13,"Ich kann unangenehme Körperempfindungen spüren, ohne dass sie mich beunruhigen.",true,Sich-Keine-Sorgen-Machen,o1,1,1
questionnaire-csv-v1,maia-2-de,2 (2018),"Multidimensional Assessment of Interoceptive Awareness, Version 2 (MAIA-2)",de,"Unten finden Sie eine Liste von Aussagen. Geben Sie bitte für jede der folgenden Aussagen an, wie oft sie generell im täglichen Leben auf Sie zutrifft. Kreisen Sie in jeder Reihe eine Zahl ein.","MAIA-2 © 2018 University of California, San Francisco. Nutzung gemäß den Bedingungen auf Seite 2 des offiziellen deutschen Fragebogens: https://osher.ucsf.edu/sites/osher.ucsf.edu/files/inline-files/MAIA-2_German.pdf. Zitation: Mehling WE et al. (2018), PLoS ONE 13(12): e0208034, https://doi.org/10.1371/journal.pone.0208034. Übersetzung von MAIA-2 in Kooperation mit Wolf E. Mehling (basierend auf der dt. Erstversion von Boris Bornemann, Max-Planck-Institut, Leipzig, Dezember 2012): Michael Eggart. Referenzierte Spezifikation AffectTracker2D - Specifications.docx, SHA-256 7402c80c6da71d4a11543676acdf0a7640cdb842d55afc10dde6ad3d4978fdbe.",f13,"Ich kann unangenehme Körperempfindungen spüren, ohne dass sie mich beunruhigen.",true,Sich-Keine-Sorgen-Machen,o2,2,2
questionnaire-csv-v1,maia-2-de,2 (2018),"Multidimensional Assessment of Interoceptive Awareness, Version 2 (MAIA-2)",de,"Unten finden Sie eine Liste von Aussagen. Geben Sie bitte für jede der folgenden Aussagen an, wie oft sie generell im täglichen Leben auf Sie zutrifft. Kreisen Sie in jeder Reihe eine Zahl ein.","MAIA-2 © 2018 University of California, San Francisco. Nutzung gemäß den Bedingungen auf Seite 2 des offiziellen deutschen Fragebogens: https://osher.ucsf.edu/sites/osher.ucsf.edu/files/inline-files/MAIA-2_German.pdf. Zitation: Mehling WE et al. (2018), PLoS ONE 13(12): e0208034, https://doi.org/10.1371/journal.pone.0208034. Übersetzung von MAIA-2 in Kooperation mit Wolf E. Mehling (basierend auf der dt. Erstversion von Boris Bornemann, Max-Planck-Institut, Leipzig, Dezember 2012): Michael Eggart. Referenzierte Spezifikation AffectTracker2D - Specifications.docx, SHA-256 7402c80c6da71d4a11543676acdf0a7640cdb842d55afc10dde6ad3d4978fdbe.",f13,"Ich kann unangenehme Körperempfindungen spüren, ohne dass sie mich beunruhigen.",true,Sich-Keine-Sorgen-Machen,o3,3,3
questionnaire-csv-v1,maia-2-de,2 (2018),"Multidimensional Assessment of Interoceptive Awareness, Version 2 (MAIA-2)",de,"Unten finden Sie eine Liste von Aussagen. Geben Sie bitte für jede der folgenden Aussagen an, wie oft sie generell im täglichen Leben auf Sie zutrifft. Kreisen Sie in jeder Reihe eine Zahl ein.","MAIA-2 © 2018 University of California, San Francisco. Nutzung gemäß den Bedingungen auf Seite 2 des offiziellen deutschen Fragebogens: https://osher.ucsf.edu/sites/osher.ucsf.edu/files/inline-files/MAIA-2_German.pdf. Zitation: Mehling WE et al. (2018), PLoS ONE 13(12): e0208034, https://doi.org/10.1371/journal.pone.0208034. Übersetzung von MAIA-2 in Kooperation mit Wolf E. Mehling (basierend auf der dt. Erstversion von Boris Bornemann, Max-Planck-Institut, Leipzig, Dezember 2012): Michael Eggart. Referenzierte Spezifikation AffectTracker2D - Specifications.docx, SHA-256 7402c80c6da71d4a11543676acdf0a7640cdb842d55afc10dde6ad3d4978fdbe.",f13,"Ich kann unangenehme Körperempfindungen spüren, ohne dass sie mich beunruhigen.",true,Sich-Keine-Sorgen-Machen,o4,4,4
questionnaire-csv-v1,maia-2-de,2 (2018),"Multidimensional Assessment of Interoceptive Awareness, Version 2 (MAIA-2)",de,"Unten finden Sie eine Liste von Aussagen. Geben Sie bitte für jede der folgenden Aussagen an, wie oft sie generell im täglichen Leben auf Sie zutrifft. Kreisen Sie in jeder Reihe eine Zahl ein.","MAIA-2 © 2018 University of California, San Francisco. Nutzung gemäß den Bedingungen auf Seite 2 des offiziellen deutschen Fragebogens: https://osher.ucsf.edu/sites/osher.ucsf.edu/files/inline-files/MAIA-2_German.pdf. Zitation: Mehling WE et al. (2018), PLoS ONE 13(12): e0208034, https://doi.org/10.1371/journal.pone.0208034. Übersetzung von MAIA-2 in Kooperation mit Wolf E. Mehling (basierend auf der dt. Erstversion von Boris Bornemann, Max-Planck-Institut, Leipzig, Dezember 2012): Michael Eggart. Referenzierte Spezifikation AffectTracker2D - Specifications.docx, SHA-256 7402c80c6da71d4a11543676acdf0a7640cdb842d55afc10dde6ad3d4978fdbe.",f13,"Ich kann unangenehme Körperempfindungen spüren, ohne dass sie mich beunruhigen.",true,Sich-Keine-Sorgen-Machen,o5,Immer,5
questionnaire-csv-v1,maia-2-de,2 (2018),"Multidimensional Assessment of Interoceptive Awareness, Version 2 (MAIA-2)",de,"Unten finden Sie eine Liste von Aussagen. Geben Sie bitte für jede der folgenden Aussagen an, wie oft sie generell im täglichen Leben auf Sie zutrifft. Kreisen Sie in jeder Reihe eine Zahl ein.","MAIA-2 © 2018 University of California, San Francisco. Nutzung gemäß den Bedingungen auf Seite 2 des offiziellen deutschen Fragebogens: https://osher.ucsf.edu/sites/osher.ucsf.edu/files/inline-files/MAIA-2_German.pdf. Zitation: Mehling WE et al. (2018), PLoS ONE 13(12): e0208034, https://doi.org/10.1371/journal.pone.0208034. Übersetzung von MAIA-2 in Kooperation mit Wolf E. Mehling (basierend auf der dt. Erstversion von Boris Bornemann, Max-Planck-Institut, Leipzig, Dezember 2012): Michael Eggart. Referenzierte Spezifikation AffectTracker2D - Specifications.docx, SHA-256 7402c80c6da71d4a11543676acdf0a7640cdb842d55afc10dde6ad3d4978fdbe.",f14,"Ich kann ruhig und unbesorgt bleiben, wenn ich mich unwohl fühle oder Schmerzen habe.",true,Sich-Keine-Sorgen-Machen,o0,Nie,0
questionnaire-csv-v1,maia-2-de,2 (2018),"Multidimensional Assessment of Interoceptive Awareness, Version 2 (MAIA-2)",de,"Unten finden Sie eine Liste von Aussagen. Geben Sie bitte für jede der folgenden Aussagen an, wie oft sie generell im täglichen Leben auf Sie zutrifft. Kreisen Sie in jeder Reihe eine Zahl ein.","MAIA-2 © 2018 University of California, San Francisco. Nutzung gemäß den Bedingungen auf Seite 2 des offiziellen deutschen Fragebogens: https://osher.ucsf.edu/sites/osher.ucsf.edu/files/inline-files/MAIA-2_German.pdf. Zitation: Mehling WE et al. (2018), PLoS ONE 13(12): e0208034, https://doi.org/10.1371/journal.pone.0208034. Übersetzung von MAIA-2 in Kooperation mit Wolf E. Mehling (basierend auf der dt. Erstversion von Boris Bornemann, Max-Planck-Institut, Leipzig, Dezember 2012): Michael Eggart. Referenzierte Spezifikation AffectTracker2D - Specifications.docx, SHA-256 7402c80c6da71d4a11543676acdf0a7640cdb842d55afc10dde6ad3d4978fdbe.",f14,"Ich kann ruhig und unbesorgt bleiben, wenn ich mich unwohl fühle oder Schmerzen habe.",true,Sich-Keine-Sorgen-Machen,o1,1,1
questionnaire-csv-v1,maia-2-de,2 (2018),"Multidimensional Assessment of Interoceptive Awareness, Version 2 (MAIA-2)",de,"Unten finden Sie eine Liste von Aussagen. Geben Sie bitte für jede der folgenden Aussagen an, wie oft sie generell im täglichen Leben auf Sie zutrifft. Kreisen Sie in jeder Reihe eine Zahl ein.","MAIA-2 © 2018 University of California, San Francisco. Nutzung gemäß den Bedingungen auf Seite 2 des offiziellen deutschen Fragebogens: https://osher.ucsf.edu/sites/osher.ucsf.edu/files/inline-files/MAIA-2_German.pdf. Zitation: Mehling WE et al. (2018), PLoS ONE 13(12): e0208034, https://doi.org/10.1371/journal.pone.0208034. Übersetzung von MAIA-2 in Kooperation mit Wolf E. Mehling (basierend auf der dt. Erstversion von Boris Bornemann, Max-Planck-Institut, Leipzig, Dezember 2012): Michael Eggart. Referenzierte Spezifikation AffectTracker2D - Specifications.docx, SHA-256 7402c80c6da71d4a11543676acdf0a7640cdb842d55afc10dde6ad3d4978fdbe.",f14,"Ich kann ruhig und unbesorgt bleiben, wenn ich mich unwohl fühle oder Schmerzen habe.",true,Sich-Keine-Sorgen-Machen,o2,2,2
questionnaire-csv-v1,maia-2-de,2 (2018),"Multidimensional Assessment of Interoceptive Awareness, Version 2 (MAIA-2)",de,"Unten finden Sie eine Liste von Aussagen. Geben Sie bitte für jede der folgenden Aussagen an, wie oft sie generell im täglichen Leben auf Sie zutrifft. Kreisen Sie in jeder Reihe eine Zahl ein.","MAIA-2 © 2018 University of California, San Francisco. Nutzung gemäß den Bedingungen auf Seite 2 des offiziellen deutschen Fragebogens: https://osher.ucsf.edu/sites/osher.ucsf.edu/files/inline-files/MAIA-2_German.pdf. Zitation: Mehling WE et al. (2018), PLoS ONE 13(12): e0208034, https://doi.org/10.1371/journal.pone.0208034. Übersetzung von MAIA-2 in Kooperation mit Wolf E. Mehling (basierend auf der dt. Erstversion von Boris Bornemann, Max-Planck-Institut, Leipzig, Dezember 2012): Michael Eggart. Referenzierte Spezifikation AffectTracker2D - Specifications.docx, SHA-256 7402c80c6da71d4a11543676acdf0a7640cdb842d55afc10dde6ad3d4978fdbe.",f14,"Ich kann ruhig und unbesorgt bleiben, wenn ich mich unwohl fühle oder Schmerzen habe.",true,Sich-Keine-Sorgen-Machen,o3,3,3
questionnaire-csv-v1,maia-2-de,2 (2018),"Multidimensional Assessment of Interoceptive Awareness, Version 2 (MAIA-2)",de,"Unten finden Sie eine Liste von Aussagen. Geben Sie bitte für jede der folgenden Aussagen an, wie oft sie generell im täglichen Leben auf Sie zutrifft. Kreisen Sie in jeder Reihe eine Zahl ein.","MAIA-2 © 2018 University of California, San Francisco. Nutzung gemäß den Bedingungen auf Seite 2 des offiziellen deutschen Fragebogens: https://osher.ucsf.edu/sites/osher.ucsf.edu/files/inline-files/MAIA-2_German.pdf. Zitation: Mehling WE et al. (2018), PLoS ONE 13(12): e0208034, https://doi.org/10.1371/journal.pone.0208034. Übersetzung von MAIA-2 in Kooperation mit Wolf E. Mehling (basierend auf der dt. Erstversion von Boris Bornemann, Max-Planck-Institut, Leipzig, Dezember 2012): Michael Eggart. Referenzierte Spezifikation AffectTracker2D - Specifications.docx, SHA-256 7402c80c6da71d4a11543676acdf0a7640cdb842d55afc10dde6ad3d4978fdbe.",f14,"Ich kann ruhig und unbesorgt bleiben, wenn ich mich unwohl fühle oder Schmerzen habe.",true,Sich-Keine-Sorgen-Machen,o4,4,4
questionnaire-csv-v1,maia-2-de,2 (2018),"Multidimensional Assessment of Interoceptive Awareness, Version 2 (MAIA-2)",de,"Unten finden Sie eine Liste von Aussagen. Geben Sie bitte für jede der folgenden Aussagen an, wie oft sie generell im täglichen Leben auf Sie zutrifft. Kreisen Sie in jeder Reihe eine Zahl ein.","MAIA-2 © 2018 University of California, San Francisco. Nutzung gemäß den Bedingungen auf Seite 2 des offiziellen deutschen Fragebogens: https://osher.ucsf.edu/sites/osher.ucsf.edu/files/inline-files/MAIA-2_German.pdf. Zitation: Mehling WE et al. (2018), PLoS ONE 13(12): e0208034, https://doi.org/10.1371/journal.pone.0208034. Übersetzung von MAIA-2 in Kooperation mit Wolf E. Mehling (basierend auf der dt. Erstversion von Boris Bornemann, Max-Planck-Institut, Leipzig, Dezember 2012): Michael Eggart. Referenzierte Spezifikation AffectTracker2D - Specifications.docx, SHA-256 7402c80c6da71d4a11543676acdf0a7640cdb842d55afc10dde6ad3d4978fdbe.",f14,"Ich kann ruhig und unbesorgt bleiben, wenn ich mich unwohl fühle oder Schmerzen habe.",true,Sich-Keine-Sorgen-Machen,o5,Immer,5
questionnaire-csv-v1,maia-2-de,2 (2018),"Multidimensional Assessment of Interoceptive Awareness, Version 2 (MAIA-2)",de,"Unten finden Sie eine Liste von Aussagen. Geben Sie bitte für jede der folgenden Aussagen an, wie oft sie generell im täglichen Leben auf Sie zutrifft. Kreisen Sie in jeder Reihe eine Zahl ein.","MAIA-2 © 2018 University of California, San Francisco. Nutzung gemäß den Bedingungen auf Seite 2 des offiziellen deutschen Fragebogens: https://osher.ucsf.edu/sites/osher.ucsf.edu/files/inline-files/MAIA-2_German.pdf. Zitation: Mehling WE et al. (2018), PLoS ONE 13(12): e0208034, https://doi.org/10.1371/journal.pone.0208034. Übersetzung von MAIA-2 in Kooperation mit Wolf E. Mehling (basierend auf der dt. Erstversion von Boris Bornemann, Max-Planck-Institut, Leipzig, Dezember 2012): Michael Eggart. Referenzierte Spezifikation AffectTracker2D - Specifications.docx, SHA-256 7402c80c6da71d4a11543676acdf0a7640cdb842d55afc10dde6ad3d4978fdbe.",f15,"Wenn ich Unbehagen oder Schmerzen empfinde, geht es mir nicht aus dem Kopf.",true,Sich-Keine-Sorgen-Machen,o0,Nie,5
questionnaire-csv-v1,maia-2-de,2 (2018),"Multidimensional Assessment of Interoceptive Awareness, Version 2 (MAIA-2)",de,"Unten finden Sie eine Liste von Aussagen. Geben Sie bitte für jede der folgenden Aussagen an, wie oft sie generell im täglichen Leben auf Sie zutrifft. Kreisen Sie in jeder Reihe eine Zahl ein.","MAIA-2 © 2018 University of California, San Francisco. Nutzung gemäß den Bedingungen auf Seite 2 des offiziellen deutschen Fragebogens: https://osher.ucsf.edu/sites/osher.ucsf.edu/files/inline-files/MAIA-2_German.pdf. Zitation: Mehling WE et al. (2018), PLoS ONE 13(12): e0208034, https://doi.org/10.1371/journal.pone.0208034. Übersetzung von MAIA-2 in Kooperation mit Wolf E. Mehling (basierend auf der dt. Erstversion von Boris Bornemann, Max-Planck-Institut, Leipzig, Dezember 2012): Michael Eggart. Referenzierte Spezifikation AffectTracker2D - Specifications.docx, SHA-256 7402c80c6da71d4a11543676acdf0a7640cdb842d55afc10dde6ad3d4978fdbe.",f15,"Wenn ich Unbehagen oder Schmerzen empfinde, geht es mir nicht aus dem Kopf.",true,Sich-Keine-Sorgen-Machen,o1,1,4
questionnaire-csv-v1,maia-2-de,2 (2018),"Multidimensional Assessment of Interoceptive Awareness, Version 2 (MAIA-2)",de,"Unten finden Sie eine Liste von Aussagen. Geben Sie bitte für jede der folgenden Aussagen an, wie oft sie generell im täglichen Leben auf Sie zutrifft. Kreisen Sie in jeder Reihe eine Zahl ein.","MAIA-2 © 2018 University of California, San Francisco. Nutzung gemäß den Bedingungen auf Seite 2 des offiziellen deutschen Fragebogens: https://osher.ucsf.edu/sites/osher.ucsf.edu/files/inline-files/MAIA-2_German.pdf. Zitation: Mehling WE et al. (2018), PLoS ONE 13(12): e0208034, https://doi.org/10.1371/journal.pone.0208034. Übersetzung von MAIA-2 in Kooperation mit Wolf E. Mehling (basierend auf der dt. Erstversion von Boris Bornemann, Max-Planck-Institut, Leipzig, Dezember 2012): Michael Eggart. Referenzierte Spezifikation AffectTracker2D - Specifications.docx, SHA-256 7402c80c6da71d4a11543676acdf0a7640cdb842d55afc10dde6ad3d4978fdbe.",f15,"Wenn ich Unbehagen oder Schmerzen empfinde, geht es mir nicht aus dem Kopf.",true,Sich-Keine-Sorgen-Machen,o2,2,3
questionnaire-csv-v1,maia-2-de,2 (2018),"Multidimensional Assessment of Interoceptive Awareness, Version 2 (MAIA-2)",de,"Unten finden Sie eine Liste von Aussagen. Geben Sie bitte für jede der folgenden Aussagen an, wie oft sie generell im täglichen Leben auf Sie zutrifft. Kreisen Sie in jeder Reihe eine Zahl ein.","MAIA-2 © 2018 University of California, San Francisco. Nutzung gemäß den Bedingungen auf Seite 2 des offiziellen deutschen Fragebogens: https://osher.ucsf.edu/sites/osher.ucsf.edu/files/inline-files/MAIA-2_German.pdf. Zitation: Mehling WE et al. (2018), PLoS ONE 13(12): e0208034, https://doi.org/10.1371/journal.pone.0208034. Übersetzung von MAIA-2 in Kooperation mit Wolf E. Mehling (basierend auf der dt. Erstversion von Boris Bornemann, Max-Planck-Institut, Leipzig, Dezember 2012): Michael Eggart. Referenzierte Spezifikation AffectTracker2D - Specifications.docx, SHA-256 7402c80c6da71d4a11543676acdf0a7640cdb842d55afc10dde6ad3d4978fdbe.",f15,"Wenn ich Unbehagen oder Schmerzen empfinde, geht es mir nicht aus dem Kopf.",true,Sich-Keine-Sorgen-Machen,o3,3,2
questionnaire-csv-v1,maia-2-de,2 (2018),"Multidimensional Assessment of Interoceptive Awareness, Version 2 (MAIA-2)",de,"Unten finden Sie eine Liste von Aussagen. Geben Sie bitte für jede der folgenden Aussagen an, wie oft sie generell im täglichen Leben auf Sie zutrifft. Kreisen Sie in jeder Reihe eine Zahl ein.","MAIA-2 © 2018 University of California, San Francisco. Nutzung gemäß den Bedingungen auf Seite 2 des offiziellen deutschen Fragebogens: https://osher.ucsf.edu/sites/osher.ucsf.edu/files/inline-files/MAIA-2_German.pdf. Zitation: Mehling WE et al. (2018), PLoS ONE 13(12): e0208034, https://doi.org/10.1371/journal.pone.0208034. Übersetzung von MAIA-2 in Kooperation mit Wolf E. Mehling (basierend auf der dt. Erstversion von Boris Bornemann, Max-Planck-Institut, Leipzig, Dezember 2012): Michael Eggart. Referenzierte Spezifikation AffectTracker2D - Specifications.docx, SHA-256 7402c80c6da71d4a11543676acdf0a7640cdb842d55afc10dde6ad3d4978fdbe.",f15,"Wenn ich Unbehagen oder Schmerzen empfinde, geht es mir nicht aus dem Kopf.",true,Sich-Keine-Sorgen-Machen,o4,4,1
questionnaire-csv-v1,maia-2-de,2 (2018),"Multidimensional Assessment of Interoceptive Awareness, Version 2 (MAIA-2)",de,"Unten finden Sie eine Liste von Aussagen. Geben Sie bitte für jede der folgenden Aussagen an, wie oft sie generell im täglichen Leben auf Sie zutrifft. Kreisen Sie in jeder Reihe eine Zahl ein.","MAIA-2 © 2018 University of California, San Francisco. Nutzung gemäß den Bedingungen auf Seite 2 des offiziellen deutschen Fragebogens: https://osher.ucsf.edu/sites/osher.ucsf.edu/files/inline-files/MAIA-2_German.pdf. Zitation: Mehling WE et al. (2018), PLoS ONE 13(12): e0208034, https://doi.org/10.1371/journal.pone.0208034. Übersetzung von MAIA-2 in Kooperation mit Wolf E. Mehling (basierend auf der dt. Erstversion von Boris Bornemann, Max-Planck-Institut, Leipzig, Dezember 2012): Michael Eggart. Referenzierte Spezifikation AffectTracker2D - Specifications.docx, SHA-256 7402c80c6da71d4a11543676acdf0a7640cdb842d55afc10dde6ad3d4978fdbe.",f15,"Wenn ich Unbehagen oder Schmerzen empfinde, geht es mir nicht aus dem Kopf.",true,Sich-Keine-Sorgen-Machen,o5,Immer,0
questionnaire-csv-v1,maia-2-de,2 (2018),"Multidimensional Assessment of Interoceptive Awareness, Version 2 (MAIA-2)",de,"Unten finden Sie eine Liste von Aussagen. Geben Sie bitte für jede der folgenden Aussagen an, wie oft sie generell im täglichen Leben auf Sie zutrifft. Kreisen Sie in jeder Reihe eine Zahl ein.","MAIA-2 © 2018 University of California, San Francisco. Nutzung gemäß den Bedingungen auf Seite 2 des offiziellen deutschen Fragebogens: https://osher.ucsf.edu/sites/osher.ucsf.edu/files/inline-files/MAIA-2_German.pdf. Zitation: Mehling WE et al. (2018), PLoS ONE 13(12): e0208034, https://doi.org/10.1371/journal.pone.0208034. Übersetzung von MAIA-2 in Kooperation mit Wolf E. Mehling (basierend auf der dt. Erstversion von Boris Bornemann, Max-Planck-Institut, Leipzig, Dezember 2012): Michael Eggart. Referenzierte Spezifikation AffectTracker2D - Specifications.docx, SHA-256 7402c80c6da71d4a11543676acdf0a7640cdb842d55afc10dde6ad3d4978fdbe.",f16,"Ich kann auf meine Atmung achten ohne von dem, was um mich herum geschieht, abgelenkt zu werden.",true,Aufmerksamkeitsregulation,o0,Nie,0
questionnaire-csv-v1,maia-2-de,2 (2018),"Multidimensional Assessment of Interoceptive Awareness, Version 2 (MAIA-2)",de,"Unten finden Sie eine Liste von Aussagen. Geben Sie bitte für jede der folgenden Aussagen an, wie oft sie generell im täglichen Leben auf Sie zutrifft. Kreisen Sie in jeder Reihe eine Zahl ein.","MAIA-2 © 2018 University of California, San Francisco. Nutzung gemäß den Bedingungen auf Seite 2 des offiziellen deutschen Fragebogens: https://osher.ucsf.edu/sites/osher.ucsf.edu/files/inline-files/MAIA-2_German.pdf. Zitation: Mehling WE et al. (2018), PLoS ONE 13(12): e0208034, https://doi.org/10.1371/journal.pone.0208034. Übersetzung von MAIA-2 in Kooperation mit Wolf E. Mehling (basierend auf der dt. Erstversion von Boris Bornemann, Max-Planck-Institut, Leipzig, Dezember 2012): Michael Eggart. Referenzierte Spezifikation AffectTracker2D - Specifications.docx, SHA-256 7402c80c6da71d4a11543676acdf0a7640cdb842d55afc10dde6ad3d4978fdbe.",f16,"Ich kann auf meine Atmung achten ohne von dem, was um mich herum geschieht, abgelenkt zu werden.",true,Aufmerksamkeitsregulation,o1,1,1
questionnaire-csv-v1,maia-2-de,2 (2018),"Multidimensional Assessment of Interoceptive Awareness, Version 2 (MAIA-2)",de,"Unten finden Sie eine Liste von Aussagen. Geben Sie bitte für jede der folgenden Aussagen an, wie oft sie generell im täglichen Leben auf Sie zutrifft. Kreisen Sie in jeder Reihe eine Zahl ein.","MAIA-2 © 2018 University of California, San Francisco. Nutzung gemäß den Bedingungen auf Seite 2 des offiziellen deutschen Fragebogens: https://osher.ucsf.edu/sites/osher.ucsf.edu/files/inline-files/MAIA-2_German.pdf. Zitation: Mehling WE et al. (2018), PLoS ONE 13(12): e0208034, https://doi.org/10.1371/journal.pone.0208034. Übersetzung von MAIA-2 in Kooperation mit Wolf E. Mehling (basierend auf der dt. Erstversion von Boris Bornemann, Max-Planck-Institut, Leipzig, Dezember 2012): Michael Eggart. Referenzierte Spezifikation AffectTracker2D - Specifications.docx, SHA-256 7402c80c6da71d4a11543676acdf0a7640cdb842d55afc10dde6ad3d4978fdbe.",f16,"Ich kann auf meine Atmung achten ohne von dem, was um mich herum geschieht, abgelenkt zu werden.",true,Aufmerksamkeitsregulation,o2,2,2
questionnaire-csv-v1,maia-2-de,2 (2018),"Multidimensional Assessment of Interoceptive Awareness, Version 2 (MAIA-2)",de,"Unten finden Sie eine Liste von Aussagen. Geben Sie bitte für jede der folgenden Aussagen an, wie oft sie generell im täglichen Leben auf Sie zutrifft. Kreisen Sie in jeder Reihe eine Zahl ein.","MAIA-2 © 2018 University of California, San Francisco. Nutzung gemäß den Bedingungen auf Seite 2 des offiziellen deutschen Fragebogens: https://osher.ucsf.edu/sites/osher.ucsf.edu/files/inline-files/MAIA-2_German.pdf. Zitation: Mehling WE et al. (2018), PLoS ONE 13(12): e0208034, https://doi.org/10.1371/journal.pone.0208034. Übersetzung von MAIA-2 in Kooperation mit Wolf E. Mehling (basierend auf der dt. Erstversion von Boris Bornemann, Max-Planck-Institut, Leipzig, Dezember 2012): Michael Eggart. Referenzierte Spezifikation AffectTracker2D - Specifications.docx, SHA-256 7402c80c6da71d4a11543676acdf0a7640cdb842d55afc10dde6ad3d4978fdbe.",f16,"Ich kann auf meine Atmung achten ohne von dem, was um mich herum geschieht, abgelenkt zu werden.",true,Aufmerksamkeitsregulation,o3,3,3
questionnaire-csv-v1,maia-2-de,2 (2018),"Multidimensional Assessment of Interoceptive Awareness, Version 2 (MAIA-2)",de,"Unten finden Sie eine Liste von Aussagen. Geben Sie bitte für jede der folgenden Aussagen an, wie oft sie generell im täglichen Leben auf Sie zutrifft. Kreisen Sie in jeder Reihe eine Zahl ein.","MAIA-2 © 2018 University of California, San Francisco. Nutzung gemäß den Bedingungen auf Seite 2 des offiziellen deutschen Fragebogens: https://osher.ucsf.edu/sites/osher.ucsf.edu/files/inline-files/MAIA-2_German.pdf. Zitation: Mehling WE et al. (2018), PLoS ONE 13(12): e0208034, https://doi.org/10.1371/journal.pone.0208034. Übersetzung von MAIA-2 in Kooperation mit Wolf E. Mehling (basierend auf der dt. Erstversion von Boris Bornemann, Max-Planck-Institut, Leipzig, Dezember 2012): Michael Eggart. Referenzierte Spezifikation AffectTracker2D - Specifications.docx, SHA-256 7402c80c6da71d4a11543676acdf0a7640cdb842d55afc10dde6ad3d4978fdbe.",f16,"Ich kann auf meine Atmung achten ohne von dem, was um mich herum geschieht, abgelenkt zu werden.",true,Aufmerksamkeitsregulation,o4,4,4
questionnaire-csv-v1,maia-2-de,2 (2018),"Multidimensional Assessment of Interoceptive Awareness, Version 2 (MAIA-2)",de,"Unten finden Sie eine Liste von Aussagen. Geben Sie bitte für jede der folgenden Aussagen an, wie oft sie generell im täglichen Leben auf Sie zutrifft. Kreisen Sie in jeder Reihe eine Zahl ein.","MAIA-2 © 2018 University of California, San Francisco. Nutzung gemäß den Bedingungen auf Seite 2 des offiziellen deutschen Fragebogens: https://osher.ucsf.edu/sites/osher.ucsf.edu/files/inline-files/MAIA-2_German.pdf. Zitation: Mehling WE et al. (2018), PLoS ONE 13(12): e0208034, https://doi.org/10.1371/journal.pone.0208034. Übersetzung von MAIA-2 in Kooperation mit Wolf E. Mehling (basierend auf der dt. Erstversion von Boris Bornemann, Max-Planck-Institut, Leipzig, Dezember 2012): Michael Eggart. Referenzierte Spezifikation AffectTracker2D - Specifications.docx, SHA-256 7402c80c6da71d4a11543676acdf0a7640cdb842d55afc10dde6ad3d4978fdbe.",f16,"Ich kann auf meine Atmung achten ohne von dem, was um mich herum geschieht, abgelenkt zu werden.",true,Aufmerksamkeitsregulation,o5,Immer,5
questionnaire-csv-v1,maia-2-de,2 (2018),"Multidimensional Assessment of Interoceptive Awareness, Version 2 (MAIA-2)",de,"Unten finden Sie eine Liste von Aussagen. Geben Sie bitte für jede der folgenden Aussagen an, wie oft sie generell im täglichen Leben auf Sie zutrifft. Kreisen Sie in jeder Reihe eine Zahl ein.","MAIA-2 © 2018 University of California, San Francisco. Nutzung gemäß den Bedingungen auf Seite 2 des offiziellen deutschen Fragebogens: https://osher.ucsf.edu/sites/osher.ucsf.edu/files/inline-files/MAIA-2_German.pdf. Zitation: Mehling WE et al. (2018), PLoS ONE 13(12): e0208034, https://doi.org/10.1371/journal.pone.0208034. Übersetzung von MAIA-2 in Kooperation mit Wolf E. Mehling (basierend auf der dt. Erstversion von Boris Bornemann, Max-Planck-Institut, Leipzig, Dezember 2012): Michael Eggart. Referenzierte Spezifikation AffectTracker2D - Specifications.docx, SHA-256 7402c80c6da71d4a11543676acdf0a7640cdb842d55afc10dde6ad3d4978fdbe.",f17,"Ich kann meiner inneren Körperempfindungen gewahr bleiben, auch wenn um mich herum eine Menge los ist.",true,Aufmerksamkeitsregulation,o0,Nie,0
questionnaire-csv-v1,maia-2-de,2 (2018),"Multidimensional Assessment of Interoceptive Awareness, Version 2 (MAIA-2)",de,"Unten finden Sie eine Liste von Aussagen. Geben Sie bitte für jede der folgenden Aussagen an, wie oft sie generell im täglichen Leben auf Sie zutrifft. Kreisen Sie in jeder Reihe eine Zahl ein.","MAIA-2 © 2018 University of California, San Francisco. Nutzung gemäß den Bedingungen auf Seite 2 des offiziellen deutschen Fragebogens: https://osher.ucsf.edu/sites/osher.ucsf.edu/files/inline-files/MAIA-2_German.pdf. Zitation: Mehling WE et al. (2018), PLoS ONE 13(12): e0208034, https://doi.org/10.1371/journal.pone.0208034. Übersetzung von MAIA-2 in Kooperation mit Wolf E. Mehling (basierend auf der dt. Erstversion von Boris Bornemann, Max-Planck-Institut, Leipzig, Dezember 2012): Michael Eggart. Referenzierte Spezifikation AffectTracker2D - Specifications.docx, SHA-256 7402c80c6da71d4a11543676acdf0a7640cdb842d55afc10dde6ad3d4978fdbe.",f17,"Ich kann meiner inneren Körperempfindungen gewahr bleiben, auch wenn um mich herum eine Menge los ist.",true,Aufmerksamkeitsregulation,o1,1,1
questionnaire-csv-v1,maia-2-de,2 (2018),"Multidimensional Assessment of Interoceptive Awareness, Version 2 (MAIA-2)",de,"Unten finden Sie eine Liste von Aussagen. Geben Sie bitte für jede der folgenden Aussagen an, wie oft sie generell im täglichen Leben auf Sie zutrifft. Kreisen Sie in jeder Reihe eine Zahl ein.","MAIA-2 © 2018 University of California, San Francisco. Nutzung gemäß den Bedingungen auf Seite 2 des offiziellen deutschen Fragebogens: https://osher.ucsf.edu/sites/osher.ucsf.edu/files/inline-files/MAIA-2_German.pdf. Zitation: Mehling WE et al. (2018), PLoS ONE 13(12): e0208034, https://doi.org/10.1371/journal.pone.0208034. Übersetzung von MAIA-2 in Kooperation mit Wolf E. Mehling (basierend auf der dt. Erstversion von Boris Bornemann, Max-Planck-Institut, Leipzig, Dezember 2012): Michael Eggart. Referenzierte Spezifikation AffectTracker2D - Specifications.docx, SHA-256 7402c80c6da71d4a11543676acdf0a7640cdb842d55afc10dde6ad3d4978fdbe.",f17,"Ich kann meiner inneren Körperempfindungen gewahr bleiben, auch wenn um mich herum eine Menge los ist.",true,Aufmerksamkeitsregulation,o2,2,2
questionnaire-csv-v1,maia-2-de,2 (2018),"Multidimensional Assessment of Interoceptive Awareness, Version 2 (MAIA-2)",de,"Unten finden Sie eine Liste von Aussagen. Geben Sie bitte für jede der folgenden Aussagen an, wie oft sie generell im täglichen Leben auf Sie zutrifft. Kreisen Sie in jeder Reihe eine Zahl ein.","MAIA-2 © 2018 University of California, San Francisco. Nutzung gemäß den Bedingungen auf Seite 2 des offiziellen deutschen Fragebogens: https://osher.ucsf.edu/sites/osher.ucsf.edu/files/inline-files/MAIA-2_German.pdf. Zitation: Mehling WE et al. (2018), PLoS ONE 13(12): e0208034, https://doi.org/10.1371/journal.pone.0208034. Übersetzung von MAIA-2 in Kooperation mit Wolf E. Mehling (basierend auf der dt. Erstversion von Boris Bornemann, Max-Planck-Institut, Leipzig, Dezember 2012): Michael Eggart. Referenzierte Spezifikation AffectTracker2D - Specifications.docx, SHA-256 7402c80c6da71d4a11543676acdf0a7640cdb842d55afc10dde6ad3d4978fdbe.",f17,"Ich kann meiner inneren Körperempfindungen gewahr bleiben, auch wenn um mich herum eine Menge los ist.",true,Aufmerksamkeitsregulation,o3,3,3
questionnaire-csv-v1,maia-2-de,2 (2018),"Multidimensional Assessment of Interoceptive Awareness, Version 2 (MAIA-2)",de,"Unten finden Sie eine Liste von Aussagen. Geben Sie bitte für jede der folgenden Aussagen an, wie oft sie generell im täglichen Leben auf Sie zutrifft. Kreisen Sie in jeder Reihe eine Zahl ein.","MAIA-2 © 2018 University of California, San Francisco. Nutzung gemäß den Bedingungen auf Seite 2 des offiziellen deutschen Fragebogens: https://osher.ucsf.edu/sites/osher.ucsf.edu/files/inline-files/MAIA-2_German.pdf. Zitation: Mehling WE et al. (2018), PLoS ONE 13(12): e0208034, https://doi.org/10.1371/journal.pone.0208034. Übersetzung von MAIA-2 in Kooperation mit Wolf E. Mehling (basierend auf der dt. Erstversion von Boris Bornemann, Max-Planck-Institut, Leipzig, Dezember 2012): Michael Eggart. Referenzierte Spezifikation AffectTracker2D - Specifications.docx, SHA-256 7402c80c6da71d4a11543676acdf0a7640cdb842d55afc10dde6ad3d4978fdbe.",f17,"Ich kann meiner inneren Körperempfindungen gewahr bleiben, auch wenn um mich herum eine Menge los ist.",true,Aufmerksamkeitsregulation,o4,4,4
questionnaire-csv-v1,maia-2-de,2 (2018),"Multidimensional Assessment of Interoceptive Awareness, Version 2 (MAIA-2)",de,"Unten finden Sie eine Liste von Aussagen. Geben Sie bitte für jede der folgenden Aussagen an, wie oft sie generell im täglichen Leben auf Sie zutrifft. Kreisen Sie in jeder Reihe eine Zahl ein.","MAIA-2 © 2018 University of California, San Francisco. Nutzung gemäß den Bedingungen auf Seite 2 des offiziellen deutschen Fragebogens: https://osher.ucsf.edu/sites/osher.ucsf.edu/files/inline-files/MAIA-2_German.pdf. Zitation: Mehling WE et al. (2018), PLoS ONE 13(12): e0208034, https://doi.org/10.1371/journal.pone.0208034. Übersetzung von MAIA-2 in Kooperation mit Wolf E. Mehling (basierend auf der dt. Erstversion von Boris Bornemann, Max-Planck-Institut, Leipzig, Dezember 2012): Michael Eggart. Referenzierte Spezifikation AffectTracker2D - Specifications.docx, SHA-256 7402c80c6da71d4a11543676acdf0a7640cdb842d55afc10dde6ad3d4978fdbe.",f17,"Ich kann meiner inneren Körperempfindungen gewahr bleiben, auch wenn um mich herum eine Menge los ist.",true,Aufmerksamkeitsregulation,o5,Immer,5
questionnaire-csv-v1,maia-2-de,2 (2018),"Multidimensional Assessment of Interoceptive Awareness, Version 2 (MAIA-2)",de,"Unten finden Sie eine Liste von Aussagen. Geben Sie bitte für jede der folgenden Aussagen an, wie oft sie generell im täglichen Leben auf Sie zutrifft. Kreisen Sie in jeder Reihe eine Zahl ein.","MAIA-2 © 2018 University of California, San Francisco. Nutzung gemäß den Bedingungen auf Seite 2 des offiziellen deutschen Fragebogens: https://osher.ucsf.edu/sites/osher.ucsf.edu/files/inline-files/MAIA-2_German.pdf. Zitation: Mehling WE et al. (2018), PLoS ONE 13(12): e0208034, https://doi.org/10.1371/journal.pone.0208034. Übersetzung von MAIA-2 in Kooperation mit Wolf E. Mehling (basierend auf der dt. Erstversion von Boris Bornemann, Max-Planck-Institut, Leipzig, Dezember 2012): Michael Eggart. Referenzierte Spezifikation AffectTracker2D - Specifications.docx, SHA-256 7402c80c6da71d4a11543676acdf0a7640cdb842d55afc10dde6ad3d4978fdbe.",f18,"Ich kann auf meine Körperhaltung achten, während ich mich mit jemandem unterhalte.",true,Aufmerksamkeitsregulation,o0,Nie,0
questionnaire-csv-v1,maia-2-de,2 (2018),"Multidimensional Assessment of Interoceptive Awareness, Version 2 (MAIA-2)",de,"Unten finden Sie eine Liste von Aussagen. Geben Sie bitte für jede der folgenden Aussagen an, wie oft sie generell im täglichen Leben auf Sie zutrifft. Kreisen Sie in jeder Reihe eine Zahl ein.","MAIA-2 © 2018 University of California, San Francisco. Nutzung gemäß den Bedingungen auf Seite 2 des offiziellen deutschen Fragebogens: https://osher.ucsf.edu/sites/osher.ucsf.edu/files/inline-files/MAIA-2_German.pdf. Zitation: Mehling WE et al. (2018), PLoS ONE 13(12): e0208034, https://doi.org/10.1371/journal.pone.0208034. Übersetzung von MAIA-2 in Kooperation mit Wolf E. Mehling (basierend auf der dt. Erstversion von Boris Bornemann, Max-Planck-Institut, Leipzig, Dezember 2012): Michael Eggart. Referenzierte Spezifikation AffectTracker2D - Specifications.docx, SHA-256 7402c80c6da71d4a11543676acdf0a7640cdb842d55afc10dde6ad3d4978fdbe.",f18,"Ich kann auf meine Körperhaltung achten, während ich mich mit jemandem unterhalte.",true,Aufmerksamkeitsregulation,o1,1,1
questionnaire-csv-v1,maia-2-de,2 (2018),"Multidimensional Assessment of Interoceptive Awareness, Version 2 (MAIA-2)",de,"Unten finden Sie eine Liste von Aussagen. Geben Sie bitte für jede der folgenden Aussagen an, wie oft sie generell im täglichen Leben auf Sie zutrifft. Kreisen Sie in jeder Reihe eine Zahl ein.","MAIA-2 © 2018 University of California, San Francisco. Nutzung gemäß den Bedingungen auf Seite 2 des offiziellen deutschen Fragebogens: https://osher.ucsf.edu/sites/osher.ucsf.edu/files/inline-files/MAIA-2_German.pdf. Zitation: Mehling WE et al. (2018), PLoS ONE 13(12): e0208034, https://doi.org/10.1371/journal.pone.0208034. Übersetzung von MAIA-2 in Kooperation mit Wolf E. Mehling (basierend auf der dt. Erstversion von Boris Bornemann, Max-Planck-Institut, Leipzig, Dezember 2012): Michael Eggart. Referenzierte Spezifikation AffectTracker2D - Specifications.docx, SHA-256 7402c80c6da71d4a11543676acdf0a7640cdb842d55afc10dde6ad3d4978fdbe.",f18,"Ich kann auf meine Körperhaltung achten, während ich mich mit jemandem unterhalte.",true,Aufmerksamkeitsregulation,o2,2,2
questionnaire-csv-v1,maia-2-de,2 (2018),"Multidimensional Assessment of Interoceptive Awareness, Version 2 (MAIA-2)",de,"Unten finden Sie eine Liste von Aussagen. Geben Sie bitte für jede der folgenden Aussagen an, wie oft sie generell im täglichen Leben auf Sie zutrifft. Kreisen Sie in jeder Reihe eine Zahl ein.","MAIA-2 © 2018 University of California, San Francisco. Nutzung gemäß den Bedingungen auf Seite 2 des offiziellen deutschen Fragebogens: https://osher.ucsf.edu/sites/osher.ucsf.edu/files/inline-files/MAIA-2_German.pdf. Zitation: Mehling WE et al. (2018), PLoS ONE 13(12): e0208034, https://doi.org/10.1371/journal.pone.0208034. Übersetzung von MAIA-2 in Kooperation mit Wolf E. Mehling (basierend auf der dt. Erstversion von Boris Bornemann, Max-Planck-Institut, Leipzig, Dezember 2012): Michael Eggart. Referenzierte Spezifikation AffectTracker2D - Specifications.docx, SHA-256 7402c80c6da71d4a11543676acdf0a7640cdb842d55afc10dde6ad3d4978fdbe.",f18,"Ich kann auf meine Körperhaltung achten, während ich mich mit jemandem unterhalte.",true,Aufmerksamkeitsregulation,o3,3,3
questionnaire-csv-v1,maia-2-de,2 (2018),"Multidimensional Assessment of Interoceptive Awareness, Version 2 (MAIA-2)",de,"Unten finden Sie eine Liste von Aussagen. Geben Sie bitte für jede der folgenden Aussagen an, wie oft sie generell im täglichen Leben auf Sie zutrifft. Kreisen Sie in jeder Reihe eine Zahl ein.","MAIA-2 © 2018 University of California, San Francisco. Nutzung gemäß den Bedingungen auf Seite 2 des offiziellen deutschen Fragebogens: https://osher.ucsf.edu/sites/osher.ucsf.edu/files/inline-files/MAIA-2_German.pdf. Zitation: Mehling WE et al. (2018), PLoS ONE 13(12): e0208034, https://doi.org/10.1371/journal.pone.0208034. Übersetzung von MAIA-2 in Kooperation mit Wolf E. Mehling (basierend auf der dt. Erstversion von Boris Bornemann, Max-Planck-Institut, Leipzig, Dezember 2012): Michael Eggart. Referenzierte Spezifikation AffectTracker2D - Specifications.docx, SHA-256 7402c80c6da71d4a11543676acdf0a7640cdb842d55afc10dde6ad3d4978fdbe.",f18,"Ich kann auf meine Körperhaltung achten, während ich mich mit jemandem unterhalte.",true,Aufmerksamkeitsregulation,o4,4,4
questionnaire-csv-v1,maia-2-de,2 (2018),"Multidimensional Assessment of Interoceptive Awareness, Version 2 (MAIA-2)",de,"Unten finden Sie eine Liste von Aussagen. Geben Sie bitte für jede der folgenden Aussagen an, wie oft sie generell im täglichen Leben auf Sie zutrifft. Kreisen Sie in jeder Reihe eine Zahl ein.","MAIA-2 © 2018 University of California, San Francisco. Nutzung gemäß den Bedingungen auf Seite 2 des offiziellen deutschen Fragebogens: https://osher.ucsf.edu/sites/osher.ucsf.edu/files/inline-files/MAIA-2_German.pdf. Zitation: Mehling WE et al. (2018), PLoS ONE 13(12): e0208034, https://doi.org/10.1371/journal.pone.0208034. Übersetzung von MAIA-2 in Kooperation mit Wolf E. Mehling (basierend auf der dt. Erstversion von Boris Bornemann, Max-Planck-Institut, Leipzig, Dezember 2012): Michael Eggart. Referenzierte Spezifikation AffectTracker2D - Specifications.docx, SHA-256 7402c80c6da71d4a11543676acdf0a7640cdb842d55afc10dde6ad3d4978fdbe.",f18,"Ich kann auf meine Körperhaltung achten, während ich mich mit jemandem unterhalte.",true,Aufmerksamkeitsregulation,o5,Immer,5
questionnaire-csv-v1,maia-2-de,2 (2018),"Multidimensional Assessment of Interoceptive Awareness, Version 2 (MAIA-2)",de,"Unten finden Sie eine Liste von Aussagen. Geben Sie bitte für jede der folgenden Aussagen an, wie oft sie generell im täglichen Leben auf Sie zutrifft. Kreisen Sie in jeder Reihe eine Zahl ein.","MAIA-2 © 2018 University of California, San Francisco. Nutzung gemäß den Bedingungen auf Seite 2 des offiziellen deutschen Fragebogens: https://osher.ucsf.edu/sites/osher.ucsf.edu/files/inline-files/MAIA-2_German.pdf. Zitation: Mehling WE et al. (2018), PLoS ONE 13(12): e0208034, https://doi.org/10.1371/journal.pone.0208034. Übersetzung von MAIA-2 in Kooperation mit Wolf E. Mehling (basierend auf der dt. Erstversion von Boris Bornemann, Max-Planck-Institut, Leipzig, Dezember 2012): Michael Eggart. Referenzierte Spezifikation AffectTracker2D - Specifications.docx, SHA-256 7402c80c6da71d4a11543676acdf0a7640cdb842d55afc10dde6ad3d4978fdbe.",f19,"Wenn ich abgelenkt bin, kann ich mit meiner Aufmerksamkeit zu meinem Körper zurückkehren.",true,Aufmerksamkeitsregulation,o0,Nie,0
questionnaire-csv-v1,maia-2-de,2 (2018),"Multidimensional Assessment of Interoceptive Awareness, Version 2 (MAIA-2)",de,"Unten finden Sie eine Liste von Aussagen. Geben Sie bitte für jede der folgenden Aussagen an, wie oft sie generell im täglichen Leben auf Sie zutrifft. Kreisen Sie in jeder Reihe eine Zahl ein.","MAIA-2 © 2018 University of California, San Francisco. Nutzung gemäß den Bedingungen auf Seite 2 des offiziellen deutschen Fragebogens: https://osher.ucsf.edu/sites/osher.ucsf.edu/files/inline-files/MAIA-2_German.pdf. Zitation: Mehling WE et al. (2018), PLoS ONE 13(12): e0208034, https://doi.org/10.1371/journal.pone.0208034. Übersetzung von MAIA-2 in Kooperation mit Wolf E. Mehling (basierend auf der dt. Erstversion von Boris Bornemann, Max-Planck-Institut, Leipzig, Dezember 2012): Michael Eggart. Referenzierte Spezifikation AffectTracker2D - Specifications.docx, SHA-256 7402c80c6da71d4a11543676acdf0a7640cdb842d55afc10dde6ad3d4978fdbe.",f19,"Wenn ich abgelenkt bin, kann ich mit meiner Aufmerksamkeit zu meinem Körper zurückkehren.",true,Aufmerksamkeitsregulation,o1,1,1
questionnaire-csv-v1,maia-2-de,2 (2018),"Multidimensional Assessment of Interoceptive Awareness, Version 2 (MAIA-2)",de,"Unten finden Sie eine Liste von Aussagen. Geben Sie bitte für jede der folgenden Aussagen an, wie oft sie generell im täglichen Leben auf Sie zutrifft. Kreisen Sie in jeder Reihe eine Zahl ein.","MAIA-2 © 2018 University of California, San Francisco. Nutzung gemäß den Bedingungen auf Seite 2 des offiziellen deutschen Fragebogens: https://osher.ucsf.edu/sites/osher.ucsf.edu/files/inline-files/MAIA-2_German.pdf. Zitation: Mehling WE et al. (2018), PLoS ONE 13(12): e0208034, https://doi.org/10.1371/journal.pone.0208034. Übersetzung von MAIA-2 in Kooperation mit Wolf E. Mehling (basierend auf der dt. Erstversion von Boris Bornemann, Max-Planck-Institut, Leipzig, Dezember 2012): Michael Eggart. Referenzierte Spezifikation AffectTracker2D - Specifications.docx, SHA-256 7402c80c6da71d4a11543676acdf0a7640cdb842d55afc10dde6ad3d4978fdbe.",f19,"Wenn ich abgelenkt bin, kann ich mit meiner Aufmerksamkeit zu meinem Körper zurückkehren.",true,Aufmerksamkeitsregulation,o2,2,2
questionnaire-csv-v1,maia-2-de,2 (2018),"Multidimensional Assessment of Interoceptive Awareness, Version 2 (MAIA-2)",de,"Unten finden Sie eine Liste von Aussagen. Geben Sie bitte für jede der folgenden Aussagen an, wie oft sie generell im täglichen Leben auf Sie zutrifft. Kreisen Sie in jeder Reihe eine Zahl ein.","MAIA-2 © 2018 University of California, San Francisco. Nutzung gemäß den Bedingungen auf Seite 2 des offiziellen deutschen Fragebogens: https://osher.ucsf.edu/sites/osher.ucsf.edu/files/inline-files/MAIA-2_German.pdf. Zitation: Mehling WE et al. (2018), PLoS ONE 13(12): e0208034, https://doi.org/10.1371/journal.pone.0208034. Übersetzung von MAIA-2 in Kooperation mit Wolf E. Mehling (basierend auf der dt. Erstversion von Boris Bornemann, Max-Planck-Institut, Leipzig, Dezember 2012): Michael Eggart. Referenzierte Spezifikation AffectTracker2D - Specifications.docx, SHA-256 7402c80c6da71d4a11543676acdf0a7640cdb842d55afc10dde6ad3d4978fdbe.",f19,"Wenn ich abgelenkt bin, kann ich mit meiner Aufmerksamkeit zu meinem Körper zurückkehren.",true,Aufmerksamkeitsregulation,o3,3,3
questionnaire-csv-v1,maia-2-de,2 (2018),"Multidimensional Assessment of Interoceptive Awareness, Version 2 (MAIA-2)",de,"Unten finden Sie eine Liste von Aussagen. Geben Sie bitte für jede der folgenden Aussagen an, wie oft sie generell im täglichen Leben auf Sie zutrifft. Kreisen Sie in jeder Reihe eine Zahl ein.","MAIA-2 © 2018 University of California, San Francisco. Nutzung gemäß den Bedingungen auf Seite 2 des offiziellen deutschen Fragebogens: https://osher.ucsf.edu/sites/osher.ucsf.edu/files/inline-files/MAIA-2_German.pdf. Zitation: Mehling WE et al. (2018), PLoS ONE 13(12): e0208034, https://doi.org/10.1371/journal.pone.0208034. Übersetzung von MAIA-2 in Kooperation mit Wolf E. Mehling (basierend auf der dt. Erstversion von Boris Bornemann, Max-Planck-Institut, Leipzig, Dezember 2012): Michael Eggart. Referenzierte Spezifikation AffectTracker2D - Specifications.docx, SHA-256 7402c80c6da71d4a11543676acdf0a7640cdb842d55afc10dde6ad3d4978fdbe.",f19,"Wenn ich abgelenkt bin, kann ich mit meiner Aufmerksamkeit zu meinem Körper zurückkehren.",true,Aufmerksamkeitsregulation,o4,4,4
questionnaire-csv-v1,maia-2-de,2 (2018),"Multidimensional Assessment of Interoceptive Awareness, Version 2 (MAIA-2)",de,"Unten finden Sie eine Liste von Aussagen. Geben Sie bitte für jede der folgenden Aussagen an, wie oft sie generell im täglichen Leben auf Sie zutrifft. Kreisen Sie in jeder Reihe eine Zahl ein.","MAIA-2 © 2018 University of California, San Francisco. Nutzung gemäß den Bedingungen auf Seite 2 des offiziellen deutschen Fragebogens: https://osher.ucsf.edu/sites/osher.ucsf.edu/files/inline-files/MAIA-2_German.pdf. Zitation: Mehling WE et al. (2018), PLoS ONE 13(12): e0208034, https://doi.org/10.1371/journal.pone.0208034. Übersetzung von MAIA-2 in Kooperation mit Wolf E. Mehling (basierend auf der dt. Erstversion von Boris Bornemann, Max-Planck-Institut, Leipzig, Dezember 2012): Michael Eggart. Referenzierte Spezifikation AffectTracker2D - Specifications.docx, SHA-256 7402c80c6da71d4a11543676acdf0a7640cdb842d55afc10dde6ad3d4978fdbe.",f19,"Wenn ich abgelenkt bin, kann ich mit meiner Aufmerksamkeit zu meinem Körper zurückkehren.",true,Aufmerksamkeitsregulation,o5,Immer,5
questionnaire-csv-v1,maia-2-de,2 (2018),"Multidimensional Assessment of Interoceptive Awareness, Version 2 (MAIA-2)",de,"Unten finden Sie eine Liste von Aussagen. Geben Sie bitte für jede der folgenden Aussagen an, wie oft sie generell im täglichen Leben auf Sie zutrifft. Kreisen Sie in jeder Reihe eine Zahl ein.","MAIA-2 © 2018 University of California, San Francisco. Nutzung gemäß den Bedingungen auf Seite 2 des offiziellen deutschen Fragebogens: https://osher.ucsf.edu/sites/osher.ucsf.edu/files/inline-files/MAIA-2_German.pdf. Zitation: Mehling WE et al. (2018), PLoS ONE 13(12): e0208034, https://doi.org/10.1371/journal.pone.0208034. Übersetzung von MAIA-2 in Kooperation mit Wolf E. Mehling (basierend auf der dt. Erstversion von Boris Bornemann, Max-Planck-Institut, Leipzig, Dezember 2012): Michael Eggart. Referenzierte Spezifikation AffectTracker2D - Specifications.docx, SHA-256 7402c80c6da71d4a11543676acdf0a7640cdb842d55afc10dde6ad3d4978fdbe.",f20,Ich kann meine Aufmerksamkeit vom Denken auf das Spüren meines Körpers zurücklenken.,true,Aufmerksamkeitsregulation,o0,Nie,0
questionnaire-csv-v1,maia-2-de,2 (2018),"Multidimensional Assessment of Interoceptive Awareness, Version 2 (MAIA-2)",de,"Unten finden Sie eine Liste von Aussagen. Geben Sie bitte für jede der folgenden Aussagen an, wie oft sie generell im täglichen Leben auf Sie zutrifft. Kreisen Sie in jeder Reihe eine Zahl ein.","MAIA-2 © 2018 University of California, San Francisco. Nutzung gemäß den Bedingungen auf Seite 2 des offiziellen deutschen Fragebogens: https://osher.ucsf.edu/sites/osher.ucsf.edu/files/inline-files/MAIA-2_German.pdf. Zitation: Mehling WE et al. (2018), PLoS ONE 13(12): e0208034, https://doi.org/10.1371/journal.pone.0208034. Übersetzung von MAIA-2 in Kooperation mit Wolf E. Mehling (basierend auf der dt. Erstversion von Boris Bornemann, Max-Planck-Institut, Leipzig, Dezember 2012): Michael Eggart. Referenzierte Spezifikation AffectTracker2D - Specifications.docx, SHA-256 7402c80c6da71d4a11543676acdf0a7640cdb842d55afc10dde6ad3d4978fdbe.",f20,Ich kann meine Aufmerksamkeit vom Denken auf das Spüren meines Körpers zurücklenken.,true,Aufmerksamkeitsregulation,o1,1,1
questionnaire-csv-v1,maia-2-de,2 (2018),"Multidimensional Assessment of Interoceptive Awareness, Version 2 (MAIA-2)",de,"Unten finden Sie eine Liste von Aussagen. Geben Sie bitte für jede der folgenden Aussagen an, wie oft sie generell im täglichen Leben auf Sie zutrifft. Kreisen Sie in jeder Reihe eine Zahl ein.","MAIA-2 © 2018 University of California, San Francisco. Nutzung gemäß den Bedingungen auf Seite 2 des offiziellen deutschen Fragebogens: https://osher.ucsf.edu/sites/osher.ucsf.edu/files/inline-files/MAIA-2_German.pdf. Zitation: Mehling WE et al. (2018), PLoS ONE 13(12): e0208034, https://doi.org/10.1371/journal.pone.0208034. Übersetzung von MAIA-2 in Kooperation mit Wolf E. Mehling (basierend auf der dt. Erstversion von Boris Bornemann, Max-Planck-Institut, Leipzig, Dezember 2012): Michael Eggart. Referenzierte Spezifikation AffectTracker2D - Specifications.docx, SHA-256 7402c80c6da71d4a11543676acdf0a7640cdb842d55afc10dde6ad3d4978fdbe.",f20,Ich kann meine Aufmerksamkeit vom Denken auf das Spüren meines Körpers zurücklenken.,true,Aufmerksamkeitsregulation,o2,2,2
questionnaire-csv-v1,maia-2-de,2 (2018),"Multidimensional Assessment of Interoceptive Awareness, Version 2 (MAIA-2)",de,"Unten finden Sie eine Liste von Aussagen. Geben Sie bitte für jede der folgenden Aussagen an, wie oft sie generell im täglichen Leben auf Sie zutrifft. Kreisen Sie in jeder Reihe eine Zahl ein.","MAIA-2 © 2018 University of California, San Francisco. Nutzung gemäß den Bedingungen auf Seite 2 des offiziellen deutschen Fragebogens: https://osher.ucsf.edu/sites/osher.ucsf.edu/files/inline-files/MAIA-2_German.pdf. Zitation: Mehling WE et al. (2018), PLoS ONE 13(12): e0208034, https://doi.org/10.1371/journal.pone.0208034. Übersetzung von MAIA-2 in Kooperation mit Wolf E. Mehling (basierend auf der dt. Erstversion von Boris Bornemann, Max-Planck-Institut, Leipzig, Dezember 2012): Michael Eggart. Referenzierte Spezifikation AffectTracker2D - Specifications.docx, SHA-256 7402c80c6da71d4a11543676acdf0a7640cdb842d55afc10dde6ad3d4978fdbe.",f20,Ich kann meine Aufmerksamkeit vom Denken auf das Spüren meines Körpers zurücklenken.,true,Aufmerksamkeitsregulation,o3,3,3
questionnaire-csv-v1,maia-2-de,2 (2018),"Multidimensional Assessment of Interoceptive Awareness, Version 2 (MAIA-2)",de,"Unten finden Sie eine Liste von Aussagen. Geben Sie bitte für jede der folgenden Aussagen an, wie oft sie generell im täglichen Leben auf Sie zutrifft. Kreisen Sie in jeder Reihe eine Zahl ein.","MAIA-2 © 2018 University of California, San Francisco. Nutzung gemäß den Bedingungen auf Seite 2 des offiziellen deutschen Fragebogens: https://osher.ucsf.edu/sites/osher.ucsf.edu/files/inline-files/MAIA-2_German.pdf. Zitation: Mehling WE et al. (2018), PLoS ONE 13(12): e0208034, https://doi.org/10.1371/journal.pone.0208034. Übersetzung von MAIA-2 in Kooperation mit Wolf E. Mehling (basierend auf der dt. Erstversion von Boris Bornemann, Max-Planck-Institut, Leipzig, Dezember 2012): Michael Eggart. Referenzierte Spezifikation AffectTracker2D - Specifications.docx, SHA-256 7402c80c6da71d4a11543676acdf0a7640cdb842d55afc10dde6ad3d4978fdbe.",f20,Ich kann meine Aufmerksamkeit vom Denken auf das Spüren meines Körpers zurücklenken.,true,Aufmerksamkeitsregulation,o4,4,4
questionnaire-csv-v1,maia-2-de,2 (2018),"Multidimensional Assessment of Interoceptive Awareness, Version 2 (MAIA-2)",de,"Unten finden Sie eine Liste von Aussagen. Geben Sie bitte für jede der folgenden Aussagen an, wie oft sie generell im täglichen Leben auf Sie zutrifft. Kreisen Sie in jeder Reihe eine Zahl ein.","MAIA-2 © 2018 University of California, San Francisco. Nutzung gemäß den Bedingungen auf Seite 2 des offiziellen deutschen Fragebogens: https://osher.ucsf.edu/sites/osher.ucsf.edu/files/inline-files/MAIA-2_German.pdf. Zitation: Mehling WE et al. (2018), PLoS ONE 13(12): e0208034, https://doi.org/10.1371/journal.pone.0208034. Übersetzung von MAIA-2 in Kooperation mit Wolf E. Mehling (basierend auf der dt. Erstversion von Boris Bornemann, Max-Planck-Institut, Leipzig, Dezember 2012): Michael Eggart. Referenzierte Spezifikation AffectTracker2D - Specifications.docx, SHA-256 7402c80c6da71d4a11543676acdf0a7640cdb842d55afc10dde6ad3d4978fdbe.",f20,Ich kann meine Aufmerksamkeit vom Denken auf das Spüren meines Körpers zurücklenken.,true,Aufmerksamkeitsregulation,o5,Immer,5
questionnaire-csv-v1,maia-2-de,2 (2018),"Multidimensional Assessment of Interoceptive Awareness, Version 2 (MAIA-2)",de,"Unten finden Sie eine Liste von Aussagen. Geben Sie bitte für jede der folgenden Aussagen an, wie oft sie generell im täglichen Leben auf Sie zutrifft. Kreisen Sie in jeder Reihe eine Zahl ein.","MAIA-2 © 2018 University of California, San Francisco. Nutzung gemäß den Bedingungen auf Seite 2 des offiziellen deutschen Fragebogens: https://osher.ucsf.edu/sites/osher.ucsf.edu/files/inline-files/MAIA-2_German.pdf. Zitation: Mehling WE et al. (2018), PLoS ONE 13(12): e0208034, https://doi.org/10.1371/journal.pone.0208034. Übersetzung von MAIA-2 in Kooperation mit Wolf E. Mehling (basierend auf der dt. Erstversion von Boris Bornemann, Max-Planck-Institut, Leipzig, Dezember 2012): Michael Eggart. Referenzierte Spezifikation AffectTracker2D - Specifications.docx, SHA-256 7402c80c6da71d4a11543676acdf0a7640cdb842d55afc10dde6ad3d4978fdbe.",f21,"Ich kann den gesamten Körper auch dann weiter bewusst wahrnehmen, wenn ich in einem Teil Schmerz oder Unbehagen empfinde.",true,Aufmerksamkeitsregulation,o0,Nie,0
questionnaire-csv-v1,maia-2-de,2 (2018),"Multidimensional Assessment of Interoceptive Awareness, Version 2 (MAIA-2)",de,"Unten finden Sie eine Liste von Aussagen. Geben Sie bitte für jede der folgenden Aussagen an, wie oft sie generell im täglichen Leben auf Sie zutrifft. Kreisen Sie in jeder Reihe eine Zahl ein.","MAIA-2 © 2018 University of California, San Francisco. Nutzung gemäß den Bedingungen auf Seite 2 des offiziellen deutschen Fragebogens: https://osher.ucsf.edu/sites/osher.ucsf.edu/files/inline-files/MAIA-2_German.pdf. Zitation: Mehling WE et al. (2018), PLoS ONE 13(12): e0208034, https://doi.org/10.1371/journal.pone.0208034. Übersetzung von MAIA-2 in Kooperation mit Wolf E. Mehling (basierend auf der dt. Erstversion von Boris Bornemann, Max-Planck-Institut, Leipzig, Dezember 2012): Michael Eggart. Referenzierte Spezifikation AffectTracker2D - Specifications.docx, SHA-256 7402c80c6da71d4a11543676acdf0a7640cdb842d55afc10dde6ad3d4978fdbe.",f21,"Ich kann den gesamten Körper auch dann weiter bewusst wahrnehmen, wenn ich in einem Teil Schmerz oder Unbehagen empfinde.",true,Aufmerksamkeitsregulation,o1,1,1
questionnaire-csv-v1,maia-2-de,2 (2018),"Multidimensional Assessment of Interoceptive Awareness, Version 2 (MAIA-2)",de,"Unten finden Sie eine Liste von Aussagen. Geben Sie bitte für jede der folgenden Aussagen an, wie oft sie generell im täglichen Leben auf Sie zutrifft. Kreisen Sie in jeder Reihe eine Zahl ein.","MAIA-2 © 2018 University of California, San Francisco. Nutzung gemäß den Bedingungen auf Seite 2 des offiziellen deutschen Fragebogens: https://osher.ucsf.edu/sites/osher.ucsf.edu/files/inline-files/MAIA-2_German.pdf. Zitation: Mehling WE et al. (2018), PLoS ONE 13(12): e0208034, https://doi.org/10.1371/journal.pone.0208034. Übersetzung von MAIA-2 in Kooperation mit Wolf E. Mehling (basierend auf der dt. Erstversion von Boris Bornemann, Max-Planck-Institut, Leipzig, Dezember 2012): Michael Eggart. Referenzierte Spezifikation AffectTracker2D - Specifications.docx, SHA-256 7402c80c6da71d4a11543676acdf0a7640cdb842d55afc10dde6ad3d4978fdbe.",f21,"Ich kann den gesamten Körper auch dann weiter bewusst wahrnehmen, wenn ich in einem Teil Schmerz oder Unbehagen empfinde.",true,Aufmerksamkeitsregulation,o2,2,2
questionnaire-csv-v1,maia-2-de,2 (2018),"Multidimensional Assessment of Interoceptive Awareness, Version 2 (MAIA-2)",de,"Unten finden Sie eine Liste von Aussagen. Geben Sie bitte für jede der folgenden Aussagen an, wie oft sie generell im täglichen Leben auf Sie zutrifft. Kreisen Sie in jeder Reihe eine Zahl ein.","MAIA-2 © 2018 University of California, San Francisco. Nutzung gemäß den Bedingungen auf Seite 2 des offiziellen deutschen Fragebogens: https://osher.ucsf.edu/sites/osher.ucsf.edu/files/inline-files/MAIA-2_German.pdf. Zitation: Mehling WE et al. (2018), PLoS ONE 13(12): e0208034, https://doi.org/10.1371/journal.pone.0208034. Übersetzung von MAIA-2 in Kooperation mit Wolf E. Mehling (basierend auf der dt. Erstversion von Boris Bornemann, Max-Planck-Institut, Leipzig, Dezember 2012): Michael Eggart. Referenzierte Spezifikation AffectTracker2D - Specifications.docx, SHA-256 7402c80c6da71d4a11543676acdf0a7640cdb842d55afc10dde6ad3d4978fdbe.",f21,"Ich kann den gesamten Körper auch dann weiter bewusst wahrnehmen, wenn ich in einem Teil Schmerz oder Unbehagen empfinde.",true,Aufmerksamkeitsregulation,o3,3,3
questionnaire-csv-v1,maia-2-de,2 (2018),"Multidimensional Assessment of Interoceptive Awareness, Version 2 (MAIA-2)",de,"Unten finden Sie eine Liste von Aussagen. Geben Sie bitte für jede der folgenden Aussagen an, wie oft sie generell im täglichen Leben auf Sie zutrifft. Kreisen Sie in jeder Reihe eine Zahl ein.","MAIA-2 © 2018 University of California, San Francisco. Nutzung gemäß den Bedingungen auf Seite 2 des offiziellen deutschen Fragebogens: https://osher.ucsf.edu/sites/osher.ucsf.edu/files/inline-files/MAIA-2_German.pdf. Zitation: Mehling WE et al. (2018), PLoS ONE 13(12): e0208034, https://doi.org/10.1371/journal.pone.0208034. Übersetzung von MAIA-2 in Kooperation mit Wolf E. Mehling (basierend auf der dt. Erstversion von Boris Bornemann, Max-Planck-Institut, Leipzig, Dezember 2012): Michael Eggart. Referenzierte Spezifikation AffectTracker2D - Specifications.docx, SHA-256 7402c80c6da71d4a11543676acdf0a7640cdb842d55afc10dde6ad3d4978fdbe.",f21,"Ich kann den gesamten Körper auch dann weiter bewusst wahrnehmen, wenn ich in einem Teil Schmerz oder Unbehagen empfinde.",true,Aufmerksamkeitsregulation,o4,4,4
questionnaire-csv-v1,maia-2-de,2 (2018),"Multidimensional Assessment of Interoceptive Awareness, Version 2 (MAIA-2)",de,"Unten finden Sie eine Liste von Aussagen. Geben Sie bitte für jede der folgenden Aussagen an, wie oft sie generell im täglichen Leben auf Sie zutrifft. Kreisen Sie in jeder Reihe eine Zahl ein.","MAIA-2 © 2018 University of California, San Francisco. Nutzung gemäß den Bedingungen auf Seite 2 des offiziellen deutschen Fragebogens: https://osher.ucsf.edu/sites/osher.ucsf.edu/files/inline-files/MAIA-2_German.pdf. Zitation: Mehling WE et al. (2018), PLoS ONE 13(12): e0208034, https://doi.org/10.1371/journal.pone.0208034. Übersetzung von MAIA-2 in Kooperation mit Wolf E. Mehling (basierend auf der dt. Erstversion von Boris Bornemann, Max-Planck-Institut, Leipzig, Dezember 2012): Michael Eggart. Referenzierte Spezifikation AffectTracker2D - Specifications.docx, SHA-256 7402c80c6da71d4a11543676acdf0a7640cdb842d55afc10dde6ad3d4978fdbe.",f21,"Ich kann den gesamten Körper auch dann weiter bewusst wahrnehmen, wenn ich in einem Teil Schmerz oder Unbehagen empfinde.",true,Aufmerksamkeitsregulation,o5,Immer,5
questionnaire-csv-v1,maia-2-de,2 (2018),"Multidimensional Assessment of Interoceptive Awareness, Version 2 (MAIA-2)",de,"Unten finden Sie eine Liste von Aussagen. Geben Sie bitte für jede der folgenden Aussagen an, wie oft sie generell im täglichen Leben auf Sie zutrifft. Kreisen Sie in jeder Reihe eine Zahl ein.","MAIA-2 © 2018 University of California, San Francisco. Nutzung gemäß den Bedingungen auf Seite 2 des offiziellen deutschen Fragebogens: https://osher.ucsf.edu/sites/osher.ucsf.edu/files/inline-files/MAIA-2_German.pdf. Zitation: Mehling WE et al. (2018), PLoS ONE 13(12): e0208034, https://doi.org/10.1371/journal.pone.0208034. Übersetzung von MAIA-2 in Kooperation mit Wolf E. Mehling (basierend auf der dt. Erstversion von Boris Bornemann, Max-Planck-Institut, Leipzig, Dezember 2012): Michael Eggart. Referenzierte Spezifikation AffectTracker2D - Specifications.docx, SHA-256 7402c80c6da71d4a11543676acdf0a7640cdb842d55afc10dde6ad3d4978fdbe.",f22,Ich kann meine Aufmerksamkeit bewusst auf meinen Körper als Ganzes richten.,true,Aufmerksamkeitsregulation,o0,Nie,0
questionnaire-csv-v1,maia-2-de,2 (2018),"Multidimensional Assessment of Interoceptive Awareness, Version 2 (MAIA-2)",de,"Unten finden Sie eine Liste von Aussagen. Geben Sie bitte für jede der folgenden Aussagen an, wie oft sie generell im täglichen Leben auf Sie zutrifft. Kreisen Sie in jeder Reihe eine Zahl ein.","MAIA-2 © 2018 University of California, San Francisco. Nutzung gemäß den Bedingungen auf Seite 2 des offiziellen deutschen Fragebogens: https://osher.ucsf.edu/sites/osher.ucsf.edu/files/inline-files/MAIA-2_German.pdf. Zitation: Mehling WE et al. (2018), PLoS ONE 13(12): e0208034, https://doi.org/10.1371/journal.pone.0208034. Übersetzung von MAIA-2 in Kooperation mit Wolf E. Mehling (basierend auf der dt. Erstversion von Boris Bornemann, Max-Planck-Institut, Leipzig, Dezember 2012): Michael Eggart. Referenzierte Spezifikation AffectTracker2D - Specifications.docx, SHA-256 7402c80c6da71d4a11543676acdf0a7640cdb842d55afc10dde6ad3d4978fdbe.",f22,Ich kann meine Aufmerksamkeit bewusst auf meinen Körper als Ganzes richten.,true,Aufmerksamkeitsregulation,o1,1,1
questionnaire-csv-v1,maia-2-de,2 (2018),"Multidimensional Assessment of Interoceptive Awareness, Version 2 (MAIA-2)",de,"Unten finden Sie eine Liste von Aussagen. Geben Sie bitte für jede der folgenden Aussagen an, wie oft sie generell im täglichen Leben auf Sie zutrifft. Kreisen Sie in jeder Reihe eine Zahl ein.","MAIA-2 © 2018 University of California, San Francisco. Nutzung gemäß den Bedingungen auf Seite 2 des offiziellen deutschen Fragebogens: https://osher.ucsf.edu/sites/osher.ucsf.edu/files/inline-files/MAIA-2_German.pdf. Zitation: Mehling WE et al. (2018), PLoS ONE 13(12): e0208034, https://doi.org/10.1371/journal.pone.0208034. Übersetzung von MAIA-2 in Kooperation mit Wolf E. Mehling (basierend auf der dt. Erstversion von Boris Bornemann, Max-Planck-Institut, Leipzig, Dezember 2012): Michael Eggart. Referenzierte Spezifikation AffectTracker2D - Specifications.docx, SHA-256 7402c80c6da71d4a11543676acdf0a7640cdb842d55afc10dde6ad3d4978fdbe.",f22,Ich kann meine Aufmerksamkeit bewusst auf meinen Körper als Ganzes richten.,true,Aufmerksamkeitsregulation,o2,2,2
questionnaire-csv-v1,maia-2-de,2 (2018),"Multidimensional Assessment of Interoceptive Awareness, Version 2 (MAIA-2)",de,"Unten finden Sie eine Liste von Aussagen. Geben Sie bitte für jede der folgenden Aussagen an, wie oft sie generell im täglichen Leben auf Sie zutrifft. Kreisen Sie in jeder Reihe eine Zahl ein.","MAIA-2 © 2018 University of California, San Francisco. Nutzung gemäß den Bedingungen auf Seite 2 des offiziellen deutschen Fragebogens: https://osher.ucsf.edu/sites/osher.ucsf.edu/files/inline-files/MAIA-2_German.pdf. Zitation: Mehling WE et al. (2018), PLoS ONE 13(12): e0208034, https://doi.org/10.1371/journal.pone.0208034. Übersetzung von MAIA-2 in Kooperation mit Wolf E. Mehling (basierend auf der dt. Erstversion von Boris Bornemann, Max-Planck-Institut, Leipzig, Dezember 2012): Michael Eggart. Referenzierte Spezifikation AffectTracker2D - Specifications.docx, SHA-256 7402c80c6da71d4a11543676acdf0a7640cdb842d55afc10dde6ad3d4978fdbe.",f22,Ich kann meine Aufmerksamkeit bewusst auf meinen Körper als Ganzes richten.,true,Aufmerksamkeitsregulation,o3,3,3
questionnaire-csv-v1,maia-2-de,2 (2018),"Multidimensional Assessment of Interoceptive Awareness, Version 2 (MAIA-2)",de,"Unten finden Sie eine Liste von Aussagen. Geben Sie bitte für jede der folgenden Aussagen an, wie oft sie generell im täglichen Leben auf Sie zutrifft. Kreisen Sie in jeder Reihe eine Zahl ein.","MAIA-2 © 2018 University of California, San Francisco. Nutzung gemäß den Bedingungen auf Seite 2 des offiziellen deutschen Fragebogens: https://osher.ucsf.edu/sites/osher.ucsf.edu/files/inline-files/MAIA-2_German.pdf. Zitation: Mehling WE et al. (2018), PLoS ONE 13(12): e0208034, https://doi.org/10.1371/journal.pone.0208034. Übersetzung von MAIA-2 in Kooperation mit Wolf E. Mehling (basierend auf der dt. Erstversion von Boris Bornemann, Max-Planck-Institut, Leipzig, Dezember 2012): Michael Eggart. Referenzierte Spezifikation AffectTracker2D - Specifications.docx, SHA-256 7402c80c6da71d4a11543676acdf0a7640cdb842d55afc10dde6ad3d4978fdbe.",f22,Ich kann meine Aufmerksamkeit bewusst auf meinen Körper als Ganzes richten.,true,Aufmerksamkeitsregulation,o4,4,4
questionnaire-csv-v1,maia-2-de,2 (2018),"Multidimensional Assessment of Interoceptive Awareness, Version 2 (MAIA-2)",de,"Unten finden Sie eine Liste von Aussagen. Geben Sie bitte für jede der folgenden Aussagen an, wie oft sie generell im täglichen Leben auf Sie zutrifft. Kreisen Sie in jeder Reihe eine Zahl ein.","MAIA-2 © 2018 University of California, San Francisco. Nutzung gemäß den Bedingungen auf Seite 2 des offiziellen deutschen Fragebogens: https://osher.ucsf.edu/sites/osher.ucsf.edu/files/inline-files/MAIA-2_German.pdf. Zitation: Mehling WE et al. (2018), PLoS ONE 13(12): e0208034, https://doi.org/10.1371/journal.pone.0208034. Übersetzung von MAIA-2 in Kooperation mit Wolf E. Mehling (basierend auf der dt. Erstversion von Boris Bornemann, Max-Planck-Institut, Leipzig, Dezember 2012): Michael Eggart. Referenzierte Spezifikation AffectTracker2D - Specifications.docx, SHA-256 7402c80c6da71d4a11543676acdf0a7640cdb842d55afc10dde6ad3d4978fdbe.",f22,Ich kann meine Aufmerksamkeit bewusst auf meinen Körper als Ganzes richten.,true,Aufmerksamkeitsregulation,o5,Immer,5
questionnaire-csv-v1,maia-2-de,2 (2018),"Multidimensional Assessment of Interoceptive Awareness, Version 2 (MAIA-2)",de,"Unten finden Sie eine Liste von Aussagen. Geben Sie bitte für jede der folgenden Aussagen an, wie oft sie generell im täglichen Leben auf Sie zutrifft. Kreisen Sie in jeder Reihe eine Zahl ein.","MAIA-2 © 2018 University of California, San Francisco. Nutzung gemäß den Bedingungen auf Seite 2 des offiziellen deutschen Fragebogens: https://osher.ucsf.edu/sites/osher.ucsf.edu/files/inline-files/MAIA-2_German.pdf. Zitation: Mehling WE et al. (2018), PLoS ONE 13(12): e0208034, https://doi.org/10.1371/journal.pone.0208034. Übersetzung von MAIA-2 in Kooperation mit Wolf E. Mehling (basierend auf der dt. Erstversion von Boris Bornemann, Max-Planck-Institut, Leipzig, Dezember 2012): Michael Eggart. Referenzierte Spezifikation AffectTracker2D - Specifications.docx, SHA-256 7402c80c6da71d4a11543676acdf0a7640cdb842d55afc10dde6ad3d4978fdbe.",f23,"Ich bemerke, wie mein Körper sich verändert, wenn ich wütend bin.",true,Emotionales Gewahrsein,o0,Nie,0
questionnaire-csv-v1,maia-2-de,2 (2018),"Multidimensional Assessment of Interoceptive Awareness, Version 2 (MAIA-2)",de,"Unten finden Sie eine Liste von Aussagen. Geben Sie bitte für jede der folgenden Aussagen an, wie oft sie generell im täglichen Leben auf Sie zutrifft. Kreisen Sie in jeder Reihe eine Zahl ein.","MAIA-2 © 2018 University of California, San Francisco. Nutzung gemäß den Bedingungen auf Seite 2 des offiziellen deutschen Fragebogens: https://osher.ucsf.edu/sites/osher.ucsf.edu/files/inline-files/MAIA-2_German.pdf. Zitation: Mehling WE et al. (2018), PLoS ONE 13(12): e0208034, https://doi.org/10.1371/journal.pone.0208034. Übersetzung von MAIA-2 in Kooperation mit Wolf E. Mehling (basierend auf der dt. Erstversion von Boris Bornemann, Max-Planck-Institut, Leipzig, Dezember 2012): Michael Eggart. Referenzierte Spezifikation AffectTracker2D - Specifications.docx, SHA-256 7402c80c6da71d4a11543676acdf0a7640cdb842d55afc10dde6ad3d4978fdbe.",f23,"Ich bemerke, wie mein Körper sich verändert, wenn ich wütend bin.",true,Emotionales Gewahrsein,o1,1,1
questionnaire-csv-v1,maia-2-de,2 (2018),"Multidimensional Assessment of Interoceptive Awareness, Version 2 (MAIA-2)",de,"Unten finden Sie eine Liste von Aussagen. Geben Sie bitte für jede der folgenden Aussagen an, wie oft sie generell im täglichen Leben auf Sie zutrifft. Kreisen Sie in jeder Reihe eine Zahl ein.","MAIA-2 © 2018 University of California, San Francisco. Nutzung gemäß den Bedingungen auf Seite 2 des offiziellen deutschen Fragebogens: https://osher.ucsf.edu/sites/osher.ucsf.edu/files/inline-files/MAIA-2_German.pdf. Zitation: Mehling WE et al. (2018), PLoS ONE 13(12): e0208034, https://doi.org/10.1371/journal.pone.0208034. Übersetzung von MAIA-2 in Kooperation mit Wolf E. Mehling (basierend auf der dt. Erstversion von Boris Bornemann, Max-Planck-Institut, Leipzig, Dezember 2012): Michael Eggart. Referenzierte Spezifikation AffectTracker2D - Specifications.docx, SHA-256 7402c80c6da71d4a11543676acdf0a7640cdb842d55afc10dde6ad3d4978fdbe.",f23,"Ich bemerke, wie mein Körper sich verändert, wenn ich wütend bin.",true,Emotionales Gewahrsein,o2,2,2
questionnaire-csv-v1,maia-2-de,2 (2018),"Multidimensional Assessment of Interoceptive Awareness, Version 2 (MAIA-2)",de,"Unten finden Sie eine Liste von Aussagen. Geben Sie bitte für jede der folgenden Aussagen an, wie oft sie generell im täglichen Leben auf Sie zutrifft. Kreisen Sie in jeder Reihe eine Zahl ein.","MAIA-2 © 2018 University of California, San Francisco. Nutzung gemäß den Bedingungen auf Seite 2 des offiziellen deutschen Fragebogens: https://osher.ucsf.edu/sites/osher.ucsf.edu/files/inline-files/MAIA-2_German.pdf. Zitation: Mehling WE et al. (2018), PLoS ONE 13(12): e0208034, https://doi.org/10.1371/journal.pone.0208034. Übersetzung von MAIA-2 in Kooperation mit Wolf E. Mehling (basierend auf der dt. Erstversion von Boris Bornemann, Max-Planck-Institut, Leipzig, Dezember 2012): Michael Eggart. Referenzierte Spezifikation AffectTracker2D - Specifications.docx, SHA-256 7402c80c6da71d4a11543676acdf0a7640cdb842d55afc10dde6ad3d4978fdbe.",f23,"Ich bemerke, wie mein Körper sich verändert, wenn ich wütend bin.",true,Emotionales Gewahrsein,o3,3,3
questionnaire-csv-v1,maia-2-de,2 (2018),"Multidimensional Assessment of Interoceptive Awareness, Version 2 (MAIA-2)",de,"Unten finden Sie eine Liste von Aussagen. Geben Sie bitte für jede der folgenden Aussagen an, wie oft sie generell im täglichen Leben auf Sie zutrifft. Kreisen Sie in jeder Reihe eine Zahl ein.","MAIA-2 © 2018 University of California, San Francisco. Nutzung gemäß den Bedingungen auf Seite 2 des offiziellen deutschen Fragebogens: https://osher.ucsf.edu/sites/osher.ucsf.edu/files/inline-files/MAIA-2_German.pdf. Zitation: Mehling WE et al. (2018), PLoS ONE 13(12): e0208034, https://doi.org/10.1371/journal.pone.0208034. Übersetzung von MAIA-2 in Kooperation mit Wolf E. Mehling (basierend auf der dt. Erstversion von Boris Bornemann, Max-Planck-Institut, Leipzig, Dezember 2012): Michael Eggart. Referenzierte Spezifikation AffectTracker2D - Specifications.docx, SHA-256 7402c80c6da71d4a11543676acdf0a7640cdb842d55afc10dde6ad3d4978fdbe.",f23,"Ich bemerke, wie mein Körper sich verändert, wenn ich wütend bin.",true,Emotionales Gewahrsein,o4,4,4
questionnaire-csv-v1,maia-2-de,2 (2018),"Multidimensional Assessment of Interoceptive Awareness, Version 2 (MAIA-2)",de,"Unten finden Sie eine Liste von Aussagen. Geben Sie bitte für jede der folgenden Aussagen an, wie oft sie generell im täglichen Leben auf Sie zutrifft. Kreisen Sie in jeder Reihe eine Zahl ein.","MAIA-2 © 2018 University of California, San Francisco. Nutzung gemäß den Bedingungen auf Seite 2 des offiziellen deutschen Fragebogens: https://osher.ucsf.edu/sites/osher.ucsf.edu/files/inline-files/MAIA-2_German.pdf. Zitation: Mehling WE et al. (2018), PLoS ONE 13(12): e0208034, https://doi.org/10.1371/journal.pone.0208034. Übersetzung von MAIA-2 in Kooperation mit Wolf E. Mehling (basierend auf der dt. Erstversion von Boris Bornemann, Max-Planck-Institut, Leipzig, Dezember 2012): Michael Eggart. Referenzierte Spezifikation AffectTracker2D - Specifications.docx, SHA-256 7402c80c6da71d4a11543676acdf0a7640cdb842d55afc10dde6ad3d4978fdbe.",f23,"Ich bemerke, wie mein Körper sich verändert, wenn ich wütend bin.",true,Emotionales Gewahrsein,o5,Immer,5
questionnaire-csv-v1,maia-2-de,2 (2018),"Multidimensional Assessment of Interoceptive Awareness, Version 2 (MAIA-2)",de,"Unten finden Sie eine Liste von Aussagen. Geben Sie bitte für jede der folgenden Aussagen an, wie oft sie generell im täglichen Leben auf Sie zutrifft. Kreisen Sie in jeder Reihe eine Zahl ein.","MAIA-2 © 2018 University of California, San Francisco. Nutzung gemäß den Bedingungen auf Seite 2 des offiziellen deutschen Fragebogens: https://osher.ucsf.edu/sites/osher.ucsf.edu/files/inline-files/MAIA-2_German.pdf. Zitation: Mehling WE et al. (2018), PLoS ONE 13(12): e0208034, https://doi.org/10.1371/journal.pone.0208034. Übersetzung von MAIA-2 in Kooperation mit Wolf E. Mehling (basierend auf der dt. Erstversion von Boris Bornemann, Max-Planck-Institut, Leipzig, Dezember 2012): Michael Eggart. Referenzierte Spezifikation AffectTracker2D - Specifications.docx, SHA-256 7402c80c6da71d4a11543676acdf0a7640cdb842d55afc10dde6ad3d4978fdbe.",f24,"Wenn etwas in meinem Leben nicht stimmt, kann ich das in meinem Körper spüren.",true,Emotionales Gewahrsein,o0,Nie,0
questionnaire-csv-v1,maia-2-de,2 (2018),"Multidimensional Assessment of Interoceptive Awareness, Version 2 (MAIA-2)",de,"Unten finden Sie eine Liste von Aussagen. Geben Sie bitte für jede der folgenden Aussagen an, wie oft sie generell im täglichen Leben auf Sie zutrifft. Kreisen Sie in jeder Reihe eine Zahl ein.","MAIA-2 © 2018 University of California, San Francisco. Nutzung gemäß den Bedingungen auf Seite 2 des offiziellen deutschen Fragebogens: https://osher.ucsf.edu/sites/osher.ucsf.edu/files/inline-files/MAIA-2_German.pdf. Zitation: Mehling WE et al. (2018), PLoS ONE 13(12): e0208034, https://doi.org/10.1371/journal.pone.0208034. Übersetzung von MAIA-2 in Kooperation mit Wolf E. Mehling (basierend auf der dt. Erstversion von Boris Bornemann, Max-Planck-Institut, Leipzig, Dezember 2012): Michael Eggart. Referenzierte Spezifikation AffectTracker2D - Specifications.docx, SHA-256 7402c80c6da71d4a11543676acdf0a7640cdb842d55afc10dde6ad3d4978fdbe.",f24,"Wenn etwas in meinem Leben nicht stimmt, kann ich das in meinem Körper spüren.",true,Emotionales Gewahrsein,o1,1,1
questionnaire-csv-v1,maia-2-de,2 (2018),"Multidimensional Assessment of Interoceptive Awareness, Version 2 (MAIA-2)",de,"Unten finden Sie eine Liste von Aussagen. Geben Sie bitte für jede der folgenden Aussagen an, wie oft sie generell im täglichen Leben auf Sie zutrifft. Kreisen Sie in jeder Reihe eine Zahl ein.","MAIA-2 © 2018 University of California, San Francisco. Nutzung gemäß den Bedingungen auf Seite 2 des offiziellen deutschen Fragebogens: https://osher.ucsf.edu/sites/osher.ucsf.edu/files/inline-files/MAIA-2_German.pdf. Zitation: Mehling WE et al. (2018), PLoS ONE 13(12): e0208034, https://doi.org/10.1371/journal.pone.0208034. Übersetzung von MAIA-2 in Kooperation mit Wolf E. Mehling (basierend auf der dt. Erstversion von Boris Bornemann, Max-Planck-Institut, Leipzig, Dezember 2012): Michael Eggart. Referenzierte Spezifikation AffectTracker2D - Specifications.docx, SHA-256 7402c80c6da71d4a11543676acdf0a7640cdb842d55afc10dde6ad3d4978fdbe.",f24,"Wenn etwas in meinem Leben nicht stimmt, kann ich das in meinem Körper spüren.",true,Emotionales Gewahrsein,o2,2,2
questionnaire-csv-v1,maia-2-de,2 (2018),"Multidimensional Assessment of Interoceptive Awareness, Version 2 (MAIA-2)",de,"Unten finden Sie eine Liste von Aussagen. Geben Sie bitte für jede der folgenden Aussagen an, wie oft sie generell im täglichen Leben auf Sie zutrifft. Kreisen Sie in jeder Reihe eine Zahl ein.","MAIA-2 © 2018 University of California, San Francisco. Nutzung gemäß den Bedingungen auf Seite 2 des offiziellen deutschen Fragebogens: https://osher.ucsf.edu/sites/osher.ucsf.edu/files/inline-files/MAIA-2_German.pdf. Zitation: Mehling WE et al. (2018), PLoS ONE 13(12): e0208034, https://doi.org/10.1371/journal.pone.0208034. Übersetzung von MAIA-2 in Kooperation mit Wolf E. Mehling (basierend auf der dt. Erstversion von Boris Bornemann, Max-Planck-Institut, Leipzig, Dezember 2012): Michael Eggart. Referenzierte Spezifikation AffectTracker2D - Specifications.docx, SHA-256 7402c80c6da71d4a11543676acdf0a7640cdb842d55afc10dde6ad3d4978fdbe.",f24,"Wenn etwas in meinem Leben nicht stimmt, kann ich das in meinem Körper spüren.",true,Emotionales Gewahrsein,o3,3,3
questionnaire-csv-v1,maia-2-de,2 (2018),"Multidimensional Assessment of Interoceptive Awareness, Version 2 (MAIA-2)",de,"Unten finden Sie eine Liste von Aussagen. Geben Sie bitte für jede der folgenden Aussagen an, wie oft sie generell im täglichen Leben auf Sie zutrifft. Kreisen Sie in jeder Reihe eine Zahl ein.","MAIA-2 © 2018 University of California, San Francisco. Nutzung gemäß den Bedingungen auf Seite 2 des offiziellen deutschen Fragebogens: https://osher.ucsf.edu/sites/osher.ucsf.edu/files/inline-files/MAIA-2_German.pdf. Zitation: Mehling WE et al. (2018), PLoS ONE 13(12): e0208034, https://doi.org/10.1371/journal.pone.0208034. Übersetzung von MAIA-2 in Kooperation mit Wolf E. Mehling (basierend auf der dt. Erstversion von Boris Bornemann, Max-Planck-Institut, Leipzig, Dezember 2012): Michael Eggart. Referenzierte Spezifikation AffectTracker2D - Specifications.docx, SHA-256 7402c80c6da71d4a11543676acdf0a7640cdb842d55afc10dde6ad3d4978fdbe.",f24,"Wenn etwas in meinem Leben nicht stimmt, kann ich das in meinem Körper spüren.",true,Emotionales Gewahrsein,o4,4,4
questionnaire-csv-v1,maia-2-de,2 (2018),"Multidimensional Assessment of Interoceptive Awareness, Version 2 (MAIA-2)",de,"Unten finden Sie eine Liste von Aussagen. Geben Sie bitte für jede der folgenden Aussagen an, wie oft sie generell im täglichen Leben auf Sie zutrifft. Kreisen Sie in jeder Reihe eine Zahl ein.","MAIA-2 © 2018 University of California, San Francisco. Nutzung gemäß den Bedingungen auf Seite 2 des offiziellen deutschen Fragebogens: https://osher.ucsf.edu/sites/osher.ucsf.edu/files/inline-files/MAIA-2_German.pdf. Zitation: Mehling WE et al. (2018), PLoS ONE 13(12): e0208034, https://doi.org/10.1371/journal.pone.0208034. Übersetzung von MAIA-2 in Kooperation mit Wolf E. Mehling (basierend auf der dt. Erstversion von Boris Bornemann, Max-Planck-Institut, Leipzig, Dezember 2012): Michael Eggart. Referenzierte Spezifikation AffectTracker2D - Specifications.docx, SHA-256 7402c80c6da71d4a11543676acdf0a7640cdb842d55afc10dde6ad3d4978fdbe.",f24,"Wenn etwas in meinem Leben nicht stimmt, kann ich das in meinem Körper spüren.",true,Emotionales Gewahrsein,o5,Immer,5
questionnaire-csv-v1,maia-2-de,2 (2018),"Multidimensional Assessment of Interoceptive Awareness, Version 2 (MAIA-2)",de,"Unten finden Sie eine Liste von Aussagen. Geben Sie bitte für jede der folgenden Aussagen an, wie oft sie generell im täglichen Leben auf Sie zutrifft. Kreisen Sie in jeder Reihe eine Zahl ein.","MAIA-2 © 2018 University of California, San Francisco. Nutzung gemäß den Bedingungen auf Seite 2 des offiziellen deutschen Fragebogens: https://osher.ucsf.edu/sites/osher.ucsf.edu/files/inline-files/MAIA-2_German.pdf. Zitation: Mehling WE et al. (2018), PLoS ONE 13(12): e0208034, https://doi.org/10.1371/journal.pone.0208034. Übersetzung von MAIA-2 in Kooperation mit Wolf E. Mehling (basierend auf der dt. Erstversion von Boris Bornemann, Max-Planck-Institut, Leipzig, Dezember 2012): Michael Eggart. Referenzierte Spezifikation AffectTracker2D - Specifications.docx, SHA-256 7402c80c6da71d4a11543676acdf0a7640cdb842d55afc10dde6ad3d4978fdbe.",f25,"Ich merke, dass mein Körper sich anders anfühlt, wenn ich etwas Friedliches und Entspannendes erlebe.",true,Emotionales Gewahrsein,o0,Nie,0
questionnaire-csv-v1,maia-2-de,2 (2018),"Multidimensional Assessment of Interoceptive Awareness, Version 2 (MAIA-2)",de,"Unten finden Sie eine Liste von Aussagen. Geben Sie bitte für jede der folgenden Aussagen an, wie oft sie generell im täglichen Leben auf Sie zutrifft. Kreisen Sie in jeder Reihe eine Zahl ein.","MAIA-2 © 2018 University of California, San Francisco. Nutzung gemäß den Bedingungen auf Seite 2 des offiziellen deutschen Fragebogens: https://osher.ucsf.edu/sites/osher.ucsf.edu/files/inline-files/MAIA-2_German.pdf. Zitation: Mehling WE et al. (2018), PLoS ONE 13(12): e0208034, https://doi.org/10.1371/journal.pone.0208034. Übersetzung von MAIA-2 in Kooperation mit Wolf E. Mehling (basierend auf der dt. Erstversion von Boris Bornemann, Max-Planck-Institut, Leipzig, Dezember 2012): Michael Eggart. Referenzierte Spezifikation AffectTracker2D - Specifications.docx, SHA-256 7402c80c6da71d4a11543676acdf0a7640cdb842d55afc10dde6ad3d4978fdbe.",f25,"Ich merke, dass mein Körper sich anders anfühlt, wenn ich etwas Friedliches und Entspannendes erlebe.",true,Emotionales Gewahrsein,o1,1,1
questionnaire-csv-v1,maia-2-de,2 (2018),"Multidimensional Assessment of Interoceptive Awareness, Version 2 (MAIA-2)",de,"Unten finden Sie eine Liste von Aussagen. Geben Sie bitte für jede der folgenden Aussagen an, wie oft sie generell im täglichen Leben auf Sie zutrifft. Kreisen Sie in jeder Reihe eine Zahl ein.","MAIA-2 © 2018 University of California, San Francisco. Nutzung gemäß den Bedingungen auf Seite 2 des offiziellen deutschen Fragebogens: https://osher.ucsf.edu/sites/osher.ucsf.edu/files/inline-files/MAIA-2_German.pdf. Zitation: Mehling WE et al. (2018), PLoS ONE 13(12): e0208034, https://doi.org/10.1371/journal.pone.0208034. Übersetzung von MAIA-2 in Kooperation mit Wolf E. Mehling (basierend auf der dt. Erstversion von Boris Bornemann, Max-Planck-Institut, Leipzig, Dezember 2012): Michael Eggart. Referenzierte Spezifikation AffectTracker2D - Specifications.docx, SHA-256 7402c80c6da71d4a11543676acdf0a7640cdb842d55afc10dde6ad3d4978fdbe.",f25,"Ich merke, dass mein Körper sich anders anfühlt, wenn ich etwas Friedliches und Entspannendes erlebe.",true,Emotionales Gewahrsein,o2,2,2
questionnaire-csv-v1,maia-2-de,2 (2018),"Multidimensional Assessment of Interoceptive Awareness, Version 2 (MAIA-2)",de,"Unten finden Sie eine Liste von Aussagen. Geben Sie bitte für jede der folgenden Aussagen an, wie oft sie generell im täglichen Leben auf Sie zutrifft. Kreisen Sie in jeder Reihe eine Zahl ein.","MAIA-2 © 2018 University of California, San Francisco. Nutzung gemäß den Bedingungen auf Seite 2 des offiziellen deutschen Fragebogens: https://osher.ucsf.edu/sites/osher.ucsf.edu/files/inline-files/MAIA-2_German.pdf. Zitation: Mehling WE et al. (2018), PLoS ONE 13(12): e0208034, https://doi.org/10.1371/journal.pone.0208034. Übersetzung von MAIA-2 in Kooperation mit Wolf E. Mehling (basierend auf der dt. Erstversion von Boris Bornemann, Max-Planck-Institut, Leipzig, Dezember 2012): Michael Eggart. Referenzierte Spezifikation AffectTracker2D - Specifications.docx, SHA-256 7402c80c6da71d4a11543676acdf0a7640cdb842d55afc10dde6ad3d4978fdbe.",f25,"Ich merke, dass mein Körper sich anders anfühlt, wenn ich etwas Friedliches und Entspannendes erlebe.",true,Emotionales Gewahrsein,o3,3,3
questionnaire-csv-v1,maia-2-de,2 (2018),"Multidimensional Assessment of Interoceptive Awareness, Version 2 (MAIA-2)",de,"Unten finden Sie eine Liste von Aussagen. Geben Sie bitte für jede der folgenden Aussagen an, wie oft sie generell im täglichen Leben auf Sie zutrifft. Kreisen Sie in jeder Reihe eine Zahl ein.","MAIA-2 © 2018 University of California, San Francisco. Nutzung gemäß den Bedingungen auf Seite 2 des offiziellen deutschen Fragebogens: https://osher.ucsf.edu/sites/osher.ucsf.edu/files/inline-files/MAIA-2_German.pdf. Zitation: Mehling WE et al. (2018), PLoS ONE 13(12): e0208034, https://doi.org/10.1371/journal.pone.0208034. Übersetzung von MAIA-2 in Kooperation mit Wolf E. Mehling (basierend auf der dt. Erstversion von Boris Bornemann, Max-Planck-Institut, Leipzig, Dezember 2012): Michael Eggart. Referenzierte Spezifikation AffectTracker2D - Specifications.docx, SHA-256 7402c80c6da71d4a11543676acdf0a7640cdb842d55afc10dde6ad3d4978fdbe.",f25,"Ich merke, dass mein Körper sich anders anfühlt, wenn ich etwas Friedliches und Entspannendes erlebe.",true,Emotionales Gewahrsein,o4,4,4
questionnaire-csv-v1,maia-2-de,2 (2018),"Multidimensional Assessment of Interoceptive Awareness, Version 2 (MAIA-2)",de,"Unten finden Sie eine Liste von Aussagen. Geben Sie bitte für jede der folgenden Aussagen an, wie oft sie generell im täglichen Leben auf Sie zutrifft. Kreisen Sie in jeder Reihe eine Zahl ein.","MAIA-2 © 2018 University of California, San Francisco. Nutzung gemäß den Bedingungen auf Seite 2 des offiziellen deutschen Fragebogens: https://osher.ucsf.edu/sites/osher.ucsf.edu/files/inline-files/MAIA-2_German.pdf. Zitation: Mehling WE et al. (2018), PLoS ONE 13(12): e0208034, https://doi.org/10.1371/journal.pone.0208034. Übersetzung von MAIA-2 in Kooperation mit Wolf E. Mehling (basierend auf der dt. Erstversion von Boris Bornemann, Max-Planck-Institut, Leipzig, Dezember 2012): Michael Eggart. Referenzierte Spezifikation AffectTracker2D - Specifications.docx, SHA-256 7402c80c6da71d4a11543676acdf0a7640cdb842d55afc10dde6ad3d4978fdbe.",f25,"Ich merke, dass mein Körper sich anders anfühlt, wenn ich etwas Friedliches und Entspannendes erlebe.",true,Emotionales Gewahrsein,o5,Immer,5
questionnaire-csv-v1,maia-2-de,2 (2018),"Multidimensional Assessment of Interoceptive Awareness, Version 2 (MAIA-2)",de,"Unten finden Sie eine Liste von Aussagen. Geben Sie bitte für jede der folgenden Aussagen an, wie oft sie generell im täglichen Leben auf Sie zutrifft. Kreisen Sie in jeder Reihe eine Zahl ein.","MAIA-2 © 2018 University of California, San Francisco. Nutzung gemäß den Bedingungen auf Seite 2 des offiziellen deutschen Fragebogens: https://osher.ucsf.edu/sites/osher.ucsf.edu/files/inline-files/MAIA-2_German.pdf. Zitation: Mehling WE et al. (2018), PLoS ONE 13(12): e0208034, https://doi.org/10.1371/journal.pone.0208034. Übersetzung von MAIA-2 in Kooperation mit Wolf E. Mehling (basierend auf der dt. Erstversion von Boris Bornemann, Max-Planck-Institut, Leipzig, Dezember 2012): Michael Eggart. Referenzierte Spezifikation AffectTracker2D - Specifications.docx, SHA-256 7402c80c6da71d4a11543676acdf0a7640cdb842d55afc10dde6ad3d4978fdbe.",f26,"Ich merke, dass meine Atmung freier und leichter wird, wenn ich mich wohlfühle.",true,Emotionales Gewahrsein,o0,Nie,0
questionnaire-csv-v1,maia-2-de,2 (2018),"Multidimensional Assessment of Interoceptive Awareness, Version 2 (MAIA-2)",de,"Unten finden Sie eine Liste von Aussagen. Geben Sie bitte für jede der folgenden Aussagen an, wie oft sie generell im täglichen Leben auf Sie zutrifft. Kreisen Sie in jeder Reihe eine Zahl ein.","MAIA-2 © 2018 University of California, San Francisco. Nutzung gemäß den Bedingungen auf Seite 2 des offiziellen deutschen Fragebogens: https://osher.ucsf.edu/sites/osher.ucsf.edu/files/inline-files/MAIA-2_German.pdf. Zitation: Mehling WE et al. (2018), PLoS ONE 13(12): e0208034, https://doi.org/10.1371/journal.pone.0208034. Übersetzung von MAIA-2 in Kooperation mit Wolf E. Mehling (basierend auf der dt. Erstversion von Boris Bornemann, Max-Planck-Institut, Leipzig, Dezember 2012): Michael Eggart. Referenzierte Spezifikation AffectTracker2D - Specifications.docx, SHA-256 7402c80c6da71d4a11543676acdf0a7640cdb842d55afc10dde6ad3d4978fdbe.",f26,"Ich merke, dass meine Atmung freier und leichter wird, wenn ich mich wohlfühle.",true,Emotionales Gewahrsein,o1,1,1
questionnaire-csv-v1,maia-2-de,2 (2018),"Multidimensional Assessment of Interoceptive Awareness, Version 2 (MAIA-2)",de,"Unten finden Sie eine Liste von Aussagen. Geben Sie bitte für jede der folgenden Aussagen an, wie oft sie generell im täglichen Leben auf Sie zutrifft. Kreisen Sie in jeder Reihe eine Zahl ein.","MAIA-2 © 2018 University of California, San Francisco. Nutzung gemäß den Bedingungen auf Seite 2 des offiziellen deutschen Fragebogens: https://osher.ucsf.edu/sites/osher.ucsf.edu/files/inline-files/MAIA-2_German.pdf. Zitation: Mehling WE et al. (2018), PLoS ONE 13(12): e0208034, https://doi.org/10.1371/journal.pone.0208034. Übersetzung von MAIA-2 in Kooperation mit Wolf E. Mehling (basierend auf der dt. Erstversion von Boris Bornemann, Max-Planck-Institut, Leipzig, Dezember 2012): Michael Eggart. Referenzierte Spezifikation AffectTracker2D - Specifications.docx, SHA-256 7402c80c6da71d4a11543676acdf0a7640cdb842d55afc10dde6ad3d4978fdbe.",f26,"Ich merke, dass meine Atmung freier und leichter wird, wenn ich mich wohlfühle.",true,Emotionales Gewahrsein,o2,2,2
questionnaire-csv-v1,maia-2-de,2 (2018),"Multidimensional Assessment of Interoceptive Awareness, Version 2 (MAIA-2)",de,"Unten finden Sie eine Liste von Aussagen. Geben Sie bitte für jede der folgenden Aussagen an, wie oft sie generell im täglichen Leben auf Sie zutrifft. Kreisen Sie in jeder Reihe eine Zahl ein.","MAIA-2 © 2018 University of California, San Francisco. Nutzung gemäß den Bedingungen auf Seite 2 des offiziellen deutschen Fragebogens: https://osher.ucsf.edu/sites/osher.ucsf.edu/files/inline-files/MAIA-2_German.pdf. Zitation: Mehling WE et al. (2018), PLoS ONE 13(12): e0208034, https://doi.org/10.1371/journal.pone.0208034. Übersetzung von MAIA-2 in Kooperation mit Wolf E. Mehling (basierend auf der dt. Erstversion von Boris Bornemann, Max-Planck-Institut, Leipzig, Dezember 2012): Michael Eggart. Referenzierte Spezifikation AffectTracker2D - Specifications.docx, SHA-256 7402c80c6da71d4a11543676acdf0a7640cdb842d55afc10dde6ad3d4978fdbe.",f26,"Ich merke, dass meine Atmung freier und leichter wird, wenn ich mich wohlfühle.",true,Emotionales Gewahrsein,o3,3,3
questionnaire-csv-v1,maia-2-de,2 (2018),"Multidimensional Assessment of Interoceptive Awareness, Version 2 (MAIA-2)",de,"Unten finden Sie eine Liste von Aussagen. Geben Sie bitte für jede der folgenden Aussagen an, wie oft sie generell im täglichen Leben auf Sie zutrifft. Kreisen Sie in jeder Reihe eine Zahl ein.","MAIA-2 © 2018 University of California, San Francisco. Nutzung gemäß den Bedingungen auf Seite 2 des offiziellen deutschen Fragebogens: https://osher.ucsf.edu/sites/osher.ucsf.edu/files/inline-files/MAIA-2_German.pdf. Zitation: Mehling WE et al. (2018), PLoS ONE 13(12): e0208034, https://doi.org/10.1371/journal.pone.0208034. Übersetzung von MAIA-2 in Kooperation mit Wolf E. Mehling (basierend auf der dt. Erstversion von Boris Bornemann, Max-Planck-Institut, Leipzig, Dezember 2012): Michael Eggart. Referenzierte Spezifikation AffectTracker2D - Specifications.docx, SHA-256 7402c80c6da71d4a11543676acdf0a7640cdb842d55afc10dde6ad3d4978fdbe.",f26,"Ich merke, dass meine Atmung freier und leichter wird, wenn ich mich wohlfühle.",true,Emotionales Gewahrsein,o4,4,4
questionnaire-csv-v1,maia-2-de,2 (2018),"Multidimensional Assessment of Interoceptive Awareness, Version 2 (MAIA-2)",de,"Unten finden Sie eine Liste von Aussagen. Geben Sie bitte für jede der folgenden Aussagen an, wie oft sie generell im täglichen Leben auf Sie zutrifft. Kreisen Sie in jeder Reihe eine Zahl ein.","MAIA-2 © 2018 University of California, San Francisco. Nutzung gemäß den Bedingungen auf Seite 2 des offiziellen deutschen Fragebogens: https://osher.ucsf.edu/sites/osher.ucsf.edu/files/inline-files/MAIA-2_German.pdf. Zitation: Mehling WE et al. (2018), PLoS ONE 13(12): e0208034, https://doi.org/10.1371/journal.pone.0208034. Übersetzung von MAIA-2 in Kooperation mit Wolf E. Mehling (basierend auf der dt. Erstversion von Boris Bornemann, Max-Planck-Institut, Leipzig, Dezember 2012): Michael Eggart. Referenzierte Spezifikation AffectTracker2D - Specifications.docx, SHA-256 7402c80c6da71d4a11543676acdf0a7640cdb842d55afc10dde6ad3d4978fdbe.",f26,"Ich merke, dass meine Atmung freier und leichter wird, wenn ich mich wohlfühle.",true,Emotionales Gewahrsein,o5,Immer,5
questionnaire-csv-v1,maia-2-de,2 (2018),"Multidimensional Assessment of Interoceptive Awareness, Version 2 (MAIA-2)",de,"Unten finden Sie eine Liste von Aussagen. Geben Sie bitte für jede der folgenden Aussagen an, wie oft sie generell im täglichen Leben auf Sie zutrifft. Kreisen Sie in jeder Reihe eine Zahl ein.","MAIA-2 © 2018 University of California, San Francisco. Nutzung gemäß den Bedingungen auf Seite 2 des offiziellen deutschen Fragebogens: https://osher.ucsf.edu/sites/osher.ucsf.edu/files/inline-files/MAIA-2_German.pdf. Zitation: Mehling WE et al. (2018), PLoS ONE 13(12): e0208034, https://doi.org/10.1371/journal.pone.0208034. Übersetzung von MAIA-2 in Kooperation mit Wolf E. Mehling (basierend auf der dt. Erstversion von Boris Bornemann, Max-Planck-Institut, Leipzig, Dezember 2012): Michael Eggart. Referenzierte Spezifikation AffectTracker2D - Specifications.docx, SHA-256 7402c80c6da71d4a11543676acdf0a7640cdb842d55afc10dde6ad3d4978fdbe.",f27,"Ich merke, wie mein Körper sich verändert, wenn ich glücklich oder fröhlich bin.",true,Emotionales Gewahrsein,o0,Nie,0
questionnaire-csv-v1,maia-2-de,2 (2018),"Multidimensional Assessment of Interoceptive Awareness, Version 2 (MAIA-2)",de,"Unten finden Sie eine Liste von Aussagen. Geben Sie bitte für jede der folgenden Aussagen an, wie oft sie generell im täglichen Leben auf Sie zutrifft. Kreisen Sie in jeder Reihe eine Zahl ein.","MAIA-2 © 2018 University of California, San Francisco. Nutzung gemäß den Bedingungen auf Seite 2 des offiziellen deutschen Fragebogens: https://osher.ucsf.edu/sites/osher.ucsf.edu/files/inline-files/MAIA-2_German.pdf. Zitation: Mehling WE et al. (2018), PLoS ONE 13(12): e0208034, https://doi.org/10.1371/journal.pone.0208034. Übersetzung von MAIA-2 in Kooperation mit Wolf E. Mehling (basierend auf der dt. Erstversion von Boris Bornemann, Max-Planck-Institut, Leipzig, Dezember 2012): Michael Eggart. Referenzierte Spezifikation AffectTracker2D - Specifications.docx, SHA-256 7402c80c6da71d4a11543676acdf0a7640cdb842d55afc10dde6ad3d4978fdbe.",f27,"Ich merke, wie mein Körper sich verändert, wenn ich glücklich oder fröhlich bin.",true,Emotionales Gewahrsein,o1,1,1
questionnaire-csv-v1,maia-2-de,2 (2018),"Multidimensional Assessment of Interoceptive Awareness, Version 2 (MAIA-2)",de,"Unten finden Sie eine Liste von Aussagen. Geben Sie bitte für jede der folgenden Aussagen an, wie oft sie generell im täglichen Leben auf Sie zutrifft. Kreisen Sie in jeder Reihe eine Zahl ein.","MAIA-2 © 2018 University of California, San Francisco. Nutzung gemäß den Bedingungen auf Seite 2 des offiziellen deutschen Fragebogens: https://osher.ucsf.edu/sites/osher.ucsf.edu/files/inline-files/MAIA-2_German.pdf. Zitation: Mehling WE et al. (2018), PLoS ONE 13(12): e0208034, https://doi.org/10.1371/journal.pone.0208034. Übersetzung von MAIA-2 in Kooperation mit Wolf E. Mehling (basierend auf der dt. Erstversion von Boris Bornemann, Max-Planck-Institut, Leipzig, Dezember 2012): Michael Eggart. Referenzierte Spezifikation AffectTracker2D - Specifications.docx, SHA-256 7402c80c6da71d4a11543676acdf0a7640cdb842d55afc10dde6ad3d4978fdbe.",f27,"Ich merke, wie mein Körper sich verändert, wenn ich glücklich oder fröhlich bin.",true,Emotionales Gewahrsein,o2,2,2
questionnaire-csv-v1,maia-2-de,2 (2018),"Multidimensional Assessment of Interoceptive Awareness, Version 2 (MAIA-2)",de,"Unten finden Sie eine Liste von Aussagen. Geben Sie bitte für jede der folgenden Aussagen an, wie oft sie generell im täglichen Leben auf Sie zutrifft. Kreisen Sie in jeder Reihe eine Zahl ein.","MAIA-2 © 2018 University of California, San Francisco. Nutzung gemäß den Bedingungen auf Seite 2 des offiziellen deutschen Fragebogens: https://osher.ucsf.edu/sites/osher.ucsf.edu/files/inline-files/MAIA-2_German.pdf. Zitation: Mehling WE et al. (2018), PLoS ONE 13(12): e0208034, https://doi.org/10.1371/journal.pone.0208034. Übersetzung von MAIA-2 in Kooperation mit Wolf E. Mehling (basierend auf der dt. Erstversion von Boris Bornemann, Max-Planck-Institut, Leipzig, Dezember 2012): Michael Eggart. Referenzierte Spezifikation AffectTracker2D - Specifications.docx, SHA-256 7402c80c6da71d4a11543676acdf0a7640cdb842d55afc10dde6ad3d4978fdbe.",f27,"Ich merke, wie mein Körper sich verändert, wenn ich glücklich oder fröhlich bin.",true,Emotionales Gewahrsein,o3,3,3
questionnaire-csv-v1,maia-2-de,2 (2018),"Multidimensional Assessment of Interoceptive Awareness, Version 2 (MAIA-2)",de,"Unten finden Sie eine Liste von Aussagen. Geben Sie bitte für jede der folgenden Aussagen an, wie oft sie generell im täglichen Leben auf Sie zutrifft. Kreisen Sie in jeder Reihe eine Zahl ein.","MAIA-2 © 2018 University of California, San Francisco. Nutzung gemäß den Bedingungen auf Seite 2 des offiziellen deutschen Fragebogens: https://osher.ucsf.edu/sites/osher.ucsf.edu/files/inline-files/MAIA-2_German.pdf. Zitation: Mehling WE et al. (2018), PLoS ONE 13(12): e0208034, https://doi.org/10.1371/journal.pone.0208034. Übersetzung von MAIA-2 in Kooperation mit Wolf E. Mehling (basierend auf der dt. Erstversion von Boris Bornemann, Max-Planck-Institut, Leipzig, Dezember 2012): Michael Eggart. Referenzierte Spezifikation AffectTracker2D - Specifications.docx, SHA-256 7402c80c6da71d4a11543676acdf0a7640cdb842d55afc10dde6ad3d4978fdbe.",f27,"Ich merke, wie mein Körper sich verändert, wenn ich glücklich oder fröhlich bin.",true,Emotionales Gewahrsein,o4,4,4
questionnaire-csv-v1,maia-2-de,2 (2018),"Multidimensional Assessment of Interoceptive Awareness, Version 2 (MAIA-2)",de,"Unten finden Sie eine Liste von Aussagen. Geben Sie bitte für jede der folgenden Aussagen an, wie oft sie generell im täglichen Leben auf Sie zutrifft. Kreisen Sie in jeder Reihe eine Zahl ein.","MAIA-2 © 2018 University of California, San Francisco. Nutzung gemäß den Bedingungen auf Seite 2 des offiziellen deutschen Fragebogens: https://osher.ucsf.edu/sites/osher.ucsf.edu/files/inline-files/MAIA-2_German.pdf. Zitation: Mehling WE et al. (2018), PLoS ONE 13(12): e0208034, https://doi.org/10.1371/journal.pone.0208034. Übersetzung von MAIA-2 in Kooperation mit Wolf E. Mehling (basierend auf der dt. Erstversion von Boris Bornemann, Max-Planck-Institut, Leipzig, Dezember 2012): Michael Eggart. Referenzierte Spezifikation AffectTracker2D - Specifications.docx, SHA-256 7402c80c6da71d4a11543676acdf0a7640cdb842d55afc10dde6ad3d4978fdbe.",f27,"Ich merke, wie mein Körper sich verändert, wenn ich glücklich oder fröhlich bin.",true,Emotionales Gewahrsein,o5,Immer,5
questionnaire-csv-v1,maia-2-de,2 (2018),"Multidimensional Assessment of Interoceptive Awareness, Version 2 (MAIA-2)",de,"Unten finden Sie eine Liste von Aussagen. Geben Sie bitte für jede der folgenden Aussagen an, wie oft sie generell im täglichen Leben auf Sie zutrifft. Kreisen Sie in jeder Reihe eine Zahl ein.","MAIA-2 © 2018 University of California, San Francisco. Nutzung gemäß den Bedingungen auf Seite 2 des offiziellen deutschen Fragebogens: https://osher.ucsf.edu/sites/osher.ucsf.edu/files/inline-files/MAIA-2_German.pdf. Zitation: Mehling WE et al. (2018), PLoS ONE 13(12): e0208034, https://doi.org/10.1371/journal.pone.0208034. Übersetzung von MAIA-2 in Kooperation mit Wolf E. Mehling (basierend auf der dt. Erstversion von Boris Bornemann, Max-Planck-Institut, Leipzig, Dezember 2012): Michael Eggart. Referenzierte Spezifikation AffectTracker2D - Specifications.docx, SHA-256 7402c80c6da71d4a11543676acdf0a7640cdb842d55afc10dde6ad3d4978fdbe.",f28,"Wenn mir alles zu viel wird, kann ich einen Ort der Ruhe in mir finden.",true,Selbstregulation,o0,Nie,0
questionnaire-csv-v1,maia-2-de,2 (2018),"Multidimensional Assessment of Interoceptive Awareness, Version 2 (MAIA-2)",de,"Unten finden Sie eine Liste von Aussagen. Geben Sie bitte für jede der folgenden Aussagen an, wie oft sie generell im täglichen Leben auf Sie zutrifft. Kreisen Sie in jeder Reihe eine Zahl ein.","MAIA-2 © 2018 University of California, San Francisco. Nutzung gemäß den Bedingungen auf Seite 2 des offiziellen deutschen Fragebogens: https://osher.ucsf.edu/sites/osher.ucsf.edu/files/inline-files/MAIA-2_German.pdf. Zitation: Mehling WE et al. (2018), PLoS ONE 13(12): e0208034, https://doi.org/10.1371/journal.pone.0208034. Übersetzung von MAIA-2 in Kooperation mit Wolf E. Mehling (basierend auf der dt. Erstversion von Boris Bornemann, Max-Planck-Institut, Leipzig, Dezember 2012): Michael Eggart. Referenzierte Spezifikation AffectTracker2D - Specifications.docx, SHA-256 7402c80c6da71d4a11543676acdf0a7640cdb842d55afc10dde6ad3d4978fdbe.",f28,"Wenn mir alles zu viel wird, kann ich einen Ort der Ruhe in mir finden.",true,Selbstregulation,o1,1,1
questionnaire-csv-v1,maia-2-de,2 (2018),"Multidimensional Assessment of Interoceptive Awareness, Version 2 (MAIA-2)",de,"Unten finden Sie eine Liste von Aussagen. Geben Sie bitte für jede der folgenden Aussagen an, wie oft sie generell im täglichen Leben auf Sie zutrifft. Kreisen Sie in jeder Reihe eine Zahl ein.","MAIA-2 © 2018 University of California, San Francisco. Nutzung gemäß den Bedingungen auf Seite 2 des offiziellen deutschen Fragebogens: https://osher.ucsf.edu/sites/osher.ucsf.edu/files/inline-files/MAIA-2_German.pdf. Zitation: Mehling WE et al. (2018), PLoS ONE 13(12): e0208034, https://doi.org/10.1371/journal.pone.0208034. Übersetzung von MAIA-2 in Kooperation mit Wolf E. Mehling (basierend auf der dt. Erstversion von Boris Bornemann, Max-Planck-Institut, Leipzig, Dezember 2012): Michael Eggart. Referenzierte Spezifikation AffectTracker2D - Specifications.docx, SHA-256 7402c80c6da71d4a11543676acdf0a7640cdb842d55afc10dde6ad3d4978fdbe.",f28,"Wenn mir alles zu viel wird, kann ich einen Ort der Ruhe in mir finden.",true,Selbstregulation,o2,2,2
questionnaire-csv-v1,maia-2-de,2 (2018),"Multidimensional Assessment of Interoceptive Awareness, Version 2 (MAIA-2)",de,"Unten finden Sie eine Liste von Aussagen. Geben Sie bitte für jede der folgenden Aussagen an, wie oft sie generell im täglichen Leben auf Sie zutrifft. Kreisen Sie in jeder Reihe eine Zahl ein.","MAIA-2 © 2018 University of California, San Francisco. Nutzung gemäß den Bedingungen auf Seite 2 des offiziellen deutschen Fragebogens: https://osher.ucsf.edu/sites/osher.ucsf.edu/files/inline-files/MAIA-2_German.pdf. Zitation: Mehling WE et al. (2018), PLoS ONE 13(12): e0208034, https://doi.org/10.1371/journal.pone.0208034. Übersetzung von MAIA-2 in Kooperation mit Wolf E. Mehling (basierend auf der dt. Erstversion von Boris Bornemann, Max-Planck-Institut, Leipzig, Dezember 2012): Michael Eggart. Referenzierte Spezifikation AffectTracker2D - Specifications.docx, SHA-256 7402c80c6da71d4a11543676acdf0a7640cdb842d55afc10dde6ad3d4978fdbe.",f28,"Wenn mir alles zu viel wird, kann ich einen Ort der Ruhe in mir finden.",true,Selbstregulation,o3,3,3
questionnaire-csv-v1,maia-2-de,2 (2018),"Multidimensional Assessment of Interoceptive Awareness, Version 2 (MAIA-2)",de,"Unten finden Sie eine Liste von Aussagen. Geben Sie bitte für jede der folgenden Aussagen an, wie oft sie generell im täglichen Leben auf Sie zutrifft. Kreisen Sie in jeder Reihe eine Zahl ein.","MAIA-2 © 2018 University of California, San Francisco. Nutzung gemäß den Bedingungen auf Seite 2 des offiziellen deutschen Fragebogens: https://osher.ucsf.edu/sites/osher.ucsf.edu/files/inline-files/MAIA-2_German.pdf. Zitation: Mehling WE et al. (2018), PLoS ONE 13(12): e0208034, https://doi.org/10.1371/journal.pone.0208034. Übersetzung von MAIA-2 in Kooperation mit Wolf E. Mehling (basierend auf der dt. Erstversion von Boris Bornemann, Max-Planck-Institut, Leipzig, Dezember 2012): Michael Eggart. Referenzierte Spezifikation AffectTracker2D - Specifications.docx, SHA-256 7402c80c6da71d4a11543676acdf0a7640cdb842d55afc10dde6ad3d4978fdbe.",f28,"Wenn mir alles zu viel wird, kann ich einen Ort der Ruhe in mir finden.",true,Selbstregulation,o4,4,4
questionnaire-csv-v1,maia-2-de,2 (2018),"Multidimensional Assessment of Interoceptive Awareness, Version 2 (MAIA-2)",de,"Unten finden Sie eine Liste von Aussagen. Geben Sie bitte für jede der folgenden Aussagen an, wie oft sie generell im täglichen Leben auf Sie zutrifft. Kreisen Sie in jeder Reihe eine Zahl ein.","MAIA-2 © 2018 University of California, San Francisco. Nutzung gemäß den Bedingungen auf Seite 2 des offiziellen deutschen Fragebogens: https://osher.ucsf.edu/sites/osher.ucsf.edu/files/inline-files/MAIA-2_German.pdf. Zitation: Mehling WE et al. (2018), PLoS ONE 13(12): e0208034, https://doi.org/10.1371/journal.pone.0208034. Übersetzung von MAIA-2 in Kooperation mit Wolf E. Mehling (basierend auf der dt. Erstversion von Boris Bornemann, Max-Planck-Institut, Leipzig, Dezember 2012): Michael Eggart. Referenzierte Spezifikation AffectTracker2D - Specifications.docx, SHA-256 7402c80c6da71d4a11543676acdf0a7640cdb842d55afc10dde6ad3d4978fdbe.",f28,"Wenn mir alles zu viel wird, kann ich einen Ort der Ruhe in mir finden.",true,Selbstregulation,o5,Immer,5
questionnaire-csv-v1,maia-2-de,2 (2018),"Multidimensional Assessment of Interoceptive Awareness, Version 2 (MAIA-2)",de,"Unten finden Sie eine Liste von Aussagen. Geben Sie bitte für jede der folgenden Aussagen an, wie oft sie generell im täglichen Leben auf Sie zutrifft. Kreisen Sie in jeder Reihe eine Zahl ein.","MAIA-2 © 2018 University of California, San Francisco. Nutzung gemäß den Bedingungen auf Seite 2 des offiziellen deutschen Fragebogens: https://osher.ucsf.edu/sites/osher.ucsf.edu/files/inline-files/MAIA-2_German.pdf. Zitation: Mehling WE et al. (2018), PLoS ONE 13(12): e0208034, https://doi.org/10.1371/journal.pone.0208034. Übersetzung von MAIA-2 in Kooperation mit Wolf E. Mehling (basierend auf der dt. Erstversion von Boris Bornemann, Max-Planck-Institut, Leipzig, Dezember 2012): Michael Eggart. Referenzierte Spezifikation AffectTracker2D - Specifications.docx, SHA-256 7402c80c6da71d4a11543676acdf0a7640cdb842d55afc10dde6ad3d4978fdbe.",f29,"Wenn ich meine Aufmerksamkeit auf meinen Körper richte, empfinde ich ein Gefühl innerer Ruhe.",true,Selbstregulation,o0,Nie,0
questionnaire-csv-v1,maia-2-de,2 (2018),"Multidimensional Assessment of Interoceptive Awareness, Version 2 (MAIA-2)",de,"Unten finden Sie eine Liste von Aussagen. Geben Sie bitte für jede der folgenden Aussagen an, wie oft sie generell im täglichen Leben auf Sie zutrifft. Kreisen Sie in jeder Reihe eine Zahl ein.","MAIA-2 © 2018 University of California, San Francisco. Nutzung gemäß den Bedingungen auf Seite 2 des offiziellen deutschen Fragebogens: https://osher.ucsf.edu/sites/osher.ucsf.edu/files/inline-files/MAIA-2_German.pdf. Zitation: Mehling WE et al. (2018), PLoS ONE 13(12): e0208034, https://doi.org/10.1371/journal.pone.0208034. Übersetzung von MAIA-2 in Kooperation mit Wolf E. Mehling (basierend auf der dt. Erstversion von Boris Bornemann, Max-Planck-Institut, Leipzig, Dezember 2012): Michael Eggart. Referenzierte Spezifikation AffectTracker2D - Specifications.docx, SHA-256 7402c80c6da71d4a11543676acdf0a7640cdb842d55afc10dde6ad3d4978fdbe.",f29,"Wenn ich meine Aufmerksamkeit auf meinen Körper richte, empfinde ich ein Gefühl innerer Ruhe.",true,Selbstregulation,o1,1,1
questionnaire-csv-v1,maia-2-de,2 (2018),"Multidimensional Assessment of Interoceptive Awareness, Version 2 (MAIA-2)",de,"Unten finden Sie eine Liste von Aussagen. Geben Sie bitte für jede der folgenden Aussagen an, wie oft sie generell im täglichen Leben auf Sie zutrifft. Kreisen Sie in jeder Reihe eine Zahl ein.","MAIA-2 © 2018 University of California, San Francisco. Nutzung gemäß den Bedingungen auf Seite 2 des offiziellen deutschen Fragebogens: https://osher.ucsf.edu/sites/osher.ucsf.edu/files/inline-files/MAIA-2_German.pdf. Zitation: Mehling WE et al. (2018), PLoS ONE 13(12): e0208034, https://doi.org/10.1371/journal.pone.0208034. Übersetzung von MAIA-2 in Kooperation mit Wolf E. Mehling (basierend auf der dt. Erstversion von Boris Bornemann, Max-Planck-Institut, Leipzig, Dezember 2012): Michael Eggart. Referenzierte Spezifikation AffectTracker2D - Specifications.docx, SHA-256 7402c80c6da71d4a11543676acdf0a7640cdb842d55afc10dde6ad3d4978fdbe.",f29,"Wenn ich meine Aufmerksamkeit auf meinen Körper richte, empfinde ich ein Gefühl innerer Ruhe.",true,Selbstregulation,o2,2,2
questionnaire-csv-v1,maia-2-de,2 (2018),"Multidimensional Assessment of Interoceptive Awareness, Version 2 (MAIA-2)",de,"Unten finden Sie eine Liste von Aussagen. Geben Sie bitte für jede der folgenden Aussagen an, wie oft sie generell im täglichen Leben auf Sie zutrifft. Kreisen Sie in jeder Reihe eine Zahl ein.","MAIA-2 © 2018 University of California, San Francisco. Nutzung gemäß den Bedingungen auf Seite 2 des offiziellen deutschen Fragebogens: https://osher.ucsf.edu/sites/osher.ucsf.edu/files/inline-files/MAIA-2_German.pdf. Zitation: Mehling WE et al. (2018), PLoS ONE 13(12): e0208034, https://doi.org/10.1371/journal.pone.0208034. Übersetzung von MAIA-2 in Kooperation mit Wolf E. Mehling (basierend auf der dt. Erstversion von Boris Bornemann, Max-Planck-Institut, Leipzig, Dezember 2012): Michael Eggart. Referenzierte Spezifikation AffectTracker2D - Specifications.docx, SHA-256 7402c80c6da71d4a11543676acdf0a7640cdb842d55afc10dde6ad3d4978fdbe.",f29,"Wenn ich meine Aufmerksamkeit auf meinen Körper richte, empfinde ich ein Gefühl innerer Ruhe.",true,Selbstregulation,o3,3,3
questionnaire-csv-v1,maia-2-de,2 (2018),"Multidimensional Assessment of Interoceptive Awareness, Version 2 (MAIA-2)",de,"Unten finden Sie eine Liste von Aussagen. Geben Sie bitte für jede der folgenden Aussagen an, wie oft sie generell im täglichen Leben auf Sie zutrifft. Kreisen Sie in jeder Reihe eine Zahl ein.","MAIA-2 © 2018 University of California, San Francisco. Nutzung gemäß den Bedingungen auf Seite 2 des offiziellen deutschen Fragebogens: https://osher.ucsf.edu/sites/osher.ucsf.edu/files/inline-files/MAIA-2_German.pdf. Zitation: Mehling WE et al. (2018), PLoS ONE 13(12): e0208034, https://doi.org/10.1371/journal.pone.0208034. Übersetzung von MAIA-2 in Kooperation mit Wolf E. Mehling (basierend auf der dt. Erstversion von Boris Bornemann, Max-Planck-Institut, Leipzig, Dezember 2012): Michael Eggart. Referenzierte Spezifikation AffectTracker2D - Specifications.docx, SHA-256 7402c80c6da71d4a11543676acdf0a7640cdb842d55afc10dde6ad3d4978fdbe.",f29,"Wenn ich meine Aufmerksamkeit auf meinen Körper richte, empfinde ich ein Gefühl innerer Ruhe.",true,Selbstregulation,o4,4,4
questionnaire-csv-v1,maia-2-de,2 (2018),"Multidimensional Assessment of Interoceptive Awareness, Version 2 (MAIA-2)",de,"Unten finden Sie eine Liste von Aussagen. Geben Sie bitte für jede der folgenden Aussagen an, wie oft sie generell im täglichen Leben auf Sie zutrifft. Kreisen Sie in jeder Reihe eine Zahl ein.","MAIA-2 © 2018 University of California, San Francisco. Nutzung gemäß den Bedingungen auf Seite 2 des offiziellen deutschen Fragebogens: https://osher.ucsf.edu/sites/osher.ucsf.edu/files/inline-files/MAIA-2_German.pdf. Zitation: Mehling WE et al. (2018), PLoS ONE 13(12): e0208034, https://doi.org/10.1371/journal.pone.0208034. Übersetzung von MAIA-2 in Kooperation mit Wolf E. Mehling (basierend auf der dt. Erstversion von Boris Bornemann, Max-Planck-Institut, Leipzig, Dezember 2012): Michael Eggart. Referenzierte Spezifikation AffectTracker2D - Specifications.docx, SHA-256 7402c80c6da71d4a11543676acdf0a7640cdb842d55afc10dde6ad3d4978fdbe.",f29,"Wenn ich meine Aufmerksamkeit auf meinen Körper richte, empfinde ich ein Gefühl innerer Ruhe.",true,Selbstregulation,o5,Immer,5
questionnaire-csv-v1,maia-2-de,2 (2018),"Multidimensional Assessment of Interoceptive Awareness, Version 2 (MAIA-2)",de,"Unten finden Sie eine Liste von Aussagen. Geben Sie bitte für jede der folgenden Aussagen an, wie oft sie generell im täglichen Leben auf Sie zutrifft. Kreisen Sie in jeder Reihe eine Zahl ein.","MAIA-2 © 2018 University of California, San Francisco. Nutzung gemäß den Bedingungen auf Seite 2 des offiziellen deutschen Fragebogens: https://osher.ucsf.edu/sites/osher.ucsf.edu/files/inline-files/MAIA-2_German.pdf. Zitation: Mehling WE et al. (2018), PLoS ONE 13(12): e0208034, https://doi.org/10.1371/journal.pone.0208034. Übersetzung von MAIA-2 in Kooperation mit Wolf E. Mehling (basierend auf der dt. Erstversion von Boris Bornemann, Max-Planck-Institut, Leipzig, Dezember 2012): Michael Eggart. Referenzierte Spezifikation AffectTracker2D - Specifications.docx, SHA-256 7402c80c6da71d4a11543676acdf0a7640cdb842d55afc10dde6ad3d4978fdbe.",f30,"Ich kann meinen Atem dazu benutzen, innere Spannungen abzubauen.",true,Selbstregulation,o0,Nie,0
questionnaire-csv-v1,maia-2-de,2 (2018),"Multidimensional Assessment of Interoceptive Awareness, Version 2 (MAIA-2)",de,"Unten finden Sie eine Liste von Aussagen. Geben Sie bitte für jede der folgenden Aussagen an, wie oft sie generell im täglichen Leben auf Sie zutrifft. Kreisen Sie in jeder Reihe eine Zahl ein.","MAIA-2 © 2018 University of California, San Francisco. Nutzung gemäß den Bedingungen auf Seite 2 des offiziellen deutschen Fragebogens: https://osher.ucsf.edu/sites/osher.ucsf.edu/files/inline-files/MAIA-2_German.pdf. Zitation: Mehling WE et al. (2018), PLoS ONE 13(12): e0208034, https://doi.org/10.1371/journal.pone.0208034. Übersetzung von MAIA-2 in Kooperation mit Wolf E. Mehling (basierend auf der dt. Erstversion von Boris Bornemann, Max-Planck-Institut, Leipzig, Dezember 2012): Michael Eggart. Referenzierte Spezifikation AffectTracker2D - Specifications.docx, SHA-256 7402c80c6da71d4a11543676acdf0a7640cdb842d55afc10dde6ad3d4978fdbe.",f30,"Ich kann meinen Atem dazu benutzen, innere Spannungen abzubauen.",true,Selbstregulation,o1,1,1
questionnaire-csv-v1,maia-2-de,2 (2018),"Multidimensional Assessment of Interoceptive Awareness, Version 2 (MAIA-2)",de,"Unten finden Sie eine Liste von Aussagen. Geben Sie bitte für jede der folgenden Aussagen an, wie oft sie generell im täglichen Leben auf Sie zutrifft. Kreisen Sie in jeder Reihe eine Zahl ein.","MAIA-2 © 2018 University of California, San Francisco. Nutzung gemäß den Bedingungen auf Seite 2 des offiziellen deutschen Fragebogens: https://osher.ucsf.edu/sites/osher.ucsf.edu/files/inline-files/MAIA-2_German.pdf. Zitation: Mehling WE et al. (2018), PLoS ONE 13(12): e0208034, https://doi.org/10.1371/journal.pone.0208034. Übersetzung von MAIA-2 in Kooperation mit Wolf E. Mehling (basierend auf der dt. Erstversion von Boris Bornemann, Max-Planck-Institut, Leipzig, Dezember 2012): Michael Eggart. Referenzierte Spezifikation AffectTracker2D - Specifications.docx, SHA-256 7402c80c6da71d4a11543676acdf0a7640cdb842d55afc10dde6ad3d4978fdbe.",f30,"Ich kann meinen Atem dazu benutzen, innere Spannungen abzubauen.",true,Selbstregulation,o2,2,2
questionnaire-csv-v1,maia-2-de,2 (2018),"Multidimensional Assessment of Interoceptive Awareness, Version 2 (MAIA-2)",de,"Unten finden Sie eine Liste von Aussagen. Geben Sie bitte für jede der folgenden Aussagen an, wie oft sie generell im täglichen Leben auf Sie zutrifft. Kreisen Sie in jeder Reihe eine Zahl ein.","MAIA-2 © 2018 University of California, San Francisco. Nutzung gemäß den Bedingungen auf Seite 2 des offiziellen deutschen Fragebogens: https://osher.ucsf.edu/sites/osher.ucsf.edu/files/inline-files/MAIA-2_German.pdf. Zitation: Mehling WE et al. (2018), PLoS ONE 13(12): e0208034, https://doi.org/10.1371/journal.pone.0208034. Übersetzung von MAIA-2 in Kooperation mit Wolf E. Mehling (basierend auf der dt. Erstversion von Boris Bornemann, Max-Planck-Institut, Leipzig, Dezember 2012): Michael Eggart. Referenzierte Spezifikation AffectTracker2D - Specifications.docx, SHA-256 7402c80c6da71d4a11543676acdf0a7640cdb842d55afc10dde6ad3d4978fdbe.",f30,"Ich kann meinen Atem dazu benutzen, innere Spannungen abzubauen.",true,Selbstregulation,o3,3,3
questionnaire-csv-v1,maia-2-de,2 (2018),"Multidimensional Assessment of Interoceptive Awareness, Version 2 (MAIA-2)",de,"Unten finden Sie eine Liste von Aussagen. Geben Sie bitte für jede der folgenden Aussagen an, wie oft sie generell im täglichen Leben auf Sie zutrifft. Kreisen Sie in jeder Reihe eine Zahl ein.","MAIA-2 © 2018 University of California, San Francisco. Nutzung gemäß den Bedingungen auf Seite 2 des offiziellen deutschen Fragebogens: https://osher.ucsf.edu/sites/osher.ucsf.edu/files/inline-files/MAIA-2_German.pdf. Zitation: Mehling WE et al. (2018), PLoS ONE 13(12): e0208034, https://doi.org/10.1371/journal.pone.0208034. Übersetzung von MAIA-2 in Kooperation mit Wolf E. Mehling (basierend auf der dt. Erstversion von Boris Bornemann, Max-Planck-Institut, Leipzig, Dezember 2012): Michael Eggart. Referenzierte Spezifikation AffectTracker2D - Specifications.docx, SHA-256 7402c80c6da71d4a11543676acdf0a7640cdb842d55afc10dde6ad3d4978fdbe.",f30,"Ich kann meinen Atem dazu benutzen, innere Spannungen abzubauen.",true,Selbstregulation,o4,4,4
questionnaire-csv-v1,maia-2-de,2 (2018),"Multidimensional Assessment of Interoceptive Awareness, Version 2 (MAIA-2)",de,"Unten finden Sie eine Liste von Aussagen. Geben Sie bitte für jede der folgenden Aussagen an, wie oft sie generell im täglichen Leben auf Sie zutrifft. Kreisen Sie in jeder Reihe eine Zahl ein.","MAIA-2 © 2018 University of California, San Francisco. Nutzung gemäß den Bedingungen auf Seite 2 des offiziellen deutschen Fragebogens: https://osher.ucsf.edu/sites/osher.ucsf.edu/files/inline-files/MAIA-2_German.pdf. Zitation: Mehling WE et al. (2018), PLoS ONE 13(12): e0208034, https://doi.org/10.1371/journal.pone.0208034. Übersetzung von MAIA-2 in Kooperation mit Wolf E. Mehling (basierend auf der dt. Erstversion von Boris Bornemann, Max-Planck-Institut, Leipzig, Dezember 2012): Michael Eggart. Referenzierte Spezifikation AffectTracker2D - Specifications.docx, SHA-256 7402c80c6da71d4a11543676acdf0a7640cdb842d55afc10dde6ad3d4978fdbe.",f30,"Ich kann meinen Atem dazu benutzen, innere Spannungen abzubauen.",true,Selbstregulation,o5,Immer,5
questionnaire-csv-v1,maia-2-de,2 (2018),"Multidimensional Assessment of Interoceptive Awareness, Version 2 (MAIA-2)",de,"Unten finden Sie eine Liste von Aussagen. Geben Sie bitte für jede der folgenden Aussagen an, wie oft sie generell im täglichen Leben auf Sie zutrifft. Kreisen Sie in jeder Reihe eine Zahl ein.","MAIA-2 © 2018 University of California, San Francisco. Nutzung gemäß den Bedingungen auf Seite 2 des offiziellen deutschen Fragebogens: https://osher.ucsf.edu/sites/osher.ucsf.edu/files/inline-files/MAIA-2_German.pdf. Zitation: Mehling WE et al. (2018), PLoS ONE 13(12): e0208034, https://doi.org/10.1371/journal.pone.0208034. Übersetzung von MAIA-2 in Kooperation mit Wolf E. Mehling (basierend auf der dt. Erstversion von Boris Bornemann, Max-Planck-Institut, Leipzig, Dezember 2012): Michael Eggart. Referenzierte Spezifikation AffectTracker2D - Specifications.docx, SHA-256 7402c80c6da71d4a11543676acdf0a7640cdb842d55afc10dde6ad3d4978fdbe.",f31,"Wenn ich in meine Gedanken verstrickt bin, kann ich meinen Geist beruhigen, indem ich auf Körper und Atem achte.",true,Selbstregulation,o0,Nie,0
questionnaire-csv-v1,maia-2-de,2 (2018),"Multidimensional Assessment of Interoceptive Awareness, Version 2 (MAIA-2)",de,"Unten finden Sie eine Liste von Aussagen. Geben Sie bitte für jede der folgenden Aussagen an, wie oft sie generell im täglichen Leben auf Sie zutrifft. Kreisen Sie in jeder Reihe eine Zahl ein.","MAIA-2 © 2018 University of California, San Francisco. Nutzung gemäß den Bedingungen auf Seite 2 des offiziellen deutschen Fragebogens: https://osher.ucsf.edu/sites/osher.ucsf.edu/files/inline-files/MAIA-2_German.pdf. Zitation: Mehling WE et al. (2018), PLoS ONE 13(12): e0208034, https://doi.org/10.1371/journal.pone.0208034. Übersetzung von MAIA-2 in Kooperation mit Wolf E. Mehling (basierend auf der dt. Erstversion von Boris Bornemann, Max-Planck-Institut, Leipzig, Dezember 2012): Michael Eggart. Referenzierte Spezifikation AffectTracker2D - Specifications.docx, SHA-256 7402c80c6da71d4a11543676acdf0a7640cdb842d55afc10dde6ad3d4978fdbe.",f31,"Wenn ich in meine Gedanken verstrickt bin, kann ich meinen Geist beruhigen, indem ich auf Körper und Atem achte.",true,Selbstregulation,o1,1,1
questionnaire-csv-v1,maia-2-de,2 (2018),"Multidimensional Assessment of Interoceptive Awareness, Version 2 (MAIA-2)",de,"Unten finden Sie eine Liste von Aussagen. Geben Sie bitte für jede der folgenden Aussagen an, wie oft sie generell im täglichen Leben auf Sie zutrifft. Kreisen Sie in jeder Reihe eine Zahl ein.","MAIA-2 © 2018 University of California, San Francisco. Nutzung gemäß den Bedingungen auf Seite 2 des offiziellen deutschen Fragebogens: https://osher.ucsf.edu/sites/osher.ucsf.edu/files/inline-files/MAIA-2_German.pdf. Zitation: Mehling WE et al. (2018), PLoS ONE 13(12): e0208034, https://doi.org/10.1371/journal.pone.0208034. Übersetzung von MAIA-2 in Kooperation mit Wolf E. Mehling (basierend auf der dt. Erstversion von Boris Bornemann, Max-Planck-Institut, Leipzig, Dezember 2012): Michael Eggart. Referenzierte Spezifikation AffectTracker2D - Specifications.docx, SHA-256 7402c80c6da71d4a11543676acdf0a7640cdb842d55afc10dde6ad3d4978fdbe.",f31,"Wenn ich in meine Gedanken verstrickt bin, kann ich meinen Geist beruhigen, indem ich auf Körper und Atem achte.",true,Selbstregulation,o2,2,2
questionnaire-csv-v1,maia-2-de,2 (2018),"Multidimensional Assessment of Interoceptive Awareness, Version 2 (MAIA-2)",de,"Unten finden Sie eine Liste von Aussagen. Geben Sie bitte für jede der folgenden Aussagen an, wie oft sie generell im täglichen Leben auf Sie zutrifft. Kreisen Sie in jeder Reihe eine Zahl ein.","MAIA-2 © 2018 University of California, San Francisco. Nutzung gemäß den Bedingungen auf Seite 2 des offiziellen deutschen Fragebogens: https://osher.ucsf.edu/sites/osher.ucsf.edu/files/inline-files/MAIA-2_German.pdf. Zitation: Mehling WE et al. (2018), PLoS ONE 13(12): e0208034, https://doi.org/10.1371/journal.pone.0208034. Übersetzung von MAIA-2 in Kooperation mit Wolf E. Mehling (basierend auf der dt. Erstversion von Boris Bornemann, Max-Planck-Institut, Leipzig, Dezember 2012): Michael Eggart. Referenzierte Spezifikation AffectTracker2D - Specifications.docx, SHA-256 7402c80c6da71d4a11543676acdf0a7640cdb842d55afc10dde6ad3d4978fdbe.",f31,"Wenn ich in meine Gedanken verstrickt bin, kann ich meinen Geist beruhigen, indem ich auf Körper und Atem achte.",true,Selbstregulation,o3,3,3
questionnaire-csv-v1,maia-2-de,2 (2018),"Multidimensional Assessment of Interoceptive Awareness, Version 2 (MAIA-2)",de,"Unten finden Sie eine Liste von Aussagen. Geben Sie bitte für jede der folgenden Aussagen an, wie oft sie generell im täglichen Leben auf Sie zutrifft. Kreisen Sie in jeder Reihe eine Zahl ein.","MAIA-2 © 2018 University of California, San Francisco. Nutzung gemäß den Bedingungen auf Seite 2 des offiziellen deutschen Fragebogens: https://osher.ucsf.edu/sites/osher.ucsf.edu/files/inline-files/MAIA-2_German.pdf. Zitation: Mehling WE et al. (2018), PLoS ONE 13(12): e0208034, https://doi.org/10.1371/journal.pone.0208034. Übersetzung von MAIA-2 in Kooperation mit Wolf E. Mehling (basierend auf der dt. Erstversion von Boris Bornemann, Max-Planck-Institut, Leipzig, Dezember 2012): Michael Eggart. Referenzierte Spezifikation AffectTracker2D - Specifications.docx, SHA-256 7402c80c6da71d4a11543676acdf0a7640cdb842d55afc10dde6ad3d4978fdbe.",f31,"Wenn ich in meine Gedanken verstrickt bin, kann ich meinen Geist beruhigen, indem ich auf Körper und Atem achte.",true,Selbstregulation,o4,4,4
questionnaire-csv-v1,maia-2-de,2 (2018),"Multidimensional Assessment of Interoceptive Awareness, Version 2 (MAIA-2)",de,"Unten finden Sie eine Liste von Aussagen. Geben Sie bitte für jede der folgenden Aussagen an, wie oft sie generell im täglichen Leben auf Sie zutrifft. Kreisen Sie in jeder Reihe eine Zahl ein.","MAIA-2 © 2018 University of California, San Francisco. Nutzung gemäß den Bedingungen auf Seite 2 des offiziellen deutschen Fragebogens: https://osher.ucsf.edu/sites/osher.ucsf.edu/files/inline-files/MAIA-2_German.pdf. Zitation: Mehling WE et al. (2018), PLoS ONE 13(12): e0208034, https://doi.org/10.1371/journal.pone.0208034. Übersetzung von MAIA-2 in Kooperation mit Wolf E. Mehling (basierend auf der dt. Erstversion von Boris Bornemann, Max-Planck-Institut, Leipzig, Dezember 2012): Michael Eggart. Referenzierte Spezifikation AffectTracker2D - Specifications.docx, SHA-256 7402c80c6da71d4a11543676acdf0a7640cdb842d55afc10dde6ad3d4978fdbe.",f31,"Wenn ich in meine Gedanken verstrickt bin, kann ich meinen Geist beruhigen, indem ich auf Körper und Atem achte.",true,Selbstregulation,o5,Immer,5
questionnaire-csv-v1,maia-2-de,2 (2018),"Multidimensional Assessment of Interoceptive Awareness, Version 2 (MAIA-2)",de,"Unten finden Sie eine Liste von Aussagen. Geben Sie bitte für jede der folgenden Aussagen an, wie oft sie generell im täglichen Leben auf Sie zutrifft. Kreisen Sie in jeder Reihe eine Zahl ein.","MAIA-2 © 2018 University of California, San Francisco. Nutzung gemäß den Bedingungen auf Seite 2 des offiziellen deutschen Fragebogens: https://osher.ucsf.edu/sites/osher.ucsf.edu/files/inline-files/MAIA-2_German.pdf. Zitation: Mehling WE et al. (2018), PLoS ONE 13(12): e0208034, https://doi.org/10.1371/journal.pone.0208034. Übersetzung von MAIA-2 in Kooperation mit Wolf E. Mehling (basierend auf der dt. Erstversion von Boris Bornemann, Max-Planck-Institut, Leipzig, Dezember 2012): Michael Eggart. Referenzierte Spezifikation AffectTracker2D - Specifications.docx, SHA-256 7402c80c6da71d4a11543676acdf0a7640cdb842d55afc10dde6ad3d4978fdbe.",f32,"Ich höre auf meinen Körper, was er über meine emotionale Verfassung sagt.",true,Auf-den-Leib-Hören,o0,Nie,0
questionnaire-csv-v1,maia-2-de,2 (2018),"Multidimensional Assessment of Interoceptive Awareness, Version 2 (MAIA-2)",de,"Unten finden Sie eine Liste von Aussagen. Geben Sie bitte für jede der folgenden Aussagen an, wie oft sie generell im täglichen Leben auf Sie zutrifft. Kreisen Sie in jeder Reihe eine Zahl ein.","MAIA-2 © 2018 University of California, San Francisco. Nutzung gemäß den Bedingungen auf Seite 2 des offiziellen deutschen Fragebogens: https://osher.ucsf.edu/sites/osher.ucsf.edu/files/inline-files/MAIA-2_German.pdf. Zitation: Mehling WE et al. (2018), PLoS ONE 13(12): e0208034, https://doi.org/10.1371/journal.pone.0208034. Übersetzung von MAIA-2 in Kooperation mit Wolf E. Mehling (basierend auf der dt. Erstversion von Boris Bornemann, Max-Planck-Institut, Leipzig, Dezember 2012): Michael Eggart. Referenzierte Spezifikation AffectTracker2D - Specifications.docx, SHA-256 7402c80c6da71d4a11543676acdf0a7640cdb842d55afc10dde6ad3d4978fdbe.",f32,"Ich höre auf meinen Körper, was er über meine emotionale Verfassung sagt.",true,Auf-den-Leib-Hören,o1,1,1
questionnaire-csv-v1,maia-2-de,2 (2018),"Multidimensional Assessment of Interoceptive Awareness, Version 2 (MAIA-2)",de,"Unten finden Sie eine Liste von Aussagen. Geben Sie bitte für jede der folgenden Aussagen an, wie oft sie generell im täglichen Leben auf Sie zutrifft. Kreisen Sie in jeder Reihe eine Zahl ein.","MAIA-2 © 2018 University of California, San Francisco. Nutzung gemäß den Bedingungen auf Seite 2 des offiziellen deutschen Fragebogens: https://osher.ucsf.edu/sites/osher.ucsf.edu/files/inline-files/MAIA-2_German.pdf. Zitation: Mehling WE et al. (2018), PLoS ONE 13(12): e0208034, https://doi.org/10.1371/journal.pone.0208034. Übersetzung von MAIA-2 in Kooperation mit Wolf E. Mehling (basierend auf der dt. Erstversion von Boris Bornemann, Max-Planck-Institut, Leipzig, Dezember 2012): Michael Eggart. Referenzierte Spezifikation AffectTracker2D - Specifications.docx, SHA-256 7402c80c6da71d4a11543676acdf0a7640cdb842d55afc10dde6ad3d4978fdbe.",f32,"Ich höre auf meinen Körper, was er über meine emotionale Verfassung sagt.",true,Auf-den-Leib-Hören,o2,2,2
questionnaire-csv-v1,maia-2-de,2 (2018),"Multidimensional Assessment of Interoceptive Awareness, Version 2 (MAIA-2)",de,"Unten finden Sie eine Liste von Aussagen. Geben Sie bitte für jede der folgenden Aussagen an, wie oft sie generell im täglichen Leben auf Sie zutrifft. Kreisen Sie in jeder Reihe eine Zahl ein.","MAIA-2 © 2018 University of California, San Francisco. Nutzung gemäß den Bedingungen auf Seite 2 des offiziellen deutschen Fragebogens: https://osher.ucsf.edu/sites/osher.ucsf.edu/files/inline-files/MAIA-2_German.pdf. Zitation: Mehling WE et al. (2018), PLoS ONE 13(12): e0208034, https://doi.org/10.1371/journal.pone.0208034. Übersetzung von MAIA-2 in Kooperation mit Wolf E. Mehling (basierend auf der dt. Erstversion von Boris Bornemann, Max-Planck-Institut, Leipzig, Dezember 2012): Michael Eggart. Referenzierte Spezifikation AffectTracker2D - Specifications.docx, SHA-256 7402c80c6da71d4a11543676acdf0a7640cdb842d55afc10dde6ad3d4978fdbe.",f32,"Ich höre auf meinen Körper, was er über meine emotionale Verfassung sagt.",true,Auf-den-Leib-Hören,o3,3,3
questionnaire-csv-v1,maia-2-de,2 (2018),"Multidimensional Assessment of Interoceptive Awareness, Version 2 (MAIA-2)",de,"Unten finden Sie eine Liste von Aussagen. Geben Sie bitte für jede der folgenden Aussagen an, wie oft sie generell im täglichen Leben auf Sie zutrifft. Kreisen Sie in jeder Reihe eine Zahl ein.","MAIA-2 © 2018 University of California, San Francisco. Nutzung gemäß den Bedingungen auf Seite 2 des offiziellen deutschen Fragebogens: https://osher.ucsf.edu/sites/osher.ucsf.edu/files/inline-files/MAIA-2_German.pdf. Zitation: Mehling WE et al. (2018), PLoS ONE 13(12): e0208034, https://doi.org/10.1371/journal.pone.0208034. Übersetzung von MAIA-2 in Kooperation mit Wolf E. Mehling (basierend auf der dt. Erstversion von Boris Bornemann, Max-Planck-Institut, Leipzig, Dezember 2012): Michael Eggart. Referenzierte Spezifikation AffectTracker2D - Specifications.docx, SHA-256 7402c80c6da71d4a11543676acdf0a7640cdb842d55afc10dde6ad3d4978fdbe.",f32,"Ich höre auf meinen Körper, was er über meine emotionale Verfassung sagt.",true,Auf-den-Leib-Hören,o4,4,4
questionnaire-csv-v1,maia-2-de,2 (2018),"Multidimensional Assessment of Interoceptive Awareness, Version 2 (MAIA-2)",de,"Unten finden Sie eine Liste von Aussagen. Geben Sie bitte für jede der folgenden Aussagen an, wie oft sie generell im täglichen Leben auf Sie zutrifft. Kreisen Sie in jeder Reihe eine Zahl ein.","MAIA-2 © 2018 University of California, San Francisco. Nutzung gemäß den Bedingungen auf Seite 2 des offiziellen deutschen Fragebogens: https://osher.ucsf.edu/sites/osher.ucsf.edu/files/inline-files/MAIA-2_German.pdf. Zitation: Mehling WE et al. (2018), PLoS ONE 13(12): e0208034, https://doi.org/10.1371/journal.pone.0208034. Übersetzung von MAIA-2 in Kooperation mit Wolf E. Mehling (basierend auf der dt. Erstversion von Boris Bornemann, Max-Planck-Institut, Leipzig, Dezember 2012): Michael Eggart. Referenzierte Spezifikation AffectTracker2D - Specifications.docx, SHA-256 7402c80c6da71d4a11543676acdf0a7640cdb842d55afc10dde6ad3d4978fdbe.",f32,"Ich höre auf meinen Körper, was er über meine emotionale Verfassung sagt.",true,Auf-den-Leib-Hören,o5,Immer,5
questionnaire-csv-v1,maia-2-de,2 (2018),"Multidimensional Assessment of Interoceptive Awareness, Version 2 (MAIA-2)",de,"Unten finden Sie eine Liste von Aussagen. Geben Sie bitte für jede der folgenden Aussagen an, wie oft sie generell im täglichen Leben auf Sie zutrifft. Kreisen Sie in jeder Reihe eine Zahl ein.","MAIA-2 © 2018 University of California, San Francisco. Nutzung gemäß den Bedingungen auf Seite 2 des offiziellen deutschen Fragebogens: https://osher.ucsf.edu/sites/osher.ucsf.edu/files/inline-files/MAIA-2_German.pdf. Zitation: Mehling WE et al. (2018), PLoS ONE 13(12): e0208034, https://doi.org/10.1371/journal.pone.0208034. Übersetzung von MAIA-2 in Kooperation mit Wolf E. Mehling (basierend auf der dt. Erstversion von Boris Bornemann, Max-Planck-Institut, Leipzig, Dezember 2012): Michael Eggart. Referenzierte Spezifikation AffectTracker2D - Specifications.docx, SHA-256 7402c80c6da71d4a11543676acdf0a7640cdb842d55afc10dde6ad3d4978fdbe.",f33,"Wenn ich aufgebracht bin, nehme ich mir Zeit herauszufinden, wie mein Körper sich anfühlt.",true,Auf-den-Leib-Hören,o0,Nie,0
questionnaire-csv-v1,maia-2-de,2 (2018),"Multidimensional Assessment of Interoceptive Awareness, Version 2 (MAIA-2)",de,"Unten finden Sie eine Liste von Aussagen. Geben Sie bitte für jede der folgenden Aussagen an, wie oft sie generell im täglichen Leben auf Sie zutrifft. Kreisen Sie in jeder Reihe eine Zahl ein.","MAIA-2 © 2018 University of California, San Francisco. Nutzung gemäß den Bedingungen auf Seite 2 des offiziellen deutschen Fragebogens: https://osher.ucsf.edu/sites/osher.ucsf.edu/files/inline-files/MAIA-2_German.pdf. Zitation: Mehling WE et al. (2018), PLoS ONE 13(12): e0208034, https://doi.org/10.1371/journal.pone.0208034. Übersetzung von MAIA-2 in Kooperation mit Wolf E. Mehling (basierend auf der dt. Erstversion von Boris Bornemann, Max-Planck-Institut, Leipzig, Dezember 2012): Michael Eggart. Referenzierte Spezifikation AffectTracker2D - Specifications.docx, SHA-256 7402c80c6da71d4a11543676acdf0a7640cdb842d55afc10dde6ad3d4978fdbe.",f33,"Wenn ich aufgebracht bin, nehme ich mir Zeit herauszufinden, wie mein Körper sich anfühlt.",true,Auf-den-Leib-Hören,o1,1,1
questionnaire-csv-v1,maia-2-de,2 (2018),"Multidimensional Assessment of Interoceptive Awareness, Version 2 (MAIA-2)",de,"Unten finden Sie eine Liste von Aussagen. Geben Sie bitte für jede der folgenden Aussagen an, wie oft sie generell im täglichen Leben auf Sie zutrifft. Kreisen Sie in jeder Reihe eine Zahl ein.","MAIA-2 © 2018 University of California, San Francisco. Nutzung gemäß den Bedingungen auf Seite 2 des offiziellen deutschen Fragebogens: https://osher.ucsf.edu/sites/osher.ucsf.edu/files/inline-files/MAIA-2_German.pdf. Zitation: Mehling WE et al. (2018), PLoS ONE 13(12): e0208034, https://doi.org/10.1371/journal.pone.0208034. Übersetzung von MAIA-2 in Kooperation mit Wolf E. Mehling (basierend auf der dt. Erstversion von Boris Bornemann, Max-Planck-Institut, Leipzig, Dezember 2012): Michael Eggart. Referenzierte Spezifikation AffectTracker2D - Specifications.docx, SHA-256 7402c80c6da71d4a11543676acdf0a7640cdb842d55afc10dde6ad3d4978fdbe.",f33,"Wenn ich aufgebracht bin, nehme ich mir Zeit herauszufinden, wie mein Körper sich anfühlt.",true,Auf-den-Leib-Hören,o2,2,2
questionnaire-csv-v1,maia-2-de,2 (2018),"Multidimensional Assessment of Interoceptive Awareness, Version 2 (MAIA-2)",de,"Unten finden Sie eine Liste von Aussagen. Geben Sie bitte für jede der folgenden Aussagen an, wie oft sie generell im täglichen Leben auf Sie zutrifft. Kreisen Sie in jeder Reihe eine Zahl ein.","MAIA-2 © 2018 University of California, San Francisco. Nutzung gemäß den Bedingungen auf Seite 2 des offiziellen deutschen Fragebogens: https://osher.ucsf.edu/sites/osher.ucsf.edu/files/inline-files/MAIA-2_German.pdf. Zitation: Mehling WE et al. (2018), PLoS ONE 13(12): e0208034, https://doi.org/10.1371/journal.pone.0208034. Übersetzung von MAIA-2 in Kooperation mit Wolf E. Mehling (basierend auf der dt. Erstversion von Boris Bornemann, Max-Planck-Institut, Leipzig, Dezember 2012): Michael Eggart. Referenzierte Spezifikation AffectTracker2D - Specifications.docx, SHA-256 7402c80c6da71d4a11543676acdf0a7640cdb842d55afc10dde6ad3d4978fdbe.",f33,"Wenn ich aufgebracht bin, nehme ich mir Zeit herauszufinden, wie mein Körper sich anfühlt.",true,Auf-den-Leib-Hören,o3,3,3
questionnaire-csv-v1,maia-2-de,2 (2018),"Multidimensional Assessment of Interoceptive Awareness, Version 2 (MAIA-2)",de,"Unten finden Sie eine Liste von Aussagen. Geben Sie bitte für jede der folgenden Aussagen an, wie oft sie generell im täglichen Leben auf Sie zutrifft. Kreisen Sie in jeder Reihe eine Zahl ein.","MAIA-2 © 2018 University of California, San Francisco. Nutzung gemäß den Bedingungen auf Seite 2 des offiziellen deutschen Fragebogens: https://osher.ucsf.edu/sites/osher.ucsf.edu/files/inline-files/MAIA-2_German.pdf. Zitation: Mehling WE et al. (2018), PLoS ONE 13(12): e0208034, https://doi.org/10.1371/journal.pone.0208034. Übersetzung von MAIA-2 in Kooperation mit Wolf E. Mehling (basierend auf der dt. Erstversion von Boris Bornemann, Max-Planck-Institut, Leipzig, Dezember 2012): Michael Eggart. Referenzierte Spezifikation AffectTracker2D - Specifications.docx, SHA-256 7402c80c6da71d4a11543676acdf0a7640cdb842d55afc10dde6ad3d4978fdbe.",f33,"Wenn ich aufgebracht bin, nehme ich mir Zeit herauszufinden, wie mein Körper sich anfühlt.",true,Auf-den-Leib-Hören,o4,4,4
questionnaire-csv-v1,maia-2-de,2 (2018),"Multidimensional Assessment of Interoceptive Awareness, Version 2 (MAIA-2)",de,"Unten finden Sie eine Liste von Aussagen. Geben Sie bitte für jede der folgenden Aussagen an, wie oft sie generell im täglichen Leben auf Sie zutrifft. Kreisen Sie in jeder Reihe eine Zahl ein.","MAIA-2 © 2018 University of California, San Francisco. Nutzung gemäß den Bedingungen auf Seite 2 des offiziellen deutschen Fragebogens: https://osher.ucsf.edu/sites/osher.ucsf.edu/files/inline-files/MAIA-2_German.pdf. Zitation: Mehling WE et al. (2018), PLoS ONE 13(12): e0208034, https://doi.org/10.1371/journal.pone.0208034. Übersetzung von MAIA-2 in Kooperation mit Wolf E. Mehling (basierend auf der dt. Erstversion von Boris Bornemann, Max-Planck-Institut, Leipzig, Dezember 2012): Michael Eggart. Referenzierte Spezifikation AffectTracker2D - Specifications.docx, SHA-256 7402c80c6da71d4a11543676acdf0a7640cdb842d55afc10dde6ad3d4978fdbe.",f33,"Wenn ich aufgebracht bin, nehme ich mir Zeit herauszufinden, wie mein Körper sich anfühlt.",true,Auf-den-Leib-Hören,o5,Immer,5
questionnaire-csv-v1,maia-2-de,2 (2018),"Multidimensional Assessment of Interoceptive Awareness, Version 2 (MAIA-2)",de,"Unten finden Sie eine Liste von Aussagen. Geben Sie bitte für jede der folgenden Aussagen an, wie oft sie generell im täglichen Leben auf Sie zutrifft. Kreisen Sie in jeder Reihe eine Zahl ein.","MAIA-2 © 2018 University of California, San Francisco. Nutzung gemäß den Bedingungen auf Seite 2 des offiziellen deutschen Fragebogens: https://osher.ucsf.edu/sites/osher.ucsf.edu/files/inline-files/MAIA-2_German.pdf. Zitation: Mehling WE et al. (2018), PLoS ONE 13(12): e0208034, https://doi.org/10.1371/journal.pone.0208034. Übersetzung von MAIA-2 in Kooperation mit Wolf E. Mehling (basierend auf der dt. Erstversion von Boris Bornemann, Max-Planck-Institut, Leipzig, Dezember 2012): Michael Eggart. Referenzierte Spezifikation AffectTracker2D - Specifications.docx, SHA-256 7402c80c6da71d4a11543676acdf0a7640cdb842d55afc10dde6ad3d4978fdbe.",f34,"Ich höre auf meinen Körper, um zu erkennen, was zu tun ist.",true,Auf-den-Leib-Hören,o0,Nie,0
questionnaire-csv-v1,maia-2-de,2 (2018),"Multidimensional Assessment of Interoceptive Awareness, Version 2 (MAIA-2)",de,"Unten finden Sie eine Liste von Aussagen. Geben Sie bitte für jede der folgenden Aussagen an, wie oft sie generell im täglichen Leben auf Sie zutrifft. Kreisen Sie in jeder Reihe eine Zahl ein.","MAIA-2 © 2018 University of California, San Francisco. Nutzung gemäß den Bedingungen auf Seite 2 des offiziellen deutschen Fragebogens: https://osher.ucsf.edu/sites/osher.ucsf.edu/files/inline-files/MAIA-2_German.pdf. Zitation: Mehling WE et al. (2018), PLoS ONE 13(12): e0208034, https://doi.org/10.1371/journal.pone.0208034. Übersetzung von MAIA-2 in Kooperation mit Wolf E. Mehling (basierend auf der dt. Erstversion von Boris Bornemann, Max-Planck-Institut, Leipzig, Dezember 2012): Michael Eggart. Referenzierte Spezifikation AffectTracker2D - Specifications.docx, SHA-256 7402c80c6da71d4a11543676acdf0a7640cdb842d55afc10dde6ad3d4978fdbe.",f34,"Ich höre auf meinen Körper, um zu erkennen, was zu tun ist.",true,Auf-den-Leib-Hören,o1,1,1
questionnaire-csv-v1,maia-2-de,2 (2018),"Multidimensional Assessment of Interoceptive Awareness, Version 2 (MAIA-2)",de,"Unten finden Sie eine Liste von Aussagen. Geben Sie bitte für jede der folgenden Aussagen an, wie oft sie generell im täglichen Leben auf Sie zutrifft. Kreisen Sie in jeder Reihe eine Zahl ein.","MAIA-2 © 2018 University of California, San Francisco. Nutzung gemäß den Bedingungen auf Seite 2 des offiziellen deutschen Fragebogens: https://osher.ucsf.edu/sites/osher.ucsf.edu/files/inline-files/MAIA-2_German.pdf. Zitation: Mehling WE et al. (2018), PLoS ONE 13(12): e0208034, https://doi.org/10.1371/journal.pone.0208034. Übersetzung von MAIA-2 in Kooperation mit Wolf E. Mehling (basierend auf der dt. Erstversion von Boris Bornemann, Max-Planck-Institut, Leipzig, Dezember 2012): Michael Eggart. Referenzierte Spezifikation AffectTracker2D - Specifications.docx, SHA-256 7402c80c6da71d4a11543676acdf0a7640cdb842d55afc10dde6ad3d4978fdbe.",f34,"Ich höre auf meinen Körper, um zu erkennen, was zu tun ist.",true,Auf-den-Leib-Hören,o2,2,2
questionnaire-csv-v1,maia-2-de,2 (2018),"Multidimensional Assessment of Interoceptive Awareness, Version 2 (MAIA-2)",de,"Unten finden Sie eine Liste von Aussagen. Geben Sie bitte für jede der folgenden Aussagen an, wie oft sie generell im täglichen Leben auf Sie zutrifft. Kreisen Sie in jeder Reihe eine Zahl ein.","MAIA-2 © 2018 University of California, San Francisco. Nutzung gemäß den Bedingungen auf Seite 2 des offiziellen deutschen Fragebogens: https://osher.ucsf.edu/sites/osher.ucsf.edu/files/inline-files/MAIA-2_German.pdf. Zitation: Mehling WE et al. (2018), PLoS ONE 13(12): e0208034, https://doi.org/10.1371/journal.pone.0208034. Übersetzung von MAIA-2 in Kooperation mit Wolf E. Mehling (basierend auf der dt. Erstversion von Boris Bornemann, Max-Planck-Institut, Leipzig, Dezember 2012): Michael Eggart. Referenzierte Spezifikation AffectTracker2D - Specifications.docx, SHA-256 7402c80c6da71d4a11543676acdf0a7640cdb842d55afc10dde6ad3d4978fdbe.",f34,"Ich höre auf meinen Körper, um zu erkennen, was zu tun ist.",true,Auf-den-Leib-Hören,o3,3,3
questionnaire-csv-v1,maia-2-de,2 (2018),"Multidimensional Assessment of Interoceptive Awareness, Version 2 (MAIA-2)",de,"Unten finden Sie eine Liste von Aussagen. Geben Sie bitte für jede der folgenden Aussagen an, wie oft sie generell im täglichen Leben auf Sie zutrifft. Kreisen Sie in jeder Reihe eine Zahl ein.","MAIA-2 © 2018 University of California, San Francisco. Nutzung gemäß den Bedingungen auf Seite 2 des offiziellen deutschen Fragebogens: https://osher.ucsf.edu/sites/osher.ucsf.edu/files/inline-files/MAIA-2_German.pdf. Zitation: Mehling WE et al. (2018), PLoS ONE 13(12): e0208034, https://doi.org/10.1371/journal.pone.0208034. Übersetzung von MAIA-2 in Kooperation mit Wolf E. Mehling (basierend auf der dt. Erstversion von Boris Bornemann, Max-Planck-Institut, Leipzig, Dezember 2012): Michael Eggart. Referenzierte Spezifikation AffectTracker2D - Specifications.docx, SHA-256 7402c80c6da71d4a11543676acdf0a7640cdb842d55afc10dde6ad3d4978fdbe.",f34,"Ich höre auf meinen Körper, um zu erkennen, was zu tun ist.",true,Auf-den-Leib-Hören,o4,4,4
questionnaire-csv-v1,maia-2-de,2 (2018),"Multidimensional Assessment of Interoceptive Awareness, Version 2 (MAIA-2)",de,"Unten finden Sie eine Liste von Aussagen. Geben Sie bitte für jede der folgenden Aussagen an, wie oft sie generell im täglichen Leben auf Sie zutrifft. Kreisen Sie in jeder Reihe eine Zahl ein.","MAIA-2 © 2018 University of California, San Francisco. Nutzung gemäß den Bedingungen auf Seite 2 des offiziellen deutschen Fragebogens: https://osher.ucsf.edu/sites/osher.ucsf.edu/files/inline-files/MAIA-2_German.pdf. Zitation: Mehling WE et al. (2018), PLoS ONE 13(12): e0208034, https://doi.org/10.1371/journal.pone.0208034. Übersetzung von MAIA-2 in Kooperation mit Wolf E. Mehling (basierend auf der dt. Erstversion von Boris Bornemann, Max-Planck-Institut, Leipzig, Dezember 2012): Michael Eggart. Referenzierte Spezifikation AffectTracker2D - Specifications.docx, SHA-256 7402c80c6da71d4a11543676acdf0a7640cdb842d55afc10dde6ad3d4978fdbe.",f34,"Ich höre auf meinen Körper, um zu erkennen, was zu tun ist.",true,Auf-den-Leib-Hören,o5,Immer,5
questionnaire-csv-v1,maia-2-de,2 (2018),"Multidimensional Assessment of Interoceptive Awareness, Version 2 (MAIA-2)",de,"Unten finden Sie eine Liste von Aussagen. Geben Sie bitte für jede der folgenden Aussagen an, wie oft sie generell im täglichen Leben auf Sie zutrifft. Kreisen Sie in jeder Reihe eine Zahl ein.","MAIA-2 © 2018 University of California, San Francisco. Nutzung gemäß den Bedingungen auf Seite 2 des offiziellen deutschen Fragebogens: https://osher.ucsf.edu/sites/osher.ucsf.edu/files/inline-files/MAIA-2_German.pdf. Zitation: Mehling WE et al. (2018), PLoS ONE 13(12): e0208034, https://doi.org/10.1371/journal.pone.0208034. Übersetzung von MAIA-2 in Kooperation mit Wolf E. Mehling (basierend auf der dt. Erstversion von Boris Bornemann, Max-Planck-Institut, Leipzig, Dezember 2012): Michael Eggart. Referenzierte Spezifikation AffectTracker2D - Specifications.docx, SHA-256 7402c80c6da71d4a11543676acdf0a7640cdb842d55afc10dde6ad3d4978fdbe.",f35,Ich bin in meinem Körper zu Hause.,true,Vertrauen,o0,Nie,0
questionnaire-csv-v1,maia-2-de,2 (2018),"Multidimensional Assessment of Interoceptive Awareness, Version 2 (MAIA-2)",de,"Unten finden Sie eine Liste von Aussagen. Geben Sie bitte für jede der folgenden Aussagen an, wie oft sie generell im täglichen Leben auf Sie zutrifft. Kreisen Sie in jeder Reihe eine Zahl ein.","MAIA-2 © 2018 University of California, San Francisco. Nutzung gemäß den Bedingungen auf Seite 2 des offiziellen deutschen Fragebogens: https://osher.ucsf.edu/sites/osher.ucsf.edu/files/inline-files/MAIA-2_German.pdf. Zitation: Mehling WE et al. (2018), PLoS ONE 13(12): e0208034, https://doi.org/10.1371/journal.pone.0208034. Übersetzung von MAIA-2 in Kooperation mit Wolf E. Mehling (basierend auf der dt. Erstversion von Boris Bornemann, Max-Planck-Institut, Leipzig, Dezember 2012): Michael Eggart. Referenzierte Spezifikation AffectTracker2D - Specifications.docx, SHA-256 7402c80c6da71d4a11543676acdf0a7640cdb842d55afc10dde6ad3d4978fdbe.",f35,Ich bin in meinem Körper zu Hause.,true,Vertrauen,o1,1,1
questionnaire-csv-v1,maia-2-de,2 (2018),"Multidimensional Assessment of Interoceptive Awareness, Version 2 (MAIA-2)",de,"Unten finden Sie eine Liste von Aussagen. Geben Sie bitte für jede der folgenden Aussagen an, wie oft sie generell im täglichen Leben auf Sie zutrifft. Kreisen Sie in jeder Reihe eine Zahl ein.","MAIA-2 © 2018 University of California, San Francisco. Nutzung gemäß den Bedingungen auf Seite 2 des offiziellen deutschen Fragebogens: https://osher.ucsf.edu/sites/osher.ucsf.edu/files/inline-files/MAIA-2_German.pdf. Zitation: Mehling WE et al. (2018), PLoS ONE 13(12): e0208034, https://doi.org/10.1371/journal.pone.0208034. Übersetzung von MAIA-2 in Kooperation mit Wolf E. Mehling (basierend auf der dt. Erstversion von Boris Bornemann, Max-Planck-Institut, Leipzig, Dezember 2012): Michael Eggart. Referenzierte Spezifikation AffectTracker2D - Specifications.docx, SHA-256 7402c80c6da71d4a11543676acdf0a7640cdb842d55afc10dde6ad3d4978fdbe.",f35,Ich bin in meinem Körper zu Hause.,true,Vertrauen,o2,2,2
questionnaire-csv-v1,maia-2-de,2 (2018),"Multidimensional Assessment of Interoceptive Awareness, Version 2 (MAIA-2)",de,"Unten finden Sie eine Liste von Aussagen. Geben Sie bitte für jede der folgenden Aussagen an, wie oft sie generell im täglichen Leben auf Sie zutrifft. Kreisen Sie in jeder Reihe eine Zahl ein.","MAIA-2 © 2018 University of California, San Francisco. Nutzung gemäß den Bedingungen auf Seite 2 des offiziellen deutschen Fragebogens: https://osher.ucsf.edu/sites/osher.ucsf.edu/files/inline-files/MAIA-2_German.pdf. Zitation: Mehling WE et al. (2018), PLoS ONE 13(12): e0208034, https://doi.org/10.1371/journal.pone.0208034. Übersetzung von MAIA-2 in Kooperation mit Wolf E. Mehling (basierend auf der dt. Erstversion von Boris Bornemann, Max-Planck-Institut, Leipzig, Dezember 2012): Michael Eggart. Referenzierte Spezifikation AffectTracker2D - Specifications.docx, SHA-256 7402c80c6da71d4a11543676acdf0a7640cdb842d55afc10dde6ad3d4978fdbe.",f35,Ich bin in meinem Körper zu Hause.,true,Vertrauen,o3,3,3
questionnaire-csv-v1,maia-2-de,2 (2018),"Multidimensional Assessment of Interoceptive Awareness, Version 2 (MAIA-2)",de,"Unten finden Sie eine Liste von Aussagen. Geben Sie bitte für jede der folgenden Aussagen an, wie oft sie generell im täglichen Leben auf Sie zutrifft. Kreisen Sie in jeder Reihe eine Zahl ein.","MAIA-2 © 2018 University of California, San Francisco. Nutzung gemäß den Bedingungen auf Seite 2 des offiziellen deutschen Fragebogens: https://osher.ucsf.edu/sites/osher.ucsf.edu/files/inline-files/MAIA-2_German.pdf. Zitation: Mehling WE et al. (2018), PLoS ONE 13(12): e0208034, https://doi.org/10.1371/journal.pone.0208034. Übersetzung von MAIA-2 in Kooperation mit Wolf E. Mehling (basierend auf der dt. Erstversion von Boris Bornemann, Max-Planck-Institut, Leipzig, Dezember 2012): Michael Eggart. Referenzierte Spezifikation AffectTracker2D - Specifications.docx, SHA-256 7402c80c6da71d4a11543676acdf0a7640cdb842d55afc10dde6ad3d4978fdbe.",f35,Ich bin in meinem Körper zu Hause.,true,Vertrauen,o4,4,4
questionnaire-csv-v1,maia-2-de,2 (2018),"Multidimensional Assessment of Interoceptive Awareness, Version 2 (MAIA-2)",de,"Unten finden Sie eine Liste von Aussagen. Geben Sie bitte für jede der folgenden Aussagen an, wie oft sie generell im täglichen Leben auf Sie zutrifft. Kreisen Sie in jeder Reihe eine Zahl ein.","MAIA-2 © 2018 University of California, San Francisco. Nutzung gemäß den Bedingungen auf Seite 2 des offiziellen deutschen Fragebogens: https://osher.ucsf.edu/sites/osher.ucsf.edu/files/inline-files/MAIA-2_German.pdf. Zitation: Mehling WE et al. (2018), PLoS ONE 13(12): e0208034, https://doi.org/10.1371/journal.pone.0208034. Übersetzung von MAIA-2 in Kooperation mit Wolf E. Mehling (basierend auf der dt. Erstversion von Boris Bornemann, Max-Planck-Institut, Leipzig, Dezember 2012): Michael Eggart. Referenzierte Spezifikation AffectTracker2D - Specifications.docx, SHA-256 7402c80c6da71d4a11543676acdf0a7640cdb842d55afc10dde6ad3d4978fdbe.",f35,Ich bin in meinem Körper zu Hause.,true,Vertrauen,o5,Immer,5
questionnaire-csv-v1,maia-2-de,2 (2018),"Multidimensional Assessment of Interoceptive Awareness, Version 2 (MAIA-2)",de,"Unten finden Sie eine Liste von Aussagen. Geben Sie bitte für jede der folgenden Aussagen an, wie oft sie generell im täglichen Leben auf Sie zutrifft. Kreisen Sie in jeder Reihe eine Zahl ein.","MAIA-2 © 2018 University of California, San Francisco. Nutzung gemäß den Bedingungen auf Seite 2 des offiziellen deutschen Fragebogens: https://osher.ucsf.edu/sites/osher.ucsf.edu/files/inline-files/MAIA-2_German.pdf. Zitation: Mehling WE et al. (2018), PLoS ONE 13(12): e0208034, https://doi.org/10.1371/journal.pone.0208034. Übersetzung von MAIA-2 in Kooperation mit Wolf E. Mehling (basierend auf der dt. Erstversion von Boris Bornemann, Max-Planck-Institut, Leipzig, Dezember 2012): Michael Eggart. Referenzierte Spezifikation AffectTracker2D - Specifications.docx, SHA-256 7402c80c6da71d4a11543676acdf0a7640cdb842d55afc10dde6ad3d4978fdbe.",f36,Ich empfinde meinen Körper als einen sicheren Ort.,true,Vertrauen,o0,Nie,0
questionnaire-csv-v1,maia-2-de,2 (2018),"Multidimensional Assessment of Interoceptive Awareness, Version 2 (MAIA-2)",de,"Unten finden Sie eine Liste von Aussagen. Geben Sie bitte für jede der folgenden Aussagen an, wie oft sie generell im täglichen Leben auf Sie zutrifft. Kreisen Sie in jeder Reihe eine Zahl ein.","MAIA-2 © 2018 University of California, San Francisco. Nutzung gemäß den Bedingungen auf Seite 2 des offiziellen deutschen Fragebogens: https://osher.ucsf.edu/sites/osher.ucsf.edu/files/inline-files/MAIA-2_German.pdf. Zitation: Mehling WE et al. (2018), PLoS ONE 13(12): e0208034, https://doi.org/10.1371/journal.pone.0208034. Übersetzung von MAIA-2 in Kooperation mit Wolf E. Mehling (basierend auf der dt. Erstversion von Boris Bornemann, Max-Planck-Institut, Leipzig, Dezember 2012): Michael Eggart. Referenzierte Spezifikation AffectTracker2D - Specifications.docx, SHA-256 7402c80c6da71d4a11543676acdf0a7640cdb842d55afc10dde6ad3d4978fdbe.",f36,Ich empfinde meinen Körper als einen sicheren Ort.,true,Vertrauen,o1,1,1
questionnaire-csv-v1,maia-2-de,2 (2018),"Multidimensional Assessment of Interoceptive Awareness, Version 2 (MAIA-2)",de,"Unten finden Sie eine Liste von Aussagen. Geben Sie bitte für jede der folgenden Aussagen an, wie oft sie generell im täglichen Leben auf Sie zutrifft. Kreisen Sie in jeder Reihe eine Zahl ein.","MAIA-2 © 2018 University of California, San Francisco. Nutzung gemäß den Bedingungen auf Seite 2 des offiziellen deutschen Fragebogens: https://osher.ucsf.edu/sites/osher.ucsf.edu/files/inline-files/MAIA-2_German.pdf. Zitation: Mehling WE et al. (2018), PLoS ONE 13(12): e0208034, https://doi.org/10.1371/journal.pone.0208034. Übersetzung von MAIA-2 in Kooperation mit Wolf E. Mehling (basierend auf der dt. Erstversion von Boris Bornemann, Max-Planck-Institut, Leipzig, Dezember 2012): Michael Eggart. Referenzierte Spezifikation AffectTracker2D - Specifications.docx, SHA-256 7402c80c6da71d4a11543676acdf0a7640cdb842d55afc10dde6ad3d4978fdbe.",f36,Ich empfinde meinen Körper als einen sicheren Ort.,true,Vertrauen,o2,2,2
questionnaire-csv-v1,maia-2-de,2 (2018),"Multidimensional Assessment of Interoceptive Awareness, Version 2 (MAIA-2)",de,"Unten finden Sie eine Liste von Aussagen. Geben Sie bitte für jede der folgenden Aussagen an, wie oft sie generell im täglichen Leben auf Sie zutrifft. Kreisen Sie in jeder Reihe eine Zahl ein.","MAIA-2 © 2018 University of California, San Francisco. Nutzung gemäß den Bedingungen auf Seite 2 des offiziellen deutschen Fragebogens: https://osher.ucsf.edu/sites/osher.ucsf.edu/files/inline-files/MAIA-2_German.pdf. Zitation: Mehling WE et al. (2018), PLoS ONE 13(12): e0208034, https://doi.org/10.1371/journal.pone.0208034. Übersetzung von MAIA-2 in Kooperation mit Wolf E. Mehling (basierend auf der dt. Erstversion von Boris Bornemann, Max-Planck-Institut, Leipzig, Dezember 2012): Michael Eggart. Referenzierte Spezifikation AffectTracker2D - Specifications.docx, SHA-256 7402c80c6da71d4a11543676acdf0a7640cdb842d55afc10dde6ad3d4978fdbe.",f36,Ich empfinde meinen Körper als einen sicheren Ort.,true,Vertrauen,o3,3,3
questionnaire-csv-v1,maia-2-de,2 (2018),"Multidimensional Assessment of Interoceptive Awareness, Version 2 (MAIA-2)",de,"Unten finden Sie eine Liste von Aussagen. Geben Sie bitte für jede der folgenden Aussagen an, wie oft sie generell im täglichen Leben auf Sie zutrifft. Kreisen Sie in jeder Reihe eine Zahl ein.","MAIA-2 © 2018 University of California, San Francisco. Nutzung gemäß den Bedingungen auf Seite 2 des offiziellen deutschen Fragebogens: https://osher.ucsf.edu/sites/osher.ucsf.edu/files/inline-files/MAIA-2_German.pdf. Zitation: Mehling WE et al. (2018), PLoS ONE 13(12): e0208034, https://doi.org/10.1371/journal.pone.0208034. Übersetzung von MAIA-2 in Kooperation mit Wolf E. Mehling (basierend auf der dt. Erstversion von Boris Bornemann, Max-Planck-Institut, Leipzig, Dezember 2012): Michael Eggart. Referenzierte Spezifikation AffectTracker2D - Specifications.docx, SHA-256 7402c80c6da71d4a11543676acdf0a7640cdb842d55afc10dde6ad3d4978fdbe.",f36,Ich empfinde meinen Körper als einen sicheren Ort.,true,Vertrauen,o4,4,4
questionnaire-csv-v1,maia-2-de,2 (2018),"Multidimensional Assessment of Interoceptive Awareness, Version 2 (MAIA-2)",de,"Unten finden Sie eine Liste von Aussagen. Geben Sie bitte für jede der folgenden Aussagen an, wie oft sie generell im täglichen Leben auf Sie zutrifft. Kreisen Sie in jeder Reihe eine Zahl ein.","MAIA-2 © 2018 University of California, San Francisco. Nutzung gemäß den Bedingungen auf Seite 2 des offiziellen deutschen Fragebogens: https://osher.ucsf.edu/sites/osher.ucsf.edu/files/inline-files/MAIA-2_German.pdf. Zitation: Mehling WE et al. (2018), PLoS ONE 13(12): e0208034, https://doi.org/10.1371/journal.pone.0208034. Übersetzung von MAIA-2 in Kooperation mit Wolf E. Mehling (basierend auf der dt. Erstversion von Boris Bornemann, Max-Planck-Institut, Leipzig, Dezember 2012): Michael Eggart. Referenzierte Spezifikation AffectTracker2D - Specifications.docx, SHA-256 7402c80c6da71d4a11543676acdf0a7640cdb842d55afc10dde6ad3d4978fdbe.",f36,Ich empfinde meinen Körper als einen sicheren Ort.,true,Vertrauen,o5,Immer,5
questionnaire-csv-v1,maia-2-de,2 (2018),"Multidimensional Assessment of Interoceptive Awareness, Version 2 (MAIA-2)",de,"Unten finden Sie eine Liste von Aussagen. Geben Sie bitte für jede der folgenden Aussagen an, wie oft sie generell im täglichen Leben auf Sie zutrifft. Kreisen Sie in jeder Reihe eine Zahl ein.","MAIA-2 © 2018 University of California, San Francisco. Nutzung gemäß den Bedingungen auf Seite 2 des offiziellen deutschen Fragebogens: https://osher.ucsf.edu/sites/osher.ucsf.edu/files/inline-files/MAIA-2_German.pdf. Zitation: Mehling WE et al. (2018), PLoS ONE 13(12): e0208034, https://doi.org/10.1371/journal.pone.0208034. Übersetzung von MAIA-2 in Kooperation mit Wolf E. Mehling (basierend auf der dt. Erstversion von Boris Bornemann, Max-Planck-Institut, Leipzig, Dezember 2012): Michael Eggart. Referenzierte Spezifikation AffectTracker2D - Specifications.docx, SHA-256 7402c80c6da71d4a11543676acdf0a7640cdb842d55afc10dde6ad3d4978fdbe.",f37,Ich vertraue meinen Körperempfindungen.,true,Vertrauen,o0,Nie,0
questionnaire-csv-v1,maia-2-de,2 (2018),"Multidimensional Assessment of Interoceptive Awareness, Version 2 (MAIA-2)",de,"Unten finden Sie eine Liste von Aussagen. Geben Sie bitte für jede der folgenden Aussagen an, wie oft sie generell im täglichen Leben auf Sie zutrifft. Kreisen Sie in jeder Reihe eine Zahl ein.","MAIA-2 © 2018 University of California, San Francisco. Nutzung gemäß den Bedingungen auf Seite 2 des offiziellen deutschen Fragebogens: https://osher.ucsf.edu/sites/osher.ucsf.edu/files/inline-files/MAIA-2_German.pdf. Zitation: Mehling WE et al. (2018), PLoS ONE 13(12): e0208034, https://doi.org/10.1371/journal.pone.0208034. Übersetzung von MAIA-2 in Kooperation mit Wolf E. Mehling (basierend auf der dt. Erstversion von Boris Bornemann, Max-Planck-Institut, Leipzig, Dezember 2012): Michael Eggart. Referenzierte Spezifikation AffectTracker2D - Specifications.docx, SHA-256 7402c80c6da71d4a11543676acdf0a7640cdb842d55afc10dde6ad3d4978fdbe.",f37,Ich vertraue meinen Körperempfindungen.,true,Vertrauen,o1,1,1
questionnaire-csv-v1,maia-2-de,2 (2018),"Multidimensional Assessment of Interoceptive Awareness, Version 2 (MAIA-2)",de,"Unten finden Sie eine Liste von Aussagen. Geben Sie bitte für jede der folgenden Aussagen an, wie oft sie generell im täglichen Leben auf Sie zutrifft. Kreisen Sie in jeder Reihe eine Zahl ein.","MAIA-2 © 2018 University of California, San Francisco. Nutzung gemäß den Bedingungen auf Seite 2 des offiziellen deutschen Fragebogens: https://osher.ucsf.edu/sites/osher.ucsf.edu/files/inline-files/MAIA-2_German.pdf. Zitation: Mehling WE et al. (2018), PLoS ONE 13(12): e0208034, https://doi.org/10.1371/journal.pone.0208034. Übersetzung von MAIA-2 in Kooperation mit Wolf E. Mehling (basierend auf der dt. Erstversion von Boris Bornemann, Max-Planck-Institut, Leipzig, Dezember 2012): Michael Eggart. Referenzierte Spezifikation AffectTracker2D - Specifications.docx, SHA-256 7402c80c6da71d4a11543676acdf0a7640cdb842d55afc10dde6ad3d4978fdbe.",f37,Ich vertraue meinen Körperempfindungen.,true,Vertrauen,o2,2,2
questionnaire-csv-v1,maia-2-de,2 (2018),"Multidimensional Assessment of Interoceptive Awareness, Version 2 (MAIA-2)",de,"Unten finden Sie eine Liste von Aussagen. Geben Sie bitte für jede der folgenden Aussagen an, wie oft sie generell im täglichen Leben auf Sie zutrifft. Kreisen Sie in jeder Reihe eine Zahl ein.","MAIA-2 © 2018 University of California, San Francisco. Nutzung gemäß den Bedingungen auf Seite 2 des offiziellen deutschen Fragebogens: https://osher.ucsf.edu/sites/osher.ucsf.edu/files/inline-files/MAIA-2_German.pdf. Zitation: Mehling WE et al. (2018), PLoS ONE 13(12): e0208034, https://doi.org/10.1371/journal.pone.0208034. Übersetzung von MAIA-2 in Kooperation mit Wolf E. Mehling (basierend auf der dt. Erstversion von Boris Bornemann, Max-Planck-Institut, Leipzig, Dezember 2012): Michael Eggart. Referenzierte Spezifikation AffectTracker2D - Specifications.docx, SHA-256 7402c80c6da71d4a11543676acdf0a7640cdb842d55afc10dde6ad3d4978fdbe.",f37,Ich vertraue meinen Körperempfindungen.,true,Vertrauen,o3,3,3
questionnaire-csv-v1,maia-2-de,2 (2018),"Multidimensional Assessment of Interoceptive Awareness, Version 2 (MAIA-2)",de,"Unten finden Sie eine Liste von Aussagen. Geben Sie bitte für jede der folgenden Aussagen an, wie oft sie generell im täglichen Leben auf Sie zutrifft. Kreisen Sie in jeder Reihe eine Zahl ein.","MAIA-2 © 2018 University of California, San Francisco. Nutzung gemäß den Bedingungen auf Seite 2 des offiziellen deutschen Fragebogens: https://osher.ucsf.edu/sites/osher.ucsf.edu/files/inline-files/MAIA-2_German.pdf. Zitation: Mehling WE et al. (2018), PLoS ONE 13(12): e0208034, https://doi.org/10.1371/journal.pone.0208034. Übersetzung von MAIA-2 in Kooperation mit Wolf E. Mehling (basierend auf der dt. Erstversion von Boris Bornemann, Max-Planck-Institut, Leipzig, Dezember 2012): Michael Eggart. Referenzierte Spezifikation AffectTracker2D - Specifications.docx, SHA-256 7402c80c6da71d4a11543676acdf0a7640cdb842d55afc10dde6ad3d4978fdbe.",f37,Ich vertraue meinen Körperempfindungen.,true,Vertrauen,o4,4,4
questionnaire-csv-v1,maia-2-de,2 (2018),"Multidimensional Assessment of Interoceptive Awareness, Version 2 (MAIA-2)",de,"Unten finden Sie eine Liste von Aussagen. Geben Sie bitte für jede der folgenden Aussagen an, wie oft sie generell im täglichen Leben auf Sie zutrifft. Kreisen Sie in jeder Reihe eine Zahl ein.","MAIA-2 © 2018 University of California, San Francisco. Nutzung gemäß den Bedingungen auf Seite 2 des offiziellen deutschen Fragebogens: https://osher.ucsf.edu/sites/osher.ucsf.edu/files/inline-files/MAIA-2_German.pdf. Zitation: Mehling WE et al. (2018), PLoS ONE 13(12): e0208034, https://doi.org/10.1371/journal.pone.0208034. Übersetzung von MAIA-2 in Kooperation mit Wolf E. Mehling (basierend auf der dt. Erstversion von Boris Bornemann, Max-Planck-Institut, Leipzig, Dezember 2012): Michael Eggart. Referenzierte Spezifikation AffectTracker2D - Specifications.docx, SHA-256 7402c80c6da71d4a11543676acdf0a7640cdb842d55afc10dde6ad3d4978fdbe.",f37,Ich vertraue meinen Körperempfindungen.,true,Vertrauen,o5,Immer,5
